-- MariaDB dump 10.19  Distrib 10.4.32-MariaDB, for Win64 (AMD64)
--
-- Host: localhost    Database: inventariomotoracer
-- ------------------------------------------------------
-- Server version	10.4.32-MariaDB

/*!40101 SET @OLD_CHARACTER_SET_CLIENT=@@CHARACTER_SET_CLIENT */;
/*!40101 SET @OLD_CHARACTER_SET_RESULTS=@@CHARACTER_SET_RESULTS */;
/*!40101 SET @OLD_COLLATION_CONNECTION=@@COLLATION_CONNECTION */;
/*!40101 SET NAMES utf8mb4 */;
/*!40103 SET @OLD_TIME_ZONE=@@TIME_ZONE */;
/*!40103 SET TIME_ZONE='+00:00' */;
/*!40014 SET @OLD_UNIQUE_CHECKS=@@UNIQUE_CHECKS, UNIQUE_CHECKS=0 */;
/*!40014 SET @OLD_FOREIGN_KEY_CHECKS=@@FOREIGN_KEY_CHECKS, FOREIGN_KEY_CHECKS=0 */;
/*!40101 SET @OLD_SQL_MODE=@@SQL_MODE, SQL_MODE='NO_AUTO_VALUE_ON_ZERO' */;
/*!40111 SET @OLD_SQL_NOTES=@@SQL_NOTES, SQL_NOTES=0 */;

--
-- Table structure for table `accesos`
--

DROP TABLE IF EXISTS `accesos`;
/*!40101 SET @saved_cs_client     = @@character_set_client */;
/*!40101 SET character_set_client = utf8 */;
CREATE TABLE `accesos` (
  `id` int(11) NOT NULL AUTO_INCREMENT,
  `id_usuario` int(20) NOT NULL,
  `seccion` varchar(100) NOT NULL,
  `sub_seccion` varchar(100) DEFAULT NULL,
  `permitido` tinyint(1) NOT NULL DEFAULT 1,
  PRIMARY KEY (`id`),
  KEY `fk_usuario` (`id_usuario`),
  CONSTRAINT `fk_usuario` FOREIGN KEY (`id_usuario`) REFERENCES `usuario` (`identificacion`) ON DELETE CASCADE
) ENGINE=InnoDB AUTO_INCREMENT=2629 DEFAULT CHARSET=utf8mb4 COLLATE=utf8mb4_general_ci;
/*!40101 SET character_set_client = @saved_cs_client */;

--
-- Dumping data for table `accesos`
--

LOCK TABLES `accesos` WRITE;
/*!40000 ALTER TABLE `accesos` DISABLE KEYS */;
INSERT INTO `accesos` VALUES (1,123,'PRODUCTO','Crear Producto',1),(3,123,'PRODUCTO','Categorías',1),(4,123,'PRODUCTO','Ubicación',1),(5,123,'PRODUCTO','Marca',1),(8,123,'PROVEEDOR','Lista Proveedor',1),(9,123,'INVENTARIO','Lista Productos',1),(10,123,'FACTURA','Ventas',1),(11,123,'FACTURA','Reportes',1),(12,123,'USUARIO','Información',1),(13,123,'CONFIGURACIÓN','Stock',1),(14,123,'CONFIGURACIÓN','Gestión de Usuarios',1),(15,123,'CONFIGURACIÓN','Copia de Seguridad',1),(2284,1608,'PRODUCTO','Crear Producto',0),(2286,1608,'PRODUCTO','Categorías',0),(2287,1608,'PRODUCTO','Ubicación',0),(2288,1608,'PRODUCTO','Marca',0),(2291,1608,'PROVEEDOR','Lista Proveedor',0),(2292,1608,'INVENTARIO','Lista de Productos',0),(2293,1608,'FACTURA','Venta',0),(2294,1608,'FACTURA','Reporte',0),(2295,1608,'FACTURA','Lista Clientes',0),(2296,1608,'FACTURA','Lista de Notificaciones',0),(2297,1608,'USUARIO','Información',1),(2352,222,'PRODUCTO','Crear Producto',0),(2354,222,'PRODUCTO','Categorías',0),(2355,222,'PRODUCTO','Ubicación',0),(2356,222,'PRODUCTO','Marca',0),(2359,222,'PROVEEDOR','Lista Proveedor',0),(2360,222,'INVENTARIO','Lista de Productos',0),(2361,222,'FACTURA','Venta',0),(2362,222,'FACTURA','Reporte',0),(2363,222,'FACTURA','Lista Clientes',0),(2364,222,'FACTURA','Lista de Notificaciones',0),(2365,222,'USUARIO','Información',1),(2578,777,'PRODUCTO','crear producto',1),(2580,777,'PRODUCTO','categorías',1),(2581,777,'PRODUCTO','ubicación',1),(2582,777,'PRODUCTO','marca',1),(2583,777,'PROVEEDOR','lista proveedor',1),(2584,777,'INVENTARIO','lista de productos',0),(2585,777,'FACTURA','venta',1),(2586,777,'FACTURA','reporte',1),(2587,777,'FACTURA','lista clientes',1),(2588,777,'FACTURA','lista de notificaciones',1),(2589,777,'USUARIO','información',1),(2593,1941,'PRODUCTO','crear producto',1),(2595,1941,'PRODUCTO','categorías',1),(2596,1941,'PRODUCTO','ubicación',1),(2597,1941,'PRODUCTO','marca',1),(2598,1941,'PROVEEDOR','lista proveedor',1),(2599,1941,'INVENTARIO','lista de productos',1),(2600,1941,'FACTURA','venta',1),(2601,1941,'FACTURA','reporte',1),(2602,1941,'FACTURA','lista clientes',1),(2603,1941,'FACTURA','lista de notificaciones',1),(2604,1941,'USUARIO','información',1),(2617,555,'PRODUCTO','crear producto',1),(2619,555,'PRODUCTO','categorias',1),(2620,555,'PRODUCTO','ubicacion',1),(2621,555,'PRODUCTO','marca',1),(2622,555,'PROVEEDOR','lista proveedor',1),(2623,555,'INVENTARIO','Lista Productos',1),(2624,555,'FACTURA','ventas',1),(2625,555,'FACTURA','reportes',1),(2626,555,'FACTURA','lista clientes',1),(2627,555,'FACTURA','lista notificaciones',1),(2628,555,'USUARIO','información',1);
/*!40000 ALTER TABLE `accesos` ENABLE KEYS */;
UNLOCK TABLES;

--
-- Table structure for table `categoria`
--

DROP TABLE IF EXISTS `categoria`;
/*!40101 SET @saved_cs_client     = @@character_set_client */;
/*!40101 SET character_set_client = utf8 */;
CREATE TABLE `categoria` (
  `codigo` int(11) NOT NULL,
  `nombre` varchar(45) NOT NULL,
  PRIMARY KEY (`codigo`)
) ENGINE=InnoDB DEFAULT CHARSET=utf8 COLLATE=utf8_general_ci;
/*!40101 SET character_set_client = @saved_cs_client */;

--
-- Dumping data for table `categoria`
--

LOCK TABLES `categoria` WRITE;
/*!40000 ALTER TABLE `categoria` DISABLE KEYS */;
INSERT INTO `categoria` VALUES (1,'Repuestos'),(2,'bateria'),(4,'faros'),(5,'juego de pastillas de freno'),(6,'prueba'),(9,'prueba'),(99,'CARRO'),(100,'hello world'),(123,'AKT'),(200,'adios'),(258,'carro'),(564,'hola'),(879,'xd');
/*!40000 ALTER TABLE `categoria` ENABLE KEYS */;
UNLOCK TABLES;

--
-- Table structure for table `cliente`
--

DROP TABLE IF EXISTS `cliente`;
/*!40101 SET @saved_cs_client     = @@character_set_client */;
/*!40101 SET character_set_client = utf8 */;
CREATE TABLE `cliente` (
  `codigo` int(20) NOT NULL,
  `identificacion` enum('CC','TI','NIT') NOT NULL,
  `nombre` varchar(45) NOT NULL,
  `apellido` varchar(45) DEFAULT NULL,
  `telefono` varchar(13) NOT NULL,
  `correo` varchar(45) NOT NULL,
  PRIMARY KEY (`codigo`) USING BTREE
) ENGINE=InnoDB DEFAULT CHARSET=utf8 COLLATE=utf8_general_ci;
/*!40101 SET character_set_client = @saved_cs_client */;

--
-- Dumping data for table `cliente`
--

LOCK TABLES `cliente` WRITE;
/*!40000 ALTER TABLE `cliente` DISABLE KEYS */;
INSERT INTO `cliente` VALUES (0,'CC','prueba','','',''),(123,'CC','daniel','Leonardo lo','145','danielleonardo@gmail.com'),(147,'NIT','EDWIN','Rodriguez','158','edwincastillo@gmail.com'),(258,'CC','Nicolas','castillo','147','nicolascastillo@gmail.com'),(789,'CC','sandra','rodriguez','98765','sandrarodriguez@gmail.com'),(2222222,'CC','Consumidor','Final','12455','consumidorfinal@final.com'),(1014473365,'CC','maria','rodriguez','3222248664','msriarodriguez@gmail.com');
/*!40000 ALTER TABLE `cliente` ENABLE KEYS */;
UNLOCK TABLES;

--
-- Table structure for table `compra`
--

DROP TABLE IF EXISTS `compra`;
/*!40101 SET @saved_cs_client     = @@character_set_client */;
/*!40101 SET character_set_client = utf8 */;
CREATE TABLE `compra` (
  `codigo` int(11) NOT NULL,
  `Usuario_identificacion` int(11) NOT NULL,
  `Producto_codigo` int(11) NOT NULL,
  `OrdenProveedor_codigo` int(11) NOT NULL,
  PRIMARY KEY (`codigo`),
  UNIQUE KEY `Usuario_identificacion` (`Usuario_identificacion`),
  KEY `fk_Producto_has_OrdenProveedor_OrdenProveedor1_idx` (`OrdenProveedor_codigo`),
  KEY `fk_Producto_has_OrdenProveedor_Producto1_idx` (`Producto_codigo`)
) ENGINE=InnoDB DEFAULT CHARSET=utf8 COLLATE=utf8_general_ci;
/*!40101 SET character_set_client = @saved_cs_client */;

--
-- Dumping data for table `compra`
--

LOCK TABLES `compra` WRITE;
/*!40000 ALTER TABLE `compra` DISABLE KEYS */;
/*!40000 ALTER TABLE `compra` ENABLE KEYS */;
UNLOCK TABLES;

--
-- Table structure for table `configuracion_stock`
--

DROP TABLE IF EXISTS `configuracion_stock`;
/*!40101 SET @saved_cs_client     = @@character_set_client */;
/*!40101 SET character_set_client = utf8 */;
CREATE TABLE `configuracion_stock` (
  `id` int(11) NOT NULL AUTO_INCREMENT,
  `min_quantity` int(11) NOT NULL,
  `alarm_time` time DEFAULT NULL,
  `notification_method` varchar(20) NOT NULL,
  PRIMARY KEY (`id`)
) ENGINE=InnoDB AUTO_INCREMENT=20 DEFAULT CHARSET=utf8mb4 COLLATE=utf8mb4_general_ci;
/*!40101 SET character_set_client = @saved_cs_client */;

--
-- Dumping data for table `configuracion_stock`
--

LOCK TABLES `configuracion_stock` WRITE;
/*!40000 ALTER TABLE `configuracion_stock` DISABLE KEYS */;
INSERT INTO `configuracion_stock` VALUES (1,5,'08:00:00','popup'),(2,60,'09:00:00','both'),(3,60,'13:30:00','both'),(4,60,'07:52:00','both'),(5,30,'03:03:00','both'),(6,30,'03:03:00','both'),(7,30,NULL,'popup'),(8,5,NULL,'popup'),(9,15,NULL,'popup'),(10,15,NULL,'popup'),(11,15,NULL,'popup'),(12,15,NULL,'popup'),(13,20,NULL,'popup'),(14,20,NULL,'popup'),(15,20,NULL,'popup'),(16,12,NULL,'popup'),(17,12,NULL,'popup'),(18,14,NULL,'popup'),(19,14,NULL,'popup');
/*!40000 ALTER TABLE `configuracion_stock` ENABLE KEYS */;
UNLOCK TABLES;

--
-- Table structure for table `factura`
--

DROP TABLE IF EXISTS `factura`;
/*!40101 SET @saved_cs_client     = @@character_set_client */;
/*!40101 SET character_set_client = utf8 */;
CREATE TABLE `factura` (
  `codigo` int(11) NOT NULL AUTO_INCREMENT,
  `fechaGeneracion` datetime NOT NULL,
  `Usuario_identificacion` int(11) NOT NULL,
  `nombreUsuario` varchar(1000) NOT NULL,
  `apellidoUsuario` varchar(100) NOT NULL,
  `Cliente_codigo` int(20) NOT NULL,
  `nombreCliente` varchar(100) NOT NULL,
  `apellidoCliente` varchar(100) NOT NULL,
  `telefonoCliente` int(50) NOT NULL,
  `indentificacionCliente` int(50) NOT NULL,
  `cambio` int(100) NOT NULL,
  `precioTotal` double NOT NULL,
  PRIMARY KEY (`codigo`),
  KEY `fk_Usuario_has_Producto_Usuario1_idx` (`Usuario_identificacion`),
  KEY `fk_Factura_Cliente1_idx` (`Cliente_codigo`),
  CONSTRAINT `fk_Factura_Cliente1_idx` FOREIGN KEY (`Cliente_codigo`) REFERENCES `cliente` (`codigo`),
  CONSTRAINT `fk_Usuario_has_Producto_Usuario1` FOREIGN KEY (`Usuario_identificacion`) REFERENCES `usuario` (`identificacion`) ON DELETE NO ACTION ON UPDATE NO ACTION
) ENGINE=InnoDB AUTO_INCREMENT=186 DEFAULT CHARSET=utf8 COLLATE=utf8_general_ci;
/*!40101 SET character_set_client = @saved_cs_client */;

--
-- Dumping data for table `factura`
--

LOCK TABLES `factura` WRITE;
/*!40000 ALTER TABLE `factura` DISABLE KEYS */;
INSERT INTO `factura` VALUES (17,'2025-03-18 14:06:28',123,'','',2222222,'','',0,0,0,7527),(18,'2025-03-18 14:07:02',123,'','',2222222,'','',0,0,0,7527),(19,'2025-03-18 14:07:21',123,'','',2222222,'','',0,0,0,7527),(20,'2025-03-18 19:12:27',123,'','',2222222,'','',0,0,0,7527),(21,'2025-03-18 19:16:12',123,'','',2222222,'','',0,0,0,7527),(22,'2025-03-18 19:16:30',123,'','',2222222,'','',0,0,0,7527),(23,'2025-03-18 19:19:44',123,'','',2222222,'','',0,0,0,7527),(24,'2025-03-18 19:23:18',123,'','',2222222,'','',0,0,0,7527),(25,'2025-03-18 19:23:44',123,'','',2222222,'','',0,0,0,7527),(26,'2025-03-18 19:36:26',123,'','',2222222,'','',0,0,0,7527),(27,'2025-03-18 19:46:13',123,'','',0,'','',0,0,0,7527),(28,'2025-03-18 20:01:52',123,'','',2222222,'','',0,0,0,7527),(29,'2025-03-18 20:49:39',123,'','',2222222,'','',0,0,0,7527),(30,'2025-03-18 20:54:30',123,'','',2222222,'','',0,0,0,54949),(31,'2025-03-18 20:58:44',123,'','',2222222,'','',0,0,0,54949),(32,'2025-03-18 21:01:07',123,'','',2222222,'','',0,0,0,54949),(33,'2025-03-18 21:09:42',123,'','',2222222,'','',0,0,0,7527),(34,'2025-03-19 06:12:13',123,'','',2222222,'','',0,0,0,15054),(35,'2025-03-19 06:13:50',123,'','',2222222,'','',0,0,0,15054),(36,'2025-03-19 07:21:27',123,'','',2222222,'','',0,0,0,15054),(37,'2025-03-19 07:26:08',123,'','',2222222,'','',0,0,0,22581),(38,'2025-03-19 07:39:29',123,'','',2222222,'','',0,0,0,15054),(39,'2025-03-19 07:58:53',123,'','',2222222,'','',0,0,0,15054),(40,'2025-03-19 08:00:35',123,'','',2222222,'','',0,0,0,15054),(42,'2025-03-19 09:07:49',123,'','',2222222,'','',0,0,0,65254),(43,'2025-03-19 09:11:48',123,'','',2222222,'','',0,0,0,109898),(44,'2025-03-19 09:30:29',123,'','',2222222,'','',0,0,0,1561),(45,'2025-03-19 09:31:14',123,'','',2222222,'','',0,0,0,1561),(46,'2025-03-19 10:34:22',123,'','',2222222,'','',0,0,0,22581),(47,'2025-03-19 10:44:39',123,'','',2222222,'','',0,0,0,15054),(48,'2025-03-19 10:46:14',123,'','',789,'','',0,0,0,8046),(49,'2025-03-19 10:57:39',123,'','',2222222,'','',0,0,0,22581),(50,'2025-03-19 11:02:49',123,'','',2222222,'','',0,0,0,650000),(51,'2025-03-19 11:06:36',123,'','',2222222,'','',0,0,0,30108),(52,'2025-03-19 11:12:35',123,'','',2222222,'','',0,0,0,2682),(53,'2025-03-20 09:54:21',123,'','',2222222,'','',0,0,0,115212),(54,'2025-03-21 09:51:24',123,'','',2222222,'','',0,0,0,1561),(55,'2025-03-26 08:17:45',123,'','',2222222,'','',0,0,0,321321),(56,'2025-03-26 08:17:58',123,'','',2222222,'','',0,0,0,321321),(57,'2025-03-26 08:18:26',123,'','',2222222,'','',0,0,0,321321),(58,'2025-03-26 09:16:58',123,'','',2222222,'','',0,0,0,321321),(59,'2025-03-26 09:26:30',123,'','',2222222,'','',0,0,0,321321),(60,'2025-03-26 18:40:28',123,'','',2222222,'','',0,0,0,321321),(61,'2025-03-26 18:48:14',123,'','',2222222,'','',0,0,0,321321),(62,'2025-03-26 18:59:01',123,'','',2222222,'','',0,0,0,321321),(63,'2025-03-26 19:08:20',123,'','',2222222,'','',0,0,0,321321),(64,'2025-03-27 09:02:34',123,'','',123,'','',0,0,0,185200),(65,'2025-03-28 09:10:47',123,'','',2222222,'','',0,0,0,321321),(66,'2025-03-28 09:12:02',123,'','',2222222,'','',0,0,0,321321),(67,'2025-03-28 09:30:16',123,'','',2222222,'','',0,0,0,321321),(68,'2025-03-28 10:44:57',123,'','',2222222,'','',0,0,0,321321),(69,'2025-03-28 10:46:19',123,'','',2222222,'','',0,0,0,321321),(70,'2025-04-07 13:57:17',123,'','',0,'','',0,0,0,2223),(71,'2025-04-11 09:28:32',123,'','',789,'','',0,0,0,14708),(72,'2025-04-21 11:37:26',123,'','',0,'','',0,0,0,6516),(73,'2025-04-23 11:34:17',123,'','',123,'','',0,0,0,24575),(74,'2025-04-23 11:34:19',123,'','',123,'','',0,0,0,24575),(75,'2025-04-23 11:34:20',123,'','',123,'','',0,0,0,24575),(76,'2025-04-23 11:34:21',123,'','',123,'','',0,0,0,24575),(77,'2025-04-23 11:34:21',123,'','',123,'','',0,0,0,24575),(78,'2025-04-23 11:34:21',123,'','',123,'','',0,0,0,24575),(79,'2025-04-23 11:34:21',123,'','',123,'','',0,0,0,24575),(80,'2025-04-23 11:34:22',123,'','',123,'','',0,0,0,24575),(81,'2025-04-23 11:34:24',123,'','',123,'','',0,0,0,24575),(82,'2025-04-23 11:34:24',123,'','',123,'','',0,0,0,24575),(83,'2025-04-23 11:34:24',123,'','',123,'','',0,0,0,24575),(84,'2025-04-23 11:34:24',123,'','',123,'','',0,0,0,24575),(85,'2025-04-23 11:34:24',123,'','',123,'','',0,0,0,24575),(86,'2025-04-23 11:34:25',123,'','',123,'','',0,0,0,24575),(87,'2025-04-23 11:34:25',123,'','',123,'','',0,0,0,24575),(88,'2025-04-23 11:34:25',123,'','',123,'','',0,0,0,24575),(89,'2025-04-23 11:34:25',123,'','',123,'','',0,0,0,24575),(90,'2025-04-23 11:34:25',123,'','',123,'','',0,0,0,24575),(91,'2025-04-23 11:34:26',123,'','',123,'','',0,0,0,24575),(92,'2025-04-23 11:34:47',123,'','',123,'','',0,0,0,652682),(93,'2025-04-23 11:34:50',123,'','',123,'','',0,0,0,652682),(94,'2025-04-23 11:34:52',123,'','',123,'','',0,0,0,652682),(95,'2025-04-23 11:34:53',123,'','',123,'','',0,0,0,652682),(96,'2025-04-23 11:34:53',123,'','',123,'','',0,0,0,652682),(97,'2025-04-23 11:38:08',123,'','',123,'','',0,0,0,24575),(98,'2025-04-23 11:38:08',123,'','',123,'','',0,0,0,24575),(99,'2025-04-23 11:38:08',123,'','',123,'','',0,0,0,24575),(100,'2025-04-23 11:38:08',123,'','',123,'','',0,0,0,24575),(101,'2025-04-23 11:38:09',123,'','',123,'','',0,0,0,24575),(102,'2025-04-23 11:38:09',123,'','',123,'','',0,0,0,24575),(103,'2025-04-23 11:38:09',123,'','',123,'','',0,0,0,24575),(104,'2025-04-23 11:38:09',123,'','',123,'','',0,0,0,24575),(105,'2025-04-23 11:38:12',123,'','',123,'','',0,0,0,24575),(106,'2025-04-23 11:38:12',123,'','',123,'','',0,0,0,24575),(107,'2025-04-23 11:38:36',123,'','',258,'','',0,0,0,650000),(108,'2025-04-23 11:38:37',123,'','',258,'','',0,0,0,650000),(109,'2025-04-23 11:38:37',123,'','',258,'','',0,0,0,650000),(110,'2025-04-23 11:38:37',123,'','',258,'','',0,0,0,650000),(111,'2025-04-23 11:38:37',123,'','',258,'','',0,0,0,650000),(112,'2025-04-23 11:38:38',123,'','',258,'','',0,0,0,650000),(113,'2025-04-23 11:38:38',123,'','',258,'','',0,0,0,650000),(114,'2025-04-23 11:38:38',123,'','',258,'','',0,0,0,650000),(115,'2025-04-23 11:38:38',123,'','',258,'','',0,0,0,650000),(116,'2025-04-23 11:38:38',123,'','',258,'','',0,0,0,650000),(117,'2025-04-23 11:38:39',123,'','',258,'','',0,0,0,650000),(118,'2025-04-23 11:38:39',123,'','',258,'','',0,0,0,650000),(119,'2025-04-23 11:41:14',123,'','',147,'','',0,0,0,109898),(120,'2025-04-23 11:41:15',123,'','',147,'','',0,0,0,109898),(121,'2025-04-23 11:41:16',123,'','',147,'','',0,0,0,109898),(122,'2025-04-23 11:41:16',123,'','',147,'','',0,0,0,109898),(123,'2025-04-23 11:41:16',123,'','',147,'','',0,0,0,109898),(124,'2025-04-23 11:41:16',123,'','',147,'','',0,0,0,109898),(125,'2025-04-23 11:41:16',123,'','',147,'','',0,0,0,109898),(126,'2025-04-23 11:41:16',123,'','',147,'','',0,0,0,109898),(127,'2025-04-23 11:41:17',123,'','',147,'','',0,0,0,109898),(128,'2025-04-23 11:41:17',123,'','',147,'','',0,0,0,109898),(129,'2025-04-23 11:41:17',123,'','',147,'','',0,0,0,109898),(130,'2025-04-23 11:41:17',123,'','',147,'','',0,0,0,109898),(131,'2025-04-23 11:41:18',123,'','',147,'','',0,0,0,109898),(132,'2025-04-23 11:41:18',123,'','',147,'','',0,0,0,109898),(133,'2025-04-23 11:41:18',123,'','',147,'','',0,0,0,109898),(134,'2025-04-23 11:41:18',123,'','',147,'','',0,0,0,109898),(135,'2025-04-23 11:43:36',123,'','',147,'','',0,0,0,13033),(136,'2025-04-23 11:44:36',123,'','',258,'','',0,0,0,6516),(137,'2025-04-23 11:44:36',123,'','',258,'','',0,0,0,6516),(138,'2025-04-23 11:44:36',123,'','',258,'','',0,0,0,6516),(139,'2025-04-23 11:44:36',123,'','',258,'','',0,0,0,6516),(140,'2025-04-23 11:44:37',123,'','',258,'','',0,0,0,6516),(141,'2025-04-23 11:44:37',123,'','',258,'','',0,0,0,6516),(142,'2025-04-23 11:44:38',123,'','',258,'','',0,0,0,6516),(143,'2025-04-23 11:45:08',123,'','',147,'','',0,0,0,2682),(144,'2025-04-24 11:24:36',123,'','',789,'','',0,0,0,876876),(145,'2025-04-24 11:24:49',123,'','',789,'','',0,0,0,876876),(146,'2025-04-24 11:31:44',123,'','',258,'','',0,0,0,876876),(147,'2025-04-29 06:45:18',123,'','',258,'','',0,0,0,38060),(148,'2025-04-29 06:52:31',123,'','',123,'','',0,0,0,650000),(149,'2025-04-29 06:55:12',123,'','',789,'','',0,0,0,2682),(150,'2025-04-29 06:57:07',123,'','',258,'','',0,0,0,7527),(151,'2025-04-29 06:58:34',123,'','',258,'','',0,0,0,7527),(152,'2025-04-29 06:59:47',123,'','',123,'','',0,0,0,7527),(153,'2025-04-29 07:00:30',123,'','',258,'','',0,0,0,7527),(154,'2025-05-05 06:34:54',123,'','',123,'','',0,0,0,876876),(155,'2025-05-08 06:34:24',123,'','',0,'','',0,0,0,876876),(156,'2025-05-08 06:35:13',123,'','',0,'','',0,0,0,876876),(157,'2025-05-08 07:03:40',123,'','',0,'','',0,0,0,5000),(158,'2025-05-09 06:31:58',123,'','',258,'','',0,0,0,5000),(159,'2025-05-09 06:33:20',123,'','',147,'','',0,0,0,5000),(160,'2025-05-09 06:34:02',123,'','',123,'','',0,0,0,50000),(161,'2025-05-15 07:25:01',123,'','',0,'','',0,0,0,120000),(162,'2025-05-15 07:56:20',123,'','',0,'','',0,0,0,1590),(163,'2025-05-19 08:30:23',123,'','',123,'','',0,0,0,54949),(164,'2025-05-23 10:16:14',123,'','',147,'','',0,0,0,6733),(165,'2025-05-27 10:51:21',123,'','',789,'','',0,0,0,3506),(166,'2025-05-28 11:26:22',123,'','',2222222,'','',0,0,0,5000),(167,'2025-05-29 11:03:09',123,'','',123,'','',0,0,0,124000),(168,'2025-05-29 11:42:16',123,'','',789,'','',0,0,0,1240),(169,'2025-05-30 07:55:09',123,'','',258,'','',0,0,0,494984),(170,'2025-05-30 08:19:26',123,'','',123,'','',0,0,0,1270),(171,'2025-05-30 10:03:30',123,'','',0,'','',0,0,0,302949),(172,'2025-05-30 10:04:51',123,'','',1014473365,'','',0,0,0,1240),(173,'2025-06-02 12:22:50',123,'','',147,'','',0,0,0,1270),(174,'2025-06-02 12:35:12',123,'','',123,'','',0,0,0,1270000),(175,'2025-06-02 19:31:59',123,'','',147,'','',0,0,0,3631504),(176,'2025-06-02 20:31:11',123,'','',0,'','',0,0,0,1600000),(177,'2025-06-03 07:42:51',123,'','',123,'','',0,0,0,8191915981),(178,'2025-06-03 08:00:22',123,'','',789,'','',0,0,0,120000),(179,'2025-06-03 11:11:15',123,'','',0,'','',0,0,0,54949),(180,'2025-06-04 08:06:01',123,'','',0,'','',0,0,0,1270000),(181,'2025-06-04 10:33:47',123,'','',0,'','',0,0,0,120000),(182,'2025-06-04 10:34:13',123,'','',2222222,'','',0,0,30000,1270000),(183,'2025-06-05 06:52:24',123,'','',0,'','',0,0,0,120000),(184,'2025-06-05 06:53:06',123,'','',2222222,'','',0,0,0,8191915981),(185,'2025-06-05 08:16:34',123,'','',0,'','',0,0,0,8191915981);
/*!40000 ALTER TABLE `factura` ENABLE KEYS */;
UNLOCK TABLES;

--
-- Table structure for table `factura_metodo_pago`
--

DROP TABLE IF EXISTS `factura_metodo_pago`;
/*!40101 SET @saved_cs_client     = @@character_set_client */;
/*!40101 SET character_set_client = utf8 */;
CREATE TABLE `factura_metodo_pago` (
  `id` int(11) NOT NULL AUTO_INCREMENT,
  `Factura_codigo` int(11) NOT NULL,
  `metodoPago` enum('tarjeta','efectivo','transferencia') NOT NULL,
  `monto` double NOT NULL,
  PRIMARY KEY (`id`),
  KEY `Factura_codigo` (`Factura_codigo`),
  CONSTRAINT `factura_metodo_pago_ibfk_1` FOREIGN KEY (`Factura_codigo`) REFERENCES `factura` (`codigo`)
) ENGINE=InnoDB AUTO_INCREMENT=237 DEFAULT CHARSET=utf8mb4 COLLATE=utf8mb4_general_ci;
/*!40101 SET character_set_client = @saved_cs_client */;

--
-- Dumping data for table `factura_metodo_pago`
--

LOCK TABLES `factura_metodo_pago` WRITE;
/*!40000 ALTER TABLE `factura_metodo_pago` DISABLE KEYS */;
INSERT INTO `factura_metodo_pago` VALUES (29,17,'efectivo',5000),(30,17,'tarjeta',2527),(31,18,'efectivo',5000),(32,18,'tarjeta',2527),(33,19,'efectivo',5000),(34,19,'tarjeta',2527),(35,20,'efectivo',5000),(36,20,'transferencia',2527),(37,21,'efectivo',5000),(38,21,'transferencia',2527),(39,22,'efectivo',5000),(40,22,'transferencia',2527),(41,23,'efectivo',5000),(42,23,'tarjeta',2527),(43,24,'efectivo',7527),(44,25,'efectivo',7527),(45,26,'efectivo',7527),(46,27,'efectivo',5000),(47,27,'transferencia',2527),(48,28,'efectivo',7527),(49,29,'efectivo',7527),(50,30,'efectivo',54949),(51,31,'efectivo',54949),(52,32,'efectivo',54949),(53,33,'efectivo',7527),(54,34,'efectivo',5054),(55,34,'transferencia',10000),(56,35,'efectivo',5054),(57,35,'transferencia',5000),(58,35,'transferencia',5000),(59,36,'efectivo',15054),(60,37,'efectivo',22581),(61,38,'efectivo',15054),(62,39,'efectivo',15054),(63,40,'transferencia',15054),(65,42,'efectivo',65254),(66,43,'efectivo',50000),(67,43,'transferencia',59898),(68,44,'efectivo',1561949),(69,45,'efectivo',1561949),(70,46,'efectivo',22581),(71,47,'efectivo',15054),(72,48,'efectivo',8046),(73,49,'efectivo',22581),(74,50,'transferencia',650000),(75,51,'efectivo',30108),(76,52,'efectivo',2682),(77,53,'efectivo',115212),(78,54,'efectivo',1561949),(79,55,'efectivo',321321),(80,56,'efectivo',321321),(81,57,'efectivo',321321),(82,58,'efectivo',321321),(83,59,'efectivo',321321),(84,60,'efectivo',321321),(85,61,'efectivo',321321),(86,62,'efectivo',321321),(87,63,'efectivo',321321),(88,64,'efectivo',185200),(89,65,'efectivo',321321),(90,66,'efectivo',321321),(91,67,'efectivo',321321),(92,68,'efectivo',321321),(93,69,'efectivo',321321),(94,70,'efectivo',2223123),(95,71,'efectivo',14708487446),(96,72,'efectivo',100000),(97,72,'transferencia',6516471465),(98,73,'efectivo',24575747943),(99,74,'efectivo',24575747943),(100,75,'efectivo',24575747943),(101,76,'efectivo',24575747943),(102,77,'efectivo',24575747943),(103,78,'efectivo',24575747943),(104,79,'efectivo',24575747943),(105,80,'efectivo',24575747943),(106,81,'efectivo',24575747943),(107,82,'efectivo',24575747943),(108,83,'efectivo',24575747943),(109,84,'efectivo',24575747943),(110,85,'efectivo',24575747943),(111,86,'efectivo',24575747943),(112,87,'efectivo',24575747943),(113,88,'efectivo',24575747943),(114,89,'efectivo',24575747943),(115,90,'efectivo',24575747943),(116,91,'efectivo',24575747943),(117,92,'efectivo',30000),(118,92,'tarjeta',622682),(119,93,'efectivo',30000),(120,93,'tarjeta',622682),(121,94,'efectivo',30000),(122,94,'tarjeta',622682),(123,95,'efectivo',30000),(124,95,'tarjeta',622682),(125,96,'efectivo',30000),(126,96,'tarjeta',622682),(127,97,'efectivo',24575747943),(128,98,'efectivo',24575747943),(129,99,'efectivo',24575747943),(130,100,'efectivo',24575747943),(131,101,'efectivo',24575747943),(132,102,'efectivo',24575747943),(133,103,'efectivo',24575747943),(134,104,'efectivo',24575747943),(135,105,'efectivo',24575747943),(136,106,'efectivo',24575747943),(137,107,'efectivo',50000),(138,107,'tarjeta',600000),(139,108,'efectivo',50000),(140,108,'tarjeta',600000),(141,109,'efectivo',50000),(142,109,'tarjeta',600000),(143,110,'efectivo',50000),(144,110,'tarjeta',600000),(145,111,'efectivo',50000),(146,111,'tarjeta',600000),(147,112,'efectivo',50000),(148,112,'tarjeta',600000),(149,113,'efectivo',50000),(150,113,'tarjeta',600000),(151,114,'efectivo',50000),(152,114,'tarjeta',600000),(153,115,'efectivo',50000),(154,115,'tarjeta',600000),(155,116,'efectivo',50000),(156,116,'tarjeta',600000),(157,117,'efectivo',50000),(158,117,'tarjeta',600000),(159,118,'efectivo',50000),(160,118,'tarjeta',600000),(161,119,'efectivo',109898),(162,120,'efectivo',109898),(163,121,'efectivo',109898),(164,122,'efectivo',109898),(165,123,'efectivo',109898),(166,124,'efectivo',109898),(167,125,'efectivo',109898),(168,126,'efectivo',109898),(169,127,'efectivo',109898),(170,128,'efectivo',109898),(171,129,'efectivo',109898),(172,130,'efectivo',109898),(173,131,'efectivo',109898),(174,132,'efectivo',109898),(175,133,'efectivo',109898),(176,134,'efectivo',109898),(177,135,'efectivo',13033033032),(178,136,'efectivo',6516516516),(179,137,'efectivo',6516516516),(180,138,'efectivo',6516516516),(181,139,'efectivo',6516516516),(182,140,'efectivo',6516516516),(183,141,'efectivo',6516516516),(184,142,'efectivo',6516516516),(185,143,'efectivo',2682),(186,144,'efectivo',876876),(187,145,'efectivo',876876),(188,146,'efectivo',876876),(189,147,'efectivo',38060636),(190,148,'efectivo',100000),(191,148,'tarjeta',550000),(192,149,'tarjeta',2682),(193,150,'tarjeta',7527),(194,151,'tarjeta',7527),(195,152,'tarjeta',7527),(196,153,'tarjeta',7527),(197,154,'efectivo',30000),(198,154,'tarjeta',846876),(199,155,'efectivo',100000),(200,155,'tarjeta',776876),(201,156,'efectivo',100000),(202,156,'tarjeta',776876),(203,157,'efectivo',5000000),(204,158,'efectivo',5000000),(205,159,'efectivo',5000000),(206,160,'efectivo',50000),(207,161,'efectivo',100000),(208,161,'tarjeta',20000),(209,162,'efectivo',1590000),(210,163,'efectivo',100000),(211,164,'efectivo',6733333754),(212,165,'efectivo',3506876),(213,166,'efectivo',50000),(214,166,'transferencia',4950000),(215,167,'efectivo',124000),(216,168,'efectivo',1240000),(217,169,'efectivo',494984984),(218,170,'tarjeta',1270000),(219,171,'efectivo',50000),(220,171,'tarjeta',2000),(221,172,'efectivo',1240000),(222,173,'efectivo',1270000),(223,174,'efectivo',1270000),(224,175,'efectivo',100000),(225,175,'tarjeta',40000),(226,176,'efectivo',30000),(227,176,'tarjeta',1503000),(228,176,'transferencia',67000),(229,178,'tarjeta',120000),(230,179,'efectivo',100000),(231,180,'efectivo',2000000),(232,181,'efectivo',120000),(233,182,'efectivo',1300000),(234,183,'efectivo',120000),(235,184,'efectivo',8191915981),(236,185,'efectivo',8191915981);
/*!40000 ALTER TABLE `factura_metodo_pago` ENABLE KEYS */;
UNLOCK TABLES;

--
-- Table structure for table `marca`
--

DROP TABLE IF EXISTS `marca`;
/*!40101 SET @saved_cs_client     = @@character_set_client */;
/*!40101 SET character_set_client = utf8 */;
CREATE TABLE `marca` (
  `codigo` int(11) NOT NULL,
  `nombre` varchar(45) NOT NULL,
  PRIMARY KEY (`codigo`)
) ENGINE=InnoDB DEFAULT CHARSET=utf8 COLLATE=utf8_general_ci;
/*!40101 SET character_set_client = @saved_cs_client */;

--
-- Dumping data for table `marca`
--

LOCK TABLES `marca` WRITE;
/*!40000 ALTER TABLE `marca` DISABLE KEYS */;
INSERT INTO `marca` VALUES (1,'akt'),(2,'yamaha'),(3,'bajaj'),(4,'suzuki'),(5,'honda'),(6,'ninja'),(7,'ninja'),(8,'NKD'),(9,'nose');
/*!40000 ALTER TABLE `marca` ENABLE KEYS */;
UNLOCK TABLES;

--
-- Table structure for table `notificaciones`
--

DROP TABLE IF EXISTS `notificaciones`;
/*!40101 SET @saved_cs_client     = @@character_set_client */;
/*!40101 SET character_set_client = utf8 */;
CREATE TABLE `notificaciones` (
  `id` int(11) NOT NULL AUTO_INCREMENT,
  `mensaje` text NOT NULL,
  `fecha` timestamp NOT NULL DEFAULT current_timestamp(),
  `leida` tinyint(1) DEFAULT 0,
  PRIMARY KEY (`id`)
) ENGINE=InnoDB AUTO_INCREMENT=934 DEFAULT CHARSET=utf8mb4 COLLATE=utf8mb4_general_ci;
/*!40101 SET character_set_client = @saved_cs_client */;

--
-- Dumping data for table `notificaciones`
--

LOCK TABLES `notificaciones` WRITE;
/*!40000 ALTER TABLE `notificaciones` DISABLE KEYS */;
INSERT INTO `notificaciones` VALUES (1,'Producto nose bajo mínimo! Stock actual: 42','2025-03-26 23:59:01',1),(2,'Producto chazis bajo mínimo! Stock actual: 20','2025-03-26 23:59:01',1),(3,'Producto nose bajo mínimo! Stock actual: 41','2025-03-27 00:08:20',1),(4,'Producto chazis bajo mínimo! Stock actual: 20','2025-03-27 00:08:20',1),(5,'Producto nose bajo mínimo! Stock actual: 41','2025-03-27 14:02:34',1),(6,'Producto chazis bajo mínimo! Stock actual: 19','2025-03-27 14:02:34',1),(7,'Producto chaiz bajo mínimo! Stock actual: 49','2025-03-27 14:02:34',1),(8,'Producto nose bajo mínimo! Stock actual: 40','2025-03-28 14:10:47',1),(9,'Producto chazis bajo mínimo! Stock actual: 19','2025-03-28 14:10:47',1),(10,'Producto chaiz bajo mínimo! Stock actual: 49','2025-03-28 14:10:47',1),(11,'Producto nose bajo mínimo! Stock actual: 39','2025-03-28 14:12:02',1),(12,'Producto chazis bajo mínimo! Stock actual: 19','2025-03-28 14:12:02',1),(13,'Producto chaiz bajo mínimo! Stock actual: 49','2025-03-28 14:12:02',1),(14,'Producto nose bajo mínimo! Stock actual: 38','2025-03-28 14:30:16',1),(15,'Producto chazis bajo mínimo! Stock actual: 19','2025-03-28 14:30:16',1),(16,'Producto chaiz bajo mínimo! Stock actual: 49','2025-03-28 14:30:16',1),(17,'Producto nose bajo mínimo! Stock actual: 37','2025-03-28 15:44:57',1),(18,'Producto chazis bajo mínimo! Stock actual: 19','2025-03-28 15:44:57',1),(19,'Producto chaiz bajo mínimo! Stock actual: 49','2025-03-28 15:44:57',1),(20,'Producto nose bajo mínimo! Stock actual: 36','2025-03-28 15:46:19',1),(21,'Producto chazis bajo mínimo! Stock actual: 19','2025-03-28 15:46:19',1),(22,'Producto chaiz bajo mínimo! Stock actual: 49','2025-03-28 15:46:19',1),(23,'Producto fghdhf bajo mínimo! Stock actual: 36','2025-04-07 18:57:17',1),(24,'Producto chazis bajo mínimo! Stock actual: 19','2025-04-07 18:57:17',1),(25,'Producto efhedjh bajo mínimo! Stock actual: 1','2025-04-07 18:57:17',1),(26,'Producto rhefh bajo mínimo! Stock actual: 52','2025-04-07 18:57:17',1),(27,'Producto freno bajo mínimo! Stock actual: 25','2025-04-07 18:57:17',1),(28,'Producto filtro de aceite fz18 200 bajo mínimo! Stock actual: 4','2025-04-07 18:57:17',1),(29,'Producto pin pastilla freno set xt660 bajo mínimo! Stock actual: 5','2025-04-07 18:57:17',1),(30,'Producto foco bajo mínimo! Stock actual: 9','2025-04-07 18:57:17',1),(31,'Producto fhdh bajo mínimo! Stock actual: 19','2025-04-07 18:57:17',1),(32,'Producto kit de arrastre cb 190r honda original bajo mínimo! Stock actual: 6','2025-04-07 18:57:17',1),(33,'Producto dulce bajo mínimo! Stock actual: 7','2025-04-07 18:57:17',0),(34,'Producto sdgdjhfgj bajo mínimo! Stock actual: 45','2025-04-07 18:57:17',0),(35,'Producto rhefh bajo mínimo! Stock actual: 52','2025-04-11 14:28:32',1),(36,'Producto FRENO bajo mínimo! Stock actual: 25','2025-04-11 14:28:32',1),(37,'Producto filtro de aceite fz18 200 bajo mínimo! Stock actual: 4','2025-04-11 14:28:32',1),(38,'Producto pin pastilla freno set xt660 bajo mínimo! Stock actual: 4','2025-04-11 14:28:32',1),(39,'Producto fhdh bajo mínimo! Stock actual: 18','2025-04-11 14:28:32',1),(40,'Producto kit de arrastre cb 190r honda original bajo mínimo! Stock actual: 5','2025-04-11 14:28:32',1),(41,'Producto dulce bajo mínimo! Stock actual: 7','2025-04-11 14:28:32',1),(42,'Producto sdgdjhfgj bajo mínimo! Stock actual: 45','2025-04-11 14:28:32',1),(43,'Producto rhefh bajo mínimo! Stock actual: 52','2025-04-21 16:37:26',1),(44,'Producto FRENO bajo mínimo! Stock actual: 25','2025-04-21 16:37:26',1),(45,'Producto filtro de aceite fz18 200 bajo mínimo! Stock actual: 4','2025-04-21 16:37:26',1),(46,'Producto pin pastilla freno set xt660 bajo mínimo! Stock actual: 4','2025-04-21 16:37:26',1),(47,'Producto fhdh bajo mínimo! Stock actual: 17','2025-04-21 16:37:26',1),(48,'Producto kit de arrastre cb 190r honda original bajo mínimo! Stock actual: 4','2025-04-21 16:37:26',1),(49,'Producto dulce bajo mínimo! Stock actual: 7','2025-04-21 16:37:26',1),(50,'Producto sdgdjhfgj bajo mínimo! Stock actual: 45','2025-04-21 16:37:26',1),(51,'Producto rhefh bajo mínimo! Stock actual: 52','2025-04-23 16:34:17',0),(52,'Producto FRENO bajo mínimo! Stock actual: 25','2025-04-23 16:34:17',0),(53,'Producto filtro de aceite fz18 200 bajo mínimo! Stock actual: 4','2025-04-23 16:34:17',0),(54,'Producto pin pastilla freno set xt660 bajo mínimo! Stock actual: 1','2025-04-23 16:34:17',0),(55,'Producto fhdh bajo mínimo! Stock actual: 17','2025-04-23 16:34:17',0),(56,'Producto kit de arrastre cb 190r honda original bajo mínimo! Stock actual: 4','2025-04-23 16:34:17',0),(57,'Producto dulce bajo mínimo! Stock actual: 7','2025-04-23 16:34:17',0),(58,'Producto sdgdjhfgj bajo mínimo! Stock actual: 45','2025-04-23 16:34:17',0),(59,'Producto rhefh bajo mínimo! Stock actual: 52','2025-04-23 16:34:19',0),(60,'Producto FRENO bajo mínimo! Stock actual: 25','2025-04-23 16:34:19',0),(61,'Producto filtro de aceite fz18 200 bajo mínimo! Stock actual: 4','2025-04-23 16:34:19',0),(62,'Producto pin pastilla freno set xt660 bajo mínimo! Stock actual: -2','2025-04-23 16:34:19',0),(63,'Producto fhdh bajo mínimo! Stock actual: 17','2025-04-23 16:34:19',0),(64,'Producto kit de arrastre cb 190r honda original bajo mínimo! Stock actual: 4','2025-04-23 16:34:19',0),(65,'Producto dulce bajo mínimo! Stock actual: 7','2025-04-23 16:34:19',0),(66,'Producto sdgdjhfgj bajo mínimo! Stock actual: 45','2025-04-23 16:34:19',0),(67,'Producto rhefh bajo mínimo! Stock actual: 52','2025-04-23 16:34:20',0),(68,'Producto FRENO bajo mínimo! Stock actual: 25','2025-04-23 16:34:20',0),(69,'Producto filtro de aceite fz18 200 bajo mínimo! Stock actual: 4','2025-04-23 16:34:20',0),(70,'Producto pin pastilla freno set xt660 bajo mínimo! Stock actual: -5','2025-04-23 16:34:20',0),(71,'Producto fhdh bajo mínimo! Stock actual: 17','2025-04-23 16:34:20',0),(72,'Producto kit de arrastre cb 190r honda original bajo mínimo! Stock actual: 4','2025-04-23 16:34:20',0),(73,'Producto dulce bajo mínimo! Stock actual: 7','2025-04-23 16:34:20',0),(74,'Producto sdgdjhfgj bajo mínimo! Stock actual: 45','2025-04-23 16:34:20',0),(75,'Producto rhefh bajo mínimo! Stock actual: 52','2025-04-23 16:34:21',0),(76,'Producto FRENO bajo mínimo! Stock actual: 25','2025-04-23 16:34:21',0),(77,'Producto filtro de aceite fz18 200 bajo mínimo! Stock actual: 4','2025-04-23 16:34:21',0),(78,'Producto pin pastilla freno set xt660 bajo mínimo! Stock actual: -8','2025-04-23 16:34:21',0),(79,'Producto fhdh bajo mínimo! Stock actual: 17','2025-04-23 16:34:21',0),(80,'Producto kit de arrastre cb 190r honda original bajo mínimo! Stock actual: 4','2025-04-23 16:34:21',0),(81,'Producto dulce bajo mínimo! Stock actual: 7','2025-04-23 16:34:21',0),(82,'Producto sdgdjhfgj bajo mínimo! Stock actual: 45','2025-04-23 16:34:21',0),(83,'Producto rhefh bajo mínimo! Stock actual: 52','2025-04-23 16:34:21',0),(84,'Producto FRENO bajo mínimo! Stock actual: 25','2025-04-23 16:34:21',0),(85,'Producto filtro de aceite fz18 200 bajo mínimo! Stock actual: 4','2025-04-23 16:34:21',0),(86,'Producto pin pastilla freno set xt660 bajo mínimo! Stock actual: -11','2025-04-23 16:34:21',0),(87,'Producto fhdh bajo mínimo! Stock actual: 17','2025-04-23 16:34:21',0),(88,'Producto kit de arrastre cb 190r honda original bajo mínimo! Stock actual: 4','2025-04-23 16:34:21',0),(89,'Producto dulce bajo mínimo! Stock actual: 7','2025-04-23 16:34:21',0),(90,'Producto sdgdjhfgj bajo mínimo! Stock actual: 45','2025-04-23 16:34:21',0),(91,'Producto rhefh bajo mínimo! Stock actual: 52','2025-04-23 16:34:21',0),(92,'Producto FRENO bajo mínimo! Stock actual: 25','2025-04-23 16:34:21',0),(93,'Producto filtro de aceite fz18 200 bajo mínimo! Stock actual: 4','2025-04-23 16:34:21',0),(94,'Producto pin pastilla freno set xt660 bajo mínimo! Stock actual: -14','2025-04-23 16:34:21',0),(95,'Producto fhdh bajo mínimo! Stock actual: 17','2025-04-23 16:34:21',0),(96,'Producto kit de arrastre cb 190r honda original bajo mínimo! Stock actual: 4','2025-04-23 16:34:21',0),(97,'Producto dulce bajo mínimo! Stock actual: 7','2025-04-23 16:34:21',0),(98,'Producto sdgdjhfgj bajo mínimo! Stock actual: 45','2025-04-23 16:34:21',0),(99,'Producto rhefh bajo mínimo! Stock actual: 52','2025-04-23 16:34:21',0),(100,'Producto FRENO bajo mínimo! Stock actual: 25','2025-04-23 16:34:21',0),(101,'Producto filtro de aceite fz18 200 bajo mínimo! Stock actual: 4','2025-04-23 16:34:21',0),(102,'Producto pin pastilla freno set xt660 bajo mínimo! Stock actual: -17','2025-04-23 16:34:21',0),(103,'Producto fhdh bajo mínimo! Stock actual: 17','2025-04-23 16:34:21',0),(104,'Producto kit de arrastre cb 190r honda original bajo mínimo! Stock actual: 4','2025-04-23 16:34:21',0),(105,'Producto dulce bajo mínimo! Stock actual: 7','2025-04-23 16:34:21',0),(106,'Producto sdgdjhfgj bajo mínimo! Stock actual: 45','2025-04-23 16:34:21',0),(107,'Producto rhefh bajo mínimo! Stock actual: 52','2025-04-23 16:34:22',0),(108,'Producto FRENO bajo mínimo! Stock actual: 25','2025-04-23 16:34:22',0),(109,'Producto filtro de aceite fz18 200 bajo mínimo! Stock actual: 4','2025-04-23 16:34:22',0),(110,'Producto pin pastilla freno set xt660 bajo mínimo! Stock actual: -20','2025-04-23 16:34:22',0),(111,'Producto fhdh bajo mínimo! Stock actual: 17','2025-04-23 16:34:22',0),(112,'Producto kit de arrastre cb 190r honda original bajo mínimo! Stock actual: 4','2025-04-23 16:34:22',0),(113,'Producto dulce bajo mínimo! Stock actual: 7','2025-04-23 16:34:22',0),(114,'Producto sdgdjhfgj bajo mínimo! Stock actual: 45','2025-04-23 16:34:22',0),(115,'Producto rhefh bajo mínimo! Stock actual: 52','2025-04-23 16:34:24',0),(116,'Producto FRENO bajo mínimo! Stock actual: 25','2025-04-23 16:34:24',0),(117,'Producto filtro de aceite fz18 200 bajo mínimo! Stock actual: 4','2025-04-23 16:34:24',0),(118,'Producto pin pastilla freno set xt660 bajo mínimo! Stock actual: -23','2025-04-23 16:34:24',0),(119,'Producto fhdh bajo mínimo! Stock actual: 17','2025-04-23 16:34:24',0),(120,'Producto kit de arrastre cb 190r honda original bajo mínimo! Stock actual: 4','2025-04-23 16:34:24',0),(121,'Producto dulce bajo mínimo! Stock actual: 7','2025-04-23 16:34:24',0),(122,'Producto sdgdjhfgj bajo mínimo! Stock actual: 45','2025-04-23 16:34:24',0),(123,'Producto rhefh bajo mínimo! Stock actual: 52','2025-04-23 16:34:24',0),(124,'Producto FRENO bajo mínimo! Stock actual: 25','2025-04-23 16:34:24',0),(125,'Producto filtro de aceite fz18 200 bajo mínimo! Stock actual: 4','2025-04-23 16:34:24',0),(126,'Producto pin pastilla freno set xt660 bajo mínimo! Stock actual: -26','2025-04-23 16:34:24',0),(127,'Producto fhdh bajo mínimo! Stock actual: 17','2025-04-23 16:34:24',0),(128,'Producto kit de arrastre cb 190r honda original bajo mínimo! Stock actual: 4','2025-04-23 16:34:24',0),(129,'Producto dulce bajo mínimo! Stock actual: 7','2025-04-23 16:34:24',0),(130,'Producto sdgdjhfgj bajo mínimo! Stock actual: 45','2025-04-23 16:34:24',0),(131,'Producto rhefh bajo mínimo! Stock actual: 52','2025-04-23 16:34:24',0),(132,'Producto FRENO bajo mínimo! Stock actual: 25','2025-04-23 16:34:24',0),(133,'Producto filtro de aceite fz18 200 bajo mínimo! Stock actual: 4','2025-04-23 16:34:24',0),(134,'Producto pin pastilla freno set xt660 bajo mínimo! Stock actual: -29','2025-04-23 16:34:24',0),(135,'Producto fhdh bajo mínimo! Stock actual: 17','2025-04-23 16:34:24',0),(136,'Producto kit de arrastre cb 190r honda original bajo mínimo! Stock actual: 4','2025-04-23 16:34:24',0),(137,'Producto dulce bajo mínimo! Stock actual: 7','2025-04-23 16:34:24',0),(138,'Producto sdgdjhfgj bajo mínimo! Stock actual: 45','2025-04-23 16:34:24',0),(139,'Producto rhefh bajo mínimo! Stock actual: 52','2025-04-23 16:34:24',0),(140,'Producto FRENO bajo mínimo! Stock actual: 25','2025-04-23 16:34:24',0),(141,'Producto filtro de aceite fz18 200 bajo mínimo! Stock actual: 4','2025-04-23 16:34:24',0),(142,'Producto pin pastilla freno set xt660 bajo mínimo! Stock actual: -32','2025-04-23 16:34:24',0),(143,'Producto fhdh bajo mínimo! Stock actual: 17','2025-04-23 16:34:24',0),(144,'Producto kit de arrastre cb 190r honda original bajo mínimo! Stock actual: 4','2025-04-23 16:34:24',0),(145,'Producto dulce bajo mínimo! Stock actual: 7','2025-04-23 16:34:24',0),(146,'Producto sdgdjhfgj bajo mínimo! Stock actual: 45','2025-04-23 16:34:24',0),(147,'Producto rhefh bajo mínimo! Stock actual: 52','2025-04-23 16:34:24',0),(148,'Producto FRENO bajo mínimo! Stock actual: 25','2025-04-23 16:34:24',0),(149,'Producto filtro de aceite fz18 200 bajo mínimo! Stock actual: 4','2025-04-23 16:34:24',0),(150,'Producto pin pastilla freno set xt660 bajo mínimo! Stock actual: -35','2025-04-23 16:34:24',0),(151,'Producto fhdh bajo mínimo! Stock actual: 17','2025-04-23 16:34:24',0),(152,'Producto kit de arrastre cb 190r honda original bajo mínimo! Stock actual: 4','2025-04-23 16:34:24',0),(153,'Producto dulce bajo mínimo! Stock actual: 7','2025-04-23 16:34:24',0),(154,'Producto sdgdjhfgj bajo mínimo! Stock actual: 45','2025-04-23 16:34:24',0),(155,'Producto rhefh bajo mínimo! Stock actual: 52','2025-04-23 16:34:25',0),(156,'Producto FRENO bajo mínimo! Stock actual: 25','2025-04-23 16:34:25',0),(157,'Producto filtro de aceite fz18 200 bajo mínimo! Stock actual: 4','2025-04-23 16:34:25',0),(158,'Producto pin pastilla freno set xt660 bajo mínimo! Stock actual: -38','2025-04-23 16:34:25',0),(159,'Producto fhdh bajo mínimo! Stock actual: 17','2025-04-23 16:34:25',0),(160,'Producto kit de arrastre cb 190r honda original bajo mínimo! Stock actual: 4','2025-04-23 16:34:25',0),(161,'Producto dulce bajo mínimo! Stock actual: 7','2025-04-23 16:34:25',0),(162,'Producto sdgdjhfgj bajo mínimo! Stock actual: 45','2025-04-23 16:34:25',0),(163,'Producto rhefh bajo mínimo! Stock actual: 52','2025-04-23 16:34:25',0),(164,'Producto FRENO bajo mínimo! Stock actual: 25','2025-04-23 16:34:25',0),(165,'Producto filtro de aceite fz18 200 bajo mínimo! Stock actual: 4','2025-04-23 16:34:25',0),(166,'Producto pin pastilla freno set xt660 bajo mínimo! Stock actual: -41','2025-04-23 16:34:25',0),(167,'Producto fhdh bajo mínimo! Stock actual: 17','2025-04-23 16:34:25',0),(168,'Producto kit de arrastre cb 190r honda original bajo mínimo! Stock actual: 4','2025-04-23 16:34:25',0),(169,'Producto dulce bajo mínimo! Stock actual: 7','2025-04-23 16:34:25',0),(170,'Producto sdgdjhfgj bajo mínimo! Stock actual: 45','2025-04-23 16:34:25',0),(171,'Producto rhefh bajo mínimo! Stock actual: 52','2025-04-23 16:34:25',0),(172,'Producto FRENO bajo mínimo! Stock actual: 25','2025-04-23 16:34:25',0),(173,'Producto filtro de aceite fz18 200 bajo mínimo! Stock actual: 4','2025-04-23 16:34:25',0),(174,'Producto pin pastilla freno set xt660 bajo mínimo! Stock actual: -44','2025-04-23 16:34:25',0),(175,'Producto fhdh bajo mínimo! Stock actual: 17','2025-04-23 16:34:25',0),(176,'Producto kit de arrastre cb 190r honda original bajo mínimo! Stock actual: 4','2025-04-23 16:34:25',0),(177,'Producto dulce bajo mínimo! Stock actual: 7','2025-04-23 16:34:25',0),(178,'Producto sdgdjhfgj bajo mínimo! Stock actual: 45','2025-04-23 16:34:25',0),(179,'Producto rhefh bajo mínimo! Stock actual: 52','2025-04-23 16:34:25',0),(180,'Producto FRENO bajo mínimo! Stock actual: 25','2025-04-23 16:34:25',0),(181,'Producto filtro de aceite fz18 200 bajo mínimo! Stock actual: 4','2025-04-23 16:34:25',0),(182,'Producto pin pastilla freno set xt660 bajo mínimo! Stock actual: -47','2025-04-23 16:34:25',0),(183,'Producto fhdh bajo mínimo! Stock actual: 17','2025-04-23 16:34:25',0),(184,'Producto kit de arrastre cb 190r honda original bajo mínimo! Stock actual: 4','2025-04-23 16:34:25',0),(185,'Producto dulce bajo mínimo! Stock actual: 7','2025-04-23 16:34:25',0),(186,'Producto sdgdjhfgj bajo mínimo! Stock actual: 45','2025-04-23 16:34:25',0),(187,'Producto rhefh bajo mínimo! Stock actual: 52','2025-04-23 16:34:25',0),(188,'Producto FRENO bajo mínimo! Stock actual: 25','2025-04-23 16:34:25',0),(189,'Producto filtro de aceite fz18 200 bajo mínimo! Stock actual: 4','2025-04-23 16:34:25',0),(190,'Producto pin pastilla freno set xt660 bajo mínimo! Stock actual: -50','2025-04-23 16:34:25',0),(191,'Producto fhdh bajo mínimo! Stock actual: 17','2025-04-23 16:34:25',0),(192,'Producto kit de arrastre cb 190r honda original bajo mínimo! Stock actual: 4','2025-04-23 16:34:25',0),(193,'Producto dulce bajo mínimo! Stock actual: 7','2025-04-23 16:34:25',0),(194,'Producto sdgdjhfgj bajo mínimo! Stock actual: 45','2025-04-23 16:34:25',0),(195,'Producto rhefh bajo mínimo! Stock actual: 52','2025-04-23 16:34:26',0),(196,'Producto FRENO bajo mínimo! Stock actual: 25','2025-04-23 16:34:26',0),(197,'Producto filtro de aceite fz18 200 bajo mínimo! Stock actual: 4','2025-04-23 16:34:26',0),(198,'Producto pin pastilla freno set xt660 bajo mínimo! Stock actual: -53','2025-04-23 16:34:26',0),(199,'Producto fhdh bajo mínimo! Stock actual: 17','2025-04-23 16:34:26',0),(200,'Producto kit de arrastre cb 190r honda original bajo mínimo! Stock actual: 4','2025-04-23 16:34:26',0),(201,'Producto dulce bajo mínimo! Stock actual: 7','2025-04-23 16:34:26',0),(202,'Producto sdgdjhfgj bajo mínimo! Stock actual: 45','2025-04-23 16:34:26',0),(203,'Producto rhefh bajo mínimo! Stock actual: 51','2025-04-23 16:34:48',0),(204,'Producto FRENO bajo mínimo! Stock actual: 24','2025-04-23 16:34:48',0),(205,'Producto filtro de aceite fz18 200 bajo mínimo! Stock actual: 4','2025-04-23 16:34:48',0),(206,'Producto pin pastilla freno set xt660 bajo mínimo! Stock actual: -53','2025-04-23 16:34:48',0),(207,'Producto fhdh bajo mínimo! Stock actual: 17','2025-04-23 16:34:48',0),(208,'Producto kit de arrastre cb 190r honda original bajo mínimo! Stock actual: 4','2025-04-23 16:34:48',0),(209,'Producto dulce bajo mínimo! Stock actual: 7','2025-04-23 16:34:48',0),(210,'Producto sdgdjhfgj bajo mínimo! Stock actual: 45','2025-04-23 16:34:48',0),(211,'Producto rhefh bajo mínimo! Stock actual: 50','2025-04-23 16:34:50',0),(212,'Producto FRENO bajo mínimo! Stock actual: 23','2025-04-23 16:34:50',0),(213,'Producto filtro de aceite fz18 200 bajo mínimo! Stock actual: 4','2025-04-23 16:34:50',0),(214,'Producto pin pastilla freno set xt660 bajo mínimo! Stock actual: -53','2025-04-23 16:34:50',0),(215,'Producto fhdh bajo mínimo! Stock actual: 17','2025-04-23 16:34:50',0),(216,'Producto kit de arrastre cb 190r honda original bajo mínimo! Stock actual: 4','2025-04-23 16:34:50',0),(217,'Producto dulce bajo mínimo! Stock actual: 7','2025-04-23 16:34:50',0),(218,'Producto sdgdjhfgj bajo mínimo! Stock actual: 45','2025-04-23 16:34:50',0),(219,'Producto rhefh bajo mínimo! Stock actual: 49','2025-04-23 16:34:52',0),(220,'Producto FRENO bajo mínimo! Stock actual: 22','2025-04-23 16:34:52',0),(221,'Producto filtro de aceite fz18 200 bajo mínimo! Stock actual: 4','2025-04-23 16:34:52',0),(222,'Producto pin pastilla freno set xt660 bajo mínimo! Stock actual: -53','2025-04-23 16:34:52',0),(223,'Producto fhdh bajo mínimo! Stock actual: 17','2025-04-23 16:34:52',0),(224,'Producto kit de arrastre cb 190r honda original bajo mínimo! Stock actual: 4','2025-04-23 16:34:52',0),(225,'Producto dulce bajo mínimo! Stock actual: 7','2025-04-23 16:34:52',0),(226,'Producto sdgdjhfgj bajo mínimo! Stock actual: 45','2025-04-23 16:34:52',0),(227,'Producto rhefh bajo mínimo! Stock actual: 48','2025-04-23 16:34:53',0),(228,'Producto FRENO bajo mínimo! Stock actual: 21','2025-04-23 16:34:53',0),(229,'Producto filtro de aceite fz18 200 bajo mínimo! Stock actual: 4','2025-04-23 16:34:53',0),(230,'Producto pin pastilla freno set xt660 bajo mínimo! Stock actual: -53','2025-04-23 16:34:53',0),(231,'Producto fhdh bajo mínimo! Stock actual: 17','2025-04-23 16:34:53',0),(232,'Producto kit de arrastre cb 190r honda original bajo mínimo! Stock actual: 4','2025-04-23 16:34:53',0),(233,'Producto dulce bajo mínimo! Stock actual: 7','2025-04-23 16:34:53',0),(234,'Producto sdgdjhfgj bajo mínimo! Stock actual: 45','2025-04-23 16:34:53',0),(235,'Producto rhefh bajo mínimo! Stock actual: 47','2025-04-23 16:34:53',0),(236,'Producto FRENO bajo mínimo! Stock actual: 20','2025-04-23 16:34:53',0),(237,'Producto filtro de aceite fz18 200 bajo mínimo! Stock actual: 4','2025-04-23 16:34:53',0),(238,'Producto pin pastilla freno set xt660 bajo mínimo! Stock actual: -53','2025-04-23 16:34:53',0),(239,'Producto fhdh bajo mínimo! Stock actual: 17','2025-04-23 16:34:53',0),(240,'Producto kit de arrastre cb 190r honda original bajo mínimo! Stock actual: 4','2025-04-23 16:34:53',0),(241,'Producto dulce bajo mínimo! Stock actual: 7','2025-04-23 16:34:53',0),(242,'Producto sdgdjhfgj bajo mínimo! Stock actual: 45','2025-04-23 16:34:53',0),(243,'Producto rhefh bajo mínimo! Stock actual: 47','2025-04-23 16:38:08',0),(244,'Producto FRENO bajo mínimo! Stock actual: 20','2025-04-23 16:38:08',0),(245,'Producto filtro de aceite fz18 200 bajo mínimo! Stock actual: 4','2025-04-23 16:38:08',0),(246,'Producto pin pastilla freno set xt660 bajo mínimo! Stock actual: -56','2025-04-23 16:38:08',0),(247,'Producto fhdh bajo mínimo! Stock actual: 17','2025-04-23 16:38:08',0),(248,'Producto kit de arrastre cb 190r honda original bajo mínimo! Stock actual: 4','2025-04-23 16:38:08',0),(249,'Producto dulce bajo mínimo! Stock actual: 7','2025-04-23 16:38:08',0),(250,'Producto sdgdjhfgj bajo mínimo! Stock actual: 45','2025-04-23 16:38:08',0),(251,'Producto rhefh bajo mínimo! Stock actual: 47','2025-04-23 16:38:08',0),(252,'Producto FRENO bajo mínimo! Stock actual: 20','2025-04-23 16:38:08',0),(253,'Producto filtro de aceite fz18 200 bajo mínimo! Stock actual: 4','2025-04-23 16:38:08',0),(254,'Producto pin pastilla freno set xt660 bajo mínimo! Stock actual: -59','2025-04-23 16:38:08',0),(255,'Producto fhdh bajo mínimo! Stock actual: 17','2025-04-23 16:38:08',0),(256,'Producto kit de arrastre cb 190r honda original bajo mínimo! Stock actual: 4','2025-04-23 16:38:08',0),(257,'Producto dulce bajo mínimo! Stock actual: 7','2025-04-23 16:38:08',0),(258,'Producto sdgdjhfgj bajo mínimo! Stock actual: 45','2025-04-23 16:38:08',0),(259,'Producto rhefh bajo mínimo! Stock actual: 47','2025-04-23 16:38:08',0),(260,'Producto FRENO bajo mínimo! Stock actual: 20','2025-04-23 16:38:08',0),(261,'Producto filtro de aceite fz18 200 bajo mínimo! Stock actual: 4','2025-04-23 16:38:08',0),(262,'Producto pin pastilla freno set xt660 bajo mínimo! Stock actual: -62','2025-04-23 16:38:08',0),(263,'Producto fhdh bajo mínimo! Stock actual: 17','2025-04-23 16:38:08',0),(264,'Producto kit de arrastre cb 190r honda original bajo mínimo! Stock actual: 4','2025-04-23 16:38:08',0),(265,'Producto dulce bajo mínimo! Stock actual: 7','2025-04-23 16:38:08',0),(266,'Producto sdgdjhfgj bajo mínimo! Stock actual: 45','2025-04-23 16:38:08',0),(267,'Producto rhefh bajo mínimo! Stock actual: 47','2025-04-23 16:38:08',0),(268,'Producto FRENO bajo mínimo! Stock actual: 20','2025-04-23 16:38:08',0),(269,'Producto filtro de aceite fz18 200 bajo mínimo! Stock actual: 4','2025-04-23 16:38:08',0),(270,'Producto pin pastilla freno set xt660 bajo mínimo! Stock actual: -65','2025-04-23 16:38:08',0),(271,'Producto fhdh bajo mínimo! Stock actual: 17','2025-04-23 16:38:08',0),(272,'Producto kit de arrastre cb 190r honda original bajo mínimo! Stock actual: 4','2025-04-23 16:38:08',0),(273,'Producto dulce bajo mínimo! Stock actual: 7','2025-04-23 16:38:08',0),(274,'Producto sdgdjhfgj bajo mínimo! Stock actual: 45','2025-04-23 16:38:08',0),(275,'Producto rhefh bajo mínimo! Stock actual: 47','2025-04-23 16:38:09',0),(276,'Producto FRENO bajo mínimo! Stock actual: 20','2025-04-23 16:38:09',0),(277,'Producto filtro de aceite fz18 200 bajo mínimo! Stock actual: 4','2025-04-23 16:38:09',0),(278,'Producto pin pastilla freno set xt660 bajo mínimo! Stock actual: -68','2025-04-23 16:38:09',0),(279,'Producto fhdh bajo mínimo! Stock actual: 17','2025-04-23 16:38:09',0),(280,'Producto kit de arrastre cb 190r honda original bajo mínimo! Stock actual: 4','2025-04-23 16:38:09',0),(281,'Producto dulce bajo mínimo! Stock actual: 7','2025-04-23 16:38:09',0),(282,'Producto sdgdjhfgj bajo mínimo! Stock actual: 45','2025-04-23 16:38:09',0),(283,'Producto rhefh bajo mínimo! Stock actual: 47','2025-04-23 16:38:09',0),(284,'Producto FRENO bajo mínimo! Stock actual: 20','2025-04-23 16:38:09',0),(285,'Producto filtro de aceite fz18 200 bajo mínimo! Stock actual: 4','2025-04-23 16:38:09',0),(286,'Producto pin pastilla freno set xt660 bajo mínimo! Stock actual: -71','2025-04-23 16:38:09',0),(287,'Producto fhdh bajo mínimo! Stock actual: 17','2025-04-23 16:38:09',0),(288,'Producto kit de arrastre cb 190r honda original bajo mínimo! Stock actual: 4','2025-04-23 16:38:09',0),(289,'Producto dulce bajo mínimo! Stock actual: 7','2025-04-23 16:38:09',0),(290,'Producto sdgdjhfgj bajo mínimo! Stock actual: 45','2025-04-23 16:38:09',0),(291,'Producto rhefh bajo mínimo! Stock actual: 47','2025-04-23 16:38:09',0),(292,'Producto FRENO bajo mínimo! Stock actual: 20','2025-04-23 16:38:09',0),(293,'Producto filtro de aceite fz18 200 bajo mínimo! Stock actual: 4','2025-04-23 16:38:09',0),(294,'Producto pin pastilla freno set xt660 bajo mínimo! Stock actual: -74','2025-04-23 16:38:09',0),(295,'Producto fhdh bajo mínimo! Stock actual: 17','2025-04-23 16:38:09',0),(296,'Producto kit de arrastre cb 190r honda original bajo mínimo! Stock actual: 4','2025-04-23 16:38:09',0),(297,'Producto dulce bajo mínimo! Stock actual: 7','2025-04-23 16:38:09',0),(298,'Producto sdgdjhfgj bajo mínimo! Stock actual: 45','2025-04-23 16:38:09',0),(299,'Producto rhefh bajo mínimo! Stock actual: 47','2025-04-23 16:38:09',0),(300,'Producto FRENO bajo mínimo! Stock actual: 20','2025-04-23 16:38:09',0),(301,'Producto filtro de aceite fz18 200 bajo mínimo! Stock actual: 4','2025-04-23 16:38:09',0),(302,'Producto pin pastilla freno set xt660 bajo mínimo! Stock actual: -77','2025-04-23 16:38:09',0),(303,'Producto fhdh bajo mínimo! Stock actual: 17','2025-04-23 16:38:09',0),(304,'Producto kit de arrastre cb 190r honda original bajo mínimo! Stock actual: 4','2025-04-23 16:38:09',0),(305,'Producto dulce bajo mínimo! Stock actual: 7','2025-04-23 16:38:09',0),(306,'Producto sdgdjhfgj bajo mínimo! Stock actual: 45','2025-04-23 16:38:09',0),(307,'Producto rhefh bajo mínimo! Stock actual: 47','2025-04-23 16:38:12',0),(308,'Producto FRENO bajo mínimo! Stock actual: 20','2025-04-23 16:38:12',0),(309,'Producto filtro de aceite fz18 200 bajo mínimo! Stock actual: 4','2025-04-23 16:38:12',0),(310,'Producto pin pastilla freno set xt660 bajo mínimo! Stock actual: -80','2025-04-23 16:38:12',0),(311,'Producto fhdh bajo mínimo! Stock actual: 17','2025-04-23 16:38:12',0),(312,'Producto kit de arrastre cb 190r honda original bajo mínimo! Stock actual: 4','2025-04-23 16:38:12',0),(313,'Producto dulce bajo mínimo! Stock actual: 7','2025-04-23 16:38:12',0),(314,'Producto sdgdjhfgj bajo mínimo! Stock actual: 45','2025-04-23 16:38:12',0),(315,'Producto rhefh bajo mínimo! Stock actual: 47','2025-04-23 16:38:12',0),(316,'Producto FRENO bajo mínimo! Stock actual: 20','2025-04-23 16:38:12',0),(317,'Producto filtro de aceite fz18 200 bajo mínimo! Stock actual: 4','2025-04-23 16:38:12',1),(318,'Producto pin pastilla freno set xt660 bajo mínimo! Stock actual: -83','2025-04-23 16:38:12',0),(319,'Producto fhdh bajo mínimo! Stock actual: 17','2025-04-23 16:38:12',0),(320,'Producto kit de arrastre cb 190r honda original bajo mínimo! Stock actual: 4','2025-04-23 16:38:12',0),(321,'Producto dulce bajo mínimo! Stock actual: 7','2025-04-23 16:38:12',0),(322,'Producto sdgdjhfgj bajo mínimo! Stock actual: 45','2025-04-23 16:38:12',0),(323,'Producto rhefh bajo mínimo! Stock actual: 47','2025-04-23 16:38:36',0),(324,'Producto FRENO bajo mínimo! Stock actual: 19','2025-04-23 16:38:36',0),(325,'Producto filtro de aceite fz18 200 bajo mínimo! Stock actual: 4','2025-04-23 16:38:36',0),(326,'Producto pin pastilla freno set xt660 bajo mínimo! Stock actual: -83','2025-04-23 16:38:36',0),(327,'Producto fhdh bajo mínimo! Stock actual: 17','2025-04-23 16:38:36',0),(328,'Producto kit de arrastre cb 190r honda original bajo mínimo! Stock actual: 4','2025-04-23 16:38:36',0),(329,'Producto dulce bajo mínimo! Stock actual: 7','2025-04-23 16:38:36',0),(330,'Producto sdgdjhfgj bajo mínimo! Stock actual: 45','2025-04-23 16:38:36',0),(331,'Producto rhefh bajo mínimo! Stock actual: 47','2025-04-23 16:38:37',0),(332,'Producto FRENO bajo mínimo! Stock actual: 18','2025-04-23 16:38:37',0),(333,'Producto filtro de aceite fz18 200 bajo mínimo! Stock actual: 4','2025-04-23 16:38:37',0),(334,'Producto pin pastilla freno set xt660 bajo mínimo! Stock actual: -83','2025-04-23 16:38:37',0),(335,'Producto fhdh bajo mínimo! Stock actual: 17','2025-04-23 16:38:37',0),(336,'Producto kit de arrastre cb 190r honda original bajo mínimo! Stock actual: 4','2025-04-23 16:38:37',0),(337,'Producto dulce bajo mínimo! Stock actual: 7','2025-04-23 16:38:37',0),(338,'Producto sdgdjhfgj bajo mínimo! Stock actual: 45','2025-04-23 16:38:37',0),(339,'Producto rhefh bajo mínimo! Stock actual: 47','2025-04-23 16:38:37',0),(340,'Producto FRENO bajo mínimo! Stock actual: 17','2025-04-23 16:38:37',0),(341,'Producto filtro de aceite fz18 200 bajo mínimo! Stock actual: 4','2025-04-23 16:38:37',0),(342,'Producto pin pastilla freno set xt660 bajo mínimo! Stock actual: -83','2025-04-23 16:38:37',0),(343,'Producto fhdh bajo mínimo! Stock actual: 17','2025-04-23 16:38:37',0),(344,'Producto kit de arrastre cb 190r honda original bajo mínimo! Stock actual: 4','2025-04-23 16:38:37',0),(345,'Producto dulce bajo mínimo! Stock actual: 7','2025-04-23 16:38:37',0),(346,'Producto sdgdjhfgj bajo mínimo! Stock actual: 45','2025-04-23 16:38:37',0),(347,'Producto rhefh bajo mínimo! Stock actual: 47','2025-04-23 16:38:37',0),(348,'Producto FRENO bajo mínimo! Stock actual: 16','2025-04-23 16:38:37',0),(349,'Producto filtro de aceite fz18 200 bajo mínimo! Stock actual: 4','2025-04-23 16:38:37',0),(350,'Producto pin pastilla freno set xt660 bajo mínimo! Stock actual: -83','2025-04-23 16:38:37',0),(351,'Producto fhdh bajo mínimo! Stock actual: 17','2025-04-23 16:38:37',0),(352,'Producto kit de arrastre cb 190r honda original bajo mínimo! Stock actual: 4','2025-04-23 16:38:37',0),(353,'Producto dulce bajo mínimo! Stock actual: 7','2025-04-23 16:38:37',0),(354,'Producto sdgdjhfgj bajo mínimo! Stock actual: 45','2025-04-23 16:38:37',0),(355,'Producto rhefh bajo mínimo! Stock actual: 47','2025-04-23 16:38:37',0),(356,'Producto FRENO bajo mínimo! Stock actual: 15','2025-04-23 16:38:37',0),(357,'Producto filtro de aceite fz18 200 bajo mínimo! Stock actual: 4','2025-04-23 16:38:37',0),(358,'Producto pin pastilla freno set xt660 bajo mínimo! Stock actual: -83','2025-04-23 16:38:37',0),(359,'Producto fhdh bajo mínimo! Stock actual: 17','2025-04-23 16:38:37',0),(360,'Producto kit de arrastre cb 190r honda original bajo mínimo! Stock actual: 4','2025-04-23 16:38:37',0),(361,'Producto dulce bajo mínimo! Stock actual: 7','2025-04-23 16:38:37',0),(362,'Producto sdgdjhfgj bajo mínimo! Stock actual: 45','2025-04-23 16:38:37',0),(363,'Producto rhefh bajo mínimo! Stock actual: 47','2025-04-23 16:38:38',0),(364,'Producto FRENO bajo mínimo! Stock actual: 14','2025-04-23 16:38:38',0),(365,'Producto filtro de aceite fz18 200 bajo mínimo! Stock actual: 4','2025-04-23 16:38:38',0),(366,'Producto pin pastilla freno set xt660 bajo mínimo! Stock actual: -83','2025-04-23 16:38:38',0),(367,'Producto fhdh bajo mínimo! Stock actual: 17','2025-04-23 16:38:38',0),(368,'Producto kit de arrastre cb 190r honda original bajo mínimo! Stock actual: 4','2025-04-23 16:38:38',0),(369,'Producto dulce bajo mínimo! Stock actual: 7','2025-04-23 16:38:38',0),(370,'Producto sdgdjhfgj bajo mínimo! Stock actual: 45','2025-04-23 16:38:38',0),(371,'Producto rhefh bajo mínimo! Stock actual: 47','2025-04-23 16:38:38',0),(372,'Producto FRENO bajo mínimo! Stock actual: 13','2025-04-23 16:38:38',0),(373,'Producto filtro de aceite fz18 200 bajo mínimo! Stock actual: 4','2025-04-23 16:38:38',0),(374,'Producto pin pastilla freno set xt660 bajo mínimo! Stock actual: -83','2025-04-23 16:38:38',0),(375,'Producto fhdh bajo mínimo! Stock actual: 17','2025-04-23 16:38:38',0),(376,'Producto kit de arrastre cb 190r honda original bajo mínimo! Stock actual: 4','2025-04-23 16:38:38',0),(377,'Producto dulce bajo mínimo! Stock actual: 7','2025-04-23 16:38:38',0),(378,'Producto sdgdjhfgj bajo mínimo! Stock actual: 45','2025-04-23 16:38:38',0),(379,'Producto rhefh bajo mínimo! Stock actual: 47','2025-04-23 16:38:38',0),(380,'Producto FRENO bajo mínimo! Stock actual: 12','2025-04-23 16:38:38',0),(381,'Producto filtro de aceite fz18 200 bajo mínimo! Stock actual: 4','2025-04-23 16:38:38',0),(382,'Producto pin pastilla freno set xt660 bajo mínimo! Stock actual: -83','2025-04-23 16:38:38',0),(383,'Producto fhdh bajo mínimo! Stock actual: 17','2025-04-23 16:38:38',0),(384,'Producto kit de arrastre cb 190r honda original bajo mínimo! Stock actual: 4','2025-04-23 16:38:38',0),(385,'Producto dulce bajo mínimo! Stock actual: 7','2025-04-23 16:38:38',0),(386,'Producto sdgdjhfgj bajo mínimo! Stock actual: 45','2025-04-23 16:38:38',0),(387,'Producto rhefh bajo mínimo! Stock actual: 47','2025-04-23 16:38:38',0),(388,'Producto FRENO bajo mínimo! Stock actual: 11','2025-04-23 16:38:38',0),(389,'Producto filtro de aceite fz18 200 bajo mínimo! Stock actual: 4','2025-04-23 16:38:38',0),(390,'Producto pin pastilla freno set xt660 bajo mínimo! Stock actual: -83','2025-04-23 16:38:38',0),(391,'Producto fhdh bajo mínimo! Stock actual: 17','2025-04-23 16:38:38',0),(392,'Producto kit de arrastre cb 190r honda original bajo mínimo! Stock actual: 4','2025-04-23 16:38:38',0),(393,'Producto dulce bajo mínimo! Stock actual: 7','2025-04-23 16:38:38',0),(394,'Producto sdgdjhfgj bajo mínimo! Stock actual: 45','2025-04-23 16:38:38',0),(395,'Producto rhefh bajo mínimo! Stock actual: 47','2025-04-23 16:38:38',0),(396,'Producto FRENO bajo mínimo! Stock actual: 10','2025-04-23 16:38:38',0),(397,'Producto filtro de aceite fz18 200 bajo mínimo! Stock actual: 4','2025-04-23 16:38:38',0),(398,'Producto pin pastilla freno set xt660 bajo mínimo! Stock actual: -83','2025-04-23 16:38:38',0),(399,'Producto fhdh bajo mínimo! Stock actual: 17','2025-04-23 16:38:38',0),(400,'Producto kit de arrastre cb 190r honda original bajo mínimo! Stock actual: 4','2025-04-23 16:38:38',0),(401,'Producto dulce bajo mínimo! Stock actual: 7','2025-04-23 16:38:38',0),(402,'Producto sdgdjhfgj bajo mínimo! Stock actual: 45','2025-04-23 16:38:38',0),(403,'Producto rhefh bajo mínimo! Stock actual: 47','2025-04-23 16:38:39',0),(404,'Producto FRENO bajo mínimo! Stock actual: 9','2025-04-23 16:38:39',0),(405,'Producto filtro de aceite fz18 200 bajo mínimo! Stock actual: 4','2025-04-23 16:38:39',1),(406,'Producto pin pastilla freno set xt660 bajo mínimo! Stock actual: -83','2025-04-23 16:38:39',0),(407,'Producto fhdh bajo mínimo! Stock actual: 17','2025-04-23 16:38:39',0),(408,'Producto kit de arrastre cb 190r honda original bajo mínimo! Stock actual: 4','2025-04-23 16:38:39',0),(409,'Producto dulce bajo mínimo! Stock actual: 7','2025-04-23 16:38:39',0),(410,'Producto sdgdjhfgj bajo mínimo! Stock actual: 45','2025-04-23 16:38:39',0),(411,'Producto rhefh bajo mínimo! Stock actual: 47','2025-04-23 16:38:39',0),(412,'Producto FRENO bajo mínimo! Stock actual: 8','2025-04-23 16:38:39',0),(413,'Producto filtro de aceite fz18 200 bajo mínimo! Stock actual: 4','2025-04-23 16:38:39',0),(414,'Producto pin pastilla freno set xt660 bajo mínimo! Stock actual: -83','2025-04-23 16:38:39',0),(415,'Producto fhdh bajo mínimo! Stock actual: 17','2025-04-23 16:38:39',0),(416,'Producto kit de arrastre cb 190r honda original bajo mínimo! Stock actual: 4','2025-04-23 16:38:39',0),(417,'Producto dulce bajo mínimo! Stock actual: 7','2025-04-23 16:38:39',0),(418,'Producto sdgdjhfgj bajo mínimo! Stock actual: 45','2025-04-23 16:38:39',0),(419,'Producto rhefh bajo mínimo! Stock actual: 47','2025-04-23 16:41:14',0),(420,'Producto FRENO bajo mínimo! Stock actual: 8','2025-04-23 16:41:14',0),(421,'Producto filtro de aceite fz18 200 bajo mínimo! Stock actual: 4','2025-04-23 16:41:14',0),(422,'Producto pin pastilla freno set xt660 bajo mínimo! Stock actual: -83','2025-04-23 16:41:14',0),(423,'Producto fhdh bajo mínimo! Stock actual: 15','2025-04-23 16:41:14',0),(424,'Producto kit de arrastre cb 190r honda original bajo mínimo! Stock actual: 4','2025-04-23 16:41:14',0),(425,'Producto dulce bajo mínimo! Stock actual: 7','2025-04-23 16:41:14',0),(426,'Producto sdgdjhfgj bajo mínimo! Stock actual: 45','2025-04-23 16:41:14',0),(427,'Producto rhefh bajo mínimo! Stock actual: 47','2025-04-23 16:41:15',0),(428,'Producto FRENO bajo mínimo! Stock actual: 8','2025-04-23 16:41:15',0),(429,'Producto filtro de aceite fz18 200 bajo mínimo! Stock actual: 4','2025-04-23 16:41:15',0),(430,'Producto pin pastilla freno set xt660 bajo mínimo! Stock actual: -83','2025-04-23 16:41:15',0),(431,'Producto fhdh bajo mínimo! Stock actual: 13','2025-04-23 16:41:15',0),(432,'Producto kit de arrastre cb 190r honda original bajo mínimo! Stock actual: 4','2025-04-23 16:41:15',0),(433,'Producto dulce bajo mínimo! Stock actual: 7','2025-04-23 16:41:15',0),(434,'Producto sdgdjhfgj bajo mínimo! Stock actual: 45','2025-04-23 16:41:15',0),(435,'Producto rhefh bajo mínimo! Stock actual: 47','2025-04-23 16:41:16',0),(436,'Producto FRENO bajo mínimo! Stock actual: 8','2025-04-23 16:41:16',0),(437,'Producto filtro de aceite fz18 200 bajo mínimo! Stock actual: 4','2025-04-23 16:41:16',0),(438,'Producto pin pastilla freno set xt660 bajo mínimo! Stock actual: -83','2025-04-23 16:41:16',0),(439,'Producto fhdh bajo mínimo! Stock actual: 11','2025-04-23 16:41:16',0),(440,'Producto kit de arrastre cb 190r honda original bajo mínimo! Stock actual: 4','2025-04-23 16:41:16',0),(441,'Producto dulce bajo mínimo! Stock actual: 7','2025-04-23 16:41:16',0),(442,'Producto sdgdjhfgj bajo mínimo! Stock actual: 45','2025-04-23 16:41:16',0),(443,'Producto rhefh bajo mínimo! Stock actual: 47','2025-04-23 16:41:16',0),(444,'Producto FRENO bajo mínimo! Stock actual: 8','2025-04-23 16:41:16',0),(445,'Producto filtro de aceite fz18 200 bajo mínimo! Stock actual: 4','2025-04-23 16:41:16',0),(446,'Producto pin pastilla freno set xt660 bajo mínimo! Stock actual: -83','2025-04-23 16:41:16',0),(447,'Producto fhdh bajo mínimo! Stock actual: 9','2025-04-23 16:41:16',0),(448,'Producto kit de arrastre cb 190r honda original bajo mínimo! Stock actual: 4','2025-04-23 16:41:16',0),(449,'Producto dulce bajo mínimo! Stock actual: 7','2025-04-23 16:41:16',0),(450,'Producto sdgdjhfgj bajo mínimo! Stock actual: 45','2025-04-23 16:41:16',0),(451,'Producto rhefh bajo mínimo! Stock actual: 47','2025-04-23 16:41:16',0),(452,'Producto FRENO bajo mínimo! Stock actual: 8','2025-04-23 16:41:16',0),(453,'Producto filtro de aceite fz18 200 bajo mínimo! Stock actual: 4','2025-04-23 16:41:16',0),(454,'Producto pin pastilla freno set xt660 bajo mínimo! Stock actual: -83','2025-04-23 16:41:16',0),(455,'Producto fhdh bajo mínimo! Stock actual: 7','2025-04-23 16:41:16',0),(456,'Producto kit de arrastre cb 190r honda original bajo mínimo! Stock actual: 4','2025-04-23 16:41:16',0),(457,'Producto dulce bajo mínimo! Stock actual: 7','2025-04-23 16:41:16',0),(458,'Producto sdgdjhfgj bajo mínimo! Stock actual: 45','2025-04-23 16:41:16',0),(459,'Producto rhefh bajo mínimo! Stock actual: 47','2025-04-23 16:41:16',0),(460,'Producto FRENO bajo mínimo! Stock actual: 8','2025-04-23 16:41:16',0),(461,'Producto filtro de aceite fz18 200 bajo mínimo! Stock actual: 4','2025-04-23 16:41:16',0),(462,'Producto pin pastilla freno set xt660 bajo mínimo! Stock actual: -83','2025-04-23 16:41:16',0),(463,'Producto fhdh bajo mínimo! Stock actual: 5','2025-04-23 16:41:16',0),(464,'Producto kit de arrastre cb 190r honda original bajo mínimo! Stock actual: 4','2025-04-23 16:41:16',0),(465,'Producto dulce bajo mínimo! Stock actual: 7','2025-04-23 16:41:16',0),(466,'Producto sdgdjhfgj bajo mínimo! Stock actual: 45','2025-04-23 16:41:16',0),(467,'Producto rhefh bajo mínimo! Stock actual: 47','2025-04-23 16:41:16',0),(468,'Producto FRENO bajo mínimo! Stock actual: 8','2025-04-23 16:41:16',0),(469,'Producto filtro de aceite fz18 200 bajo mínimo! Stock actual: 4','2025-04-23 16:41:16',0),(470,'Producto pin pastilla freno set xt660 bajo mínimo! Stock actual: -83','2025-04-23 16:41:16',0),(471,'Producto fhdh bajo mínimo! Stock actual: 3','2025-04-23 16:41:16',0),(472,'Producto kit de arrastre cb 190r honda original bajo mínimo! Stock actual: 4','2025-04-23 16:41:16',0),(473,'Producto dulce bajo mínimo! Stock actual: 7','2025-04-23 16:41:16',0),(474,'Producto sdgdjhfgj bajo mínimo! Stock actual: 45','2025-04-23 16:41:16',0),(475,'Producto rhefh bajo mínimo! Stock actual: 47','2025-04-23 16:41:16',0),(476,'Producto FRENO bajo mínimo! Stock actual: 8','2025-04-23 16:41:16',0),(477,'Producto filtro de aceite fz18 200 bajo mínimo! Stock actual: 4','2025-04-23 16:41:16',0),(478,'Producto pin pastilla freno set xt660 bajo mínimo! Stock actual: -83','2025-04-23 16:41:16',0),(479,'Producto fhdh bajo mínimo! Stock actual: 1','2025-04-23 16:41:16',0),(480,'Producto kit de arrastre cb 190r honda original bajo mínimo! Stock actual: 4','2025-04-23 16:41:16',0),(481,'Producto dulce bajo mínimo! Stock actual: 7','2025-04-23 16:41:16',0),(482,'Producto sdgdjhfgj bajo mínimo! Stock actual: 45','2025-04-23 16:41:16',0),(483,'Producto rhefh bajo mínimo! Stock actual: 47','2025-04-23 16:41:17',0),(484,'Producto FRENO bajo mínimo! Stock actual: 8','2025-04-23 16:41:17',0),(485,'Producto filtro de aceite fz18 200 bajo mínimo! Stock actual: 4','2025-04-23 16:41:17',0),(486,'Producto pin pastilla freno set xt660 bajo mínimo! Stock actual: -83','2025-04-23 16:41:17',0),(487,'Producto fhdh bajo mínimo! Stock actual: -1','2025-04-23 16:41:17',0),(488,'Producto kit de arrastre cb 190r honda original bajo mínimo! Stock actual: 4','2025-04-23 16:41:17',0),(489,'Producto dulce bajo mínimo! Stock actual: 7','2025-04-23 16:41:17',0),(490,'Producto sdgdjhfgj bajo mínimo! Stock actual: 45','2025-04-23 16:41:17',0),(491,'Producto rhefh bajo mínimo! Stock actual: 47','2025-04-23 16:41:17',0),(492,'Producto FRENO bajo mínimo! Stock actual: 8','2025-04-23 16:41:17',0),(493,'Producto filtro de aceite fz18 200 bajo mínimo! Stock actual: 4','2025-04-23 16:41:17',0),(494,'Producto pin pastilla freno set xt660 bajo mínimo! Stock actual: -83','2025-04-23 16:41:17',0),(495,'Producto fhdh bajo mínimo! Stock actual: -3','2025-04-23 16:41:17',0),(496,'Producto kit de arrastre cb 190r honda original bajo mínimo! Stock actual: 4','2025-04-23 16:41:17',0),(497,'Producto dulce bajo mínimo! Stock actual: 7','2025-04-23 16:41:17',0),(498,'Producto sdgdjhfgj bajo mínimo! Stock actual: 45','2025-04-23 16:41:17',0),(499,'Producto rhefh bajo mínimo! Stock actual: 47','2025-04-23 16:41:17',0),(500,'Producto FRENO bajo mínimo! Stock actual: 8','2025-04-23 16:41:17',0),(501,'Producto filtro de aceite fz18 200 bajo mínimo! Stock actual: 4','2025-04-23 16:41:17',0),(502,'Producto pin pastilla freno set xt660 bajo mínimo! Stock actual: -83','2025-04-23 16:41:17',0),(503,'Producto fhdh bajo mínimo! Stock actual: -5','2025-04-23 16:41:17',0),(504,'Producto kit de arrastre cb 190r honda original bajo mínimo! Stock actual: 4','2025-04-23 16:41:17',0),(505,'Producto dulce bajo mínimo! Stock actual: 7','2025-04-23 16:41:17',0),(506,'Producto sdgdjhfgj bajo mínimo! Stock actual: 45','2025-04-23 16:41:17',0),(507,'Producto rhefh bajo mínimo! Stock actual: 47','2025-04-23 16:41:17',0),(508,'Producto FRENO bajo mínimo! Stock actual: 8','2025-04-23 16:41:17',0),(509,'Producto filtro de aceite fz18 200 bajo mínimo! Stock actual: 4','2025-04-23 16:41:17',0),(510,'Producto pin pastilla freno set xt660 bajo mínimo! Stock actual: -83','2025-04-23 16:41:17',0),(511,'Producto fhdh bajo mínimo! Stock actual: -7','2025-04-23 16:41:17',0),(512,'Producto kit de arrastre cb 190r honda original bajo mínimo! Stock actual: 4','2025-04-23 16:41:17',0),(513,'Producto dulce bajo mínimo! Stock actual: 7','2025-04-23 16:41:17',0),(514,'Producto sdgdjhfgj bajo mínimo! Stock actual: 45','2025-04-23 16:41:17',0),(515,'Producto rhefh bajo mínimo! Stock actual: 47','2025-04-23 16:41:18',0),(516,'Producto FRENO bajo mínimo! Stock actual: 8','2025-04-23 16:41:18',0),(517,'Producto filtro de aceite fz18 200 bajo mínimo! Stock actual: 4','2025-04-23 16:41:18',0),(518,'Producto pin pastilla freno set xt660 bajo mínimo! Stock actual: -83','2025-04-23 16:41:18',0),(519,'Producto fhdh bajo mínimo! Stock actual: -9','2025-04-23 16:41:18',0),(520,'Producto kit de arrastre cb 190r honda original bajo mínimo! Stock actual: 4','2025-04-23 16:41:18',0),(521,'Producto dulce bajo mínimo! Stock actual: 7','2025-04-23 16:41:18',0),(522,'Producto sdgdjhfgj bajo mínimo! Stock actual: 45','2025-04-23 16:41:18',0),(523,'Producto rhefh bajo mínimo! Stock actual: 47','2025-04-23 16:41:18',0),(524,'Producto FRENO bajo mínimo! Stock actual: 8','2025-04-23 16:41:18',0),(525,'Producto filtro de aceite fz18 200 bajo mínimo! Stock actual: 4','2025-04-23 16:41:18',0),(526,'Producto pin pastilla freno set xt660 bajo mínimo! Stock actual: -83','2025-04-23 16:41:18',0),(527,'Producto fhdh bajo mínimo! Stock actual: -11','2025-04-23 16:41:18',0),(528,'Producto kit de arrastre cb 190r honda original bajo mínimo! Stock actual: 4','2025-04-23 16:41:18',0),(529,'Producto dulce bajo mínimo! Stock actual: 7','2025-04-23 16:41:18',0),(530,'Producto sdgdjhfgj bajo mínimo! Stock actual: 45','2025-04-23 16:41:18',0),(531,'Producto rhefh bajo mínimo! Stock actual: 47','2025-04-23 16:41:18',0),(532,'Producto FRENO bajo mínimo! Stock actual: 8','2025-04-23 16:41:18',0),(533,'Producto filtro de aceite fz18 200 bajo mínimo! Stock actual: 4','2025-04-23 16:41:18',0),(534,'Producto pin pastilla freno set xt660 bajo mínimo! Stock actual: -83','2025-04-23 16:41:18',0),(535,'Producto fhdh bajo mínimo! Stock actual: -13','2025-04-23 16:41:18',0),(536,'Producto kit de arrastre cb 190r honda original bajo mínimo! Stock actual: 4','2025-04-23 16:41:18',0),(537,'Producto dulce bajo mínimo! Stock actual: 7','2025-04-23 16:41:18',0),(538,'Producto sdgdjhfgj bajo mínimo! Stock actual: 45','2025-04-23 16:41:18',0),(539,'Producto rhefh bajo mínimo! Stock actual: 47','2025-04-23 16:41:18',0),(540,'Producto FRENO bajo mínimo! Stock actual: 8','2025-04-23 16:41:18',0),(541,'Producto filtro de aceite fz18 200 bajo mínimo! Stock actual: 4','2025-04-23 16:41:18',0),(542,'Producto pin pastilla freno set xt660 bajo mínimo! Stock actual: -83','2025-04-23 16:41:18',0),(543,'Producto fhdh bajo mínimo! Stock actual: -15','2025-04-23 16:41:18',0),(544,'Producto kit de arrastre cb 190r honda original bajo mínimo! Stock actual: 4','2025-04-23 16:41:18',0),(545,'Producto dulce bajo mínimo! Stock actual: 7','2025-04-23 16:41:18',0),(546,'Producto sdgdjhfgj bajo mínimo! Stock actual: 45','2025-04-23 16:41:18',0),(547,'Producto rhefh bajo mínimo! Stock actual: 47','2025-04-23 16:43:36',0),(548,'Producto FRENO bajo mínimo! Stock actual: 8','2025-04-23 16:43:36',0),(549,'Producto filtro de aceite fz18 200 bajo mínimo! Stock actual: 4','2025-04-23 16:43:36',0),(550,'Producto pin pastilla freno set xt660 bajo mínimo! Stock actual: -83','2025-04-23 16:43:36',0),(551,'Producto fhdh bajo mínimo! Stock actual: -15','2025-04-23 16:43:36',0),(552,'Producto kit de arrastre cb 190r honda original bajo mínimo! Stock actual: 2','2025-04-23 16:43:36',0),(553,'Producto dulce bajo mínimo! Stock actual: 7','2025-04-23 16:43:36',0),(554,'Producto sdgdjhfgj bajo mínimo! Stock actual: 45','2025-04-23 16:43:36',0),(555,'Producto rhefh bajo mínimo! Stock actual: 47','2025-04-23 16:44:36',0),(556,'Producto FRENO bajo mínimo! Stock actual: 8','2025-04-23 16:44:36',0),(557,'Producto filtro de aceite fz18 200 bajo mínimo! Stock actual: 4','2025-04-23 16:44:36',0),(558,'Producto pin pastilla freno set xt660 bajo mínimo! Stock actual: -83','2025-04-23 16:44:36',0),(559,'Producto fhdh bajo mínimo! Stock actual: -15','2025-04-23 16:44:36',0),(560,'Producto kit de arrastre cb 190r honda original bajo mínimo! Stock actual: 1','2025-04-23 16:44:36',0),(561,'Producto dulce bajo mínimo! Stock actual: 7','2025-04-23 16:44:36',0),(562,'Producto sdgdjhfgj bajo mínimo! Stock actual: 45','2025-04-23 16:44:36',0),(563,'Producto rhefh bajo mínimo! Stock actual: 47','2025-04-23 16:44:36',0),(564,'Producto FRENO bajo mínimo! Stock actual: 8','2025-04-23 16:44:36',0),(565,'Producto filtro de aceite fz18 200 bajo mínimo! Stock actual: 4','2025-04-23 16:44:36',0),(566,'Producto pin pastilla freno set xt660 bajo mínimo! Stock actual: -83','2025-04-23 16:44:36',0),(567,'Producto fhdh bajo mínimo! Stock actual: -15','2025-04-23 16:44:36',0),(568,'Producto kit de arrastre cb 190r honda original bajo mínimo! Stock actual: 0','2025-04-23 16:44:36',0),(569,'Producto dulce bajo mínimo! Stock actual: 7','2025-04-23 16:44:36',0),(570,'Producto sdgdjhfgj bajo mínimo! Stock actual: 45','2025-04-23 16:44:36',0),(571,'Producto rhefh bajo mínimo! Stock actual: 47','2025-04-23 16:44:36',0),(572,'Producto FRENO bajo mínimo! Stock actual: 8','2025-04-23 16:44:36',0),(573,'Producto filtro de aceite fz18 200 bajo mínimo! Stock actual: 4','2025-04-23 16:44:36',0),(574,'Producto pin pastilla freno set xt660 bajo mínimo! Stock actual: -83','2025-04-23 16:44:36',0),(575,'Producto fhdh bajo mínimo! Stock actual: -15','2025-04-23 16:44:36',0),(576,'Producto kit de arrastre cb 190r honda original bajo mínimo! Stock actual: -1','2025-04-23 16:44:36',0),(577,'Producto dulce bajo mínimo! Stock actual: 7','2025-04-23 16:44:36',0),(578,'Producto sdgdjhfgj bajo mínimo! Stock actual: 45','2025-04-23 16:44:36',0),(579,'Producto rhefh bajo mínimo! Stock actual: 47','2025-04-23 16:44:36',0),(580,'Producto FRENO bajo mínimo! Stock actual: 8','2025-04-23 16:44:36',0),(581,'Producto filtro de aceite fz18 200 bajo mínimo! Stock actual: 4','2025-04-23 16:44:36',0),(582,'Producto pin pastilla freno set xt660 bajo mínimo! Stock actual: -83','2025-04-23 16:44:36',0),(583,'Producto fhdh bajo mínimo! Stock actual: -15','2025-04-23 16:44:36',0),(584,'Producto kit de arrastre cb 190r honda original bajo mínimo! Stock actual: -2','2025-04-23 16:44:36',0),(585,'Producto dulce bajo mínimo! Stock actual: 7','2025-04-23 16:44:36',0),(586,'Producto sdgdjhfgj bajo mínimo! Stock actual: 45','2025-04-23 16:44:36',0),(587,'Producto rhefh bajo mínimo! Stock actual: 47','2025-04-23 16:44:37',0),(588,'Producto FRENO bajo mínimo! Stock actual: 8','2025-04-23 16:44:37',0),(589,'Producto filtro de aceite fz18 200 bajo mínimo! Stock actual: 4','2025-04-23 16:44:37',0),(590,'Producto pin pastilla freno set xt660 bajo mínimo! Stock actual: -83','2025-04-23 16:44:37',0),(591,'Producto fhdh bajo mínimo! Stock actual: -15','2025-04-23 16:44:37',0),(592,'Producto kit de arrastre cb 190r honda original bajo mínimo! Stock actual: -3','2025-04-23 16:44:37',0),(593,'Producto dulce bajo mínimo! Stock actual: 7','2025-04-23 16:44:37',0),(594,'Producto sdgdjhfgj bajo mínimo! Stock actual: 45','2025-04-23 16:44:37',0),(595,'Producto rhefh bajo mínimo! Stock actual: 47','2025-04-23 16:44:37',0),(596,'Producto FRENO bajo mínimo! Stock actual: 8','2025-04-23 16:44:37',0),(597,'Producto filtro de aceite fz18 200 bajo mínimo! Stock actual: 4','2025-04-23 16:44:37',0),(598,'Producto pin pastilla freno set xt660 bajo mínimo! Stock actual: -83','2025-04-23 16:44:37',0),(599,'Producto fhdh bajo mínimo! Stock actual: -15','2025-04-23 16:44:37',0),(600,'Producto kit de arrastre cb 190r honda original bajo mínimo! Stock actual: -4','2025-04-23 16:44:37',0),(601,'Producto dulce bajo mínimo! Stock actual: 7','2025-04-23 16:44:37',0),(602,'Producto sdgdjhfgj bajo mínimo! Stock actual: 45','2025-04-23 16:44:37',0),(603,'Producto rhefh bajo mínimo! Stock actual: 47','2025-04-23 16:44:38',0),(604,'Producto FRENO bajo mínimo! Stock actual: 8','2025-04-23 16:44:38',0),(605,'Producto filtro de aceite fz18 200 bajo mínimo! Stock actual: 4','2025-04-23 16:44:38',0),(606,'Producto pin pastilla freno set xt660 bajo mínimo! Stock actual: -83','2025-04-23 16:44:38',0),(607,'Producto fhdh bajo mínimo! Stock actual: -15','2025-04-23 16:44:38',0),(608,'Producto kit de arrastre cb 190r honda original bajo mínimo! Stock actual: -5','2025-04-23 16:44:38',0),(609,'Producto dulce bajo mínimo! Stock actual: 7','2025-04-23 16:44:38',0),(610,'Producto sdgdjhfgj bajo mínimo! Stock actual: 45','2025-04-23 16:44:38',0),(611,'Producto rhefh bajo mínimo! Stock actual: 46','2025-04-23 16:45:08',1),(612,'Producto FRENO bajo mínimo! Stock actual: 8','2025-04-23 16:45:08',0),(613,'Producto filtro de aceite fz18 200 bajo mínimo! Stock actual: 4','2025-04-23 16:45:08',0),(614,'Producto pin pastilla freno set xt660 bajo mínimo! Stock actual: -83','2025-04-23 16:45:08',0),(615,'Producto fhdh bajo mínimo! Stock actual: -15','2025-04-23 16:45:08',0),(616,'Producto kit de arrastre cb 190r honda original bajo mínimo! Stock actual: -5','2025-04-23 16:45:08',0),(617,'Producto dulce bajo mínimo! Stock actual: 7','2025-04-23 16:45:08',0),(618,'Producto sdgdjhfgj bajo mínimo! Stock actual: 45','2025-04-23 16:45:08',0),(619,'Producto rhefh bajo mínimo! Stock actual: 46','2025-04-24 16:24:36',1),(620,'Producto FRENO bajo mínimo! Stock actual: 8','2025-04-24 16:24:36',1),(621,'Producto filtro de aceite fz18 200 bajo mínimo! Stock actual: 4','2025-04-24 16:24:36',1),(622,'Producto pin pastilla freno set xt660 bajo mínimo! Stock actual: -83','2025-04-24 16:24:36',1),(623,'Producto fhdh bajo mínimo! Stock actual: -15','2025-04-24 16:24:36',0),(624,'Producto kit de arrastre cb 190r honda original bajo mínimo! Stock actual: -5','2025-04-24 16:24:36',0),(625,'Producto dulce bajo mínimo! Stock actual: 6','2025-04-24 16:24:36',0),(626,'Producto sdgdjhfgj bajo mínimo! Stock actual: 45','2025-04-24 16:24:36',0),(627,'Producto rhefh bajo mínimo! Stock actual: 46','2025-04-24 16:24:49',1),(628,'Producto FRENO bajo mínimo! Stock actual: 8','2025-04-24 16:24:49',1),(629,'Producto filtro de aceite fz18 200 bajo mínimo! Stock actual: 4','2025-04-24 16:24:49',1),(630,'Producto pin pastilla freno set xt660 bajo mínimo! Stock actual: -83','2025-04-24 16:24:49',1),(631,'Producto fhdh bajo mínimo! Stock actual: -15','2025-04-24 16:24:49',1),(632,'Producto kit de arrastre cb 190r honda original bajo mínimo! Stock actual: -5','2025-04-24 16:24:49',1),(633,'Producto dulce bajo mínimo! Stock actual: 5','2025-04-24 16:24:49',1),(634,'Producto sdgdjhfgj bajo mínimo! Stock actual: 45','2025-04-24 16:24:49',1),(635,'Producto rhefh bajo mínimo! Stock actual: 46','2025-04-24 16:31:44',1),(636,'Producto FRENO bajo mínimo! Stock actual: 8','2025-04-24 16:31:44',1),(637,'Producto filtro de aceite fz18 200 bajo mínimo! Stock actual: 4','2025-04-24 16:31:44',1),(638,'Producto pin pastilla freno set xt660 bajo mínimo! Stock actual: -83','2025-04-24 16:31:44',1),(639,'Producto fhdh bajo mínimo! Stock actual: -15','2025-04-24 16:31:44',1),(640,'Producto kit de arrastre cb 190r honda original bajo mínimo! Stock actual: -5','2025-04-24 16:31:44',1),(641,'Producto dulce bajo mínimo! Stock actual: 4','2025-04-24 16:31:44',1),(642,'Producto sdgdjhfgj bajo mínimo! Stock actual: 45','2025-04-24 16:31:44',1),(643,'Producto rhefh bajo mínimo! Stock actual: 46','2025-04-29 11:45:18',0),(644,'Producto FRENO bajo mínimo! Stock actual: 8','2025-04-29 11:45:18',0),(645,'Producto filtro de aceite fz18 200 bajo mínimo! Stock actual: 0','2025-04-29 11:45:18',0),(646,'Producto pin pastilla freno set xt660 bajo mínimo! Stock actual: -83','2025-04-29 11:45:18',0),(647,'Producto fhdh bajo mínimo! Stock actual: -15','2025-04-29 11:45:18',0),(648,'Producto kit de arrastre cb 190r honda original bajo mínimo! Stock actual: -5','2025-04-29 11:45:18',0),(649,'Producto dulce bajo mínimo! Stock actual: 4','2025-04-29 11:45:18',0),(650,'Producto sdgdjhfgj bajo mínimo! Stock actual: 45','2025-04-29 11:45:18',0),(651,'Producto rhefh bajo mínimo! Stock actual: 46','2025-04-29 11:52:31',0),(652,'Producto FRENO bajo mínimo! Stock actual: 7','2025-04-29 11:52:31',0),(653,'Producto filtro de aceite fz18 200 bajo mínimo! Stock actual: 0','2025-04-29 11:52:31',0),(654,'Producto pin pastilla freno set xt660 bajo mínimo! Stock actual: -83','2025-04-29 11:52:31',0),(655,'Producto fhdh bajo mínimo! Stock actual: -15','2025-04-29 11:52:31',0),(656,'Producto kit de arrastre cb 190r honda original bajo mínimo! Stock actual: -5','2025-04-29 11:52:31',0),(657,'Producto dulce bajo mínimo! Stock actual: 4','2025-04-29 11:52:31',0),(658,'Producto sdgdjhfgj bajo mínimo! Stock actual: 45','2025-04-29 11:52:31',0),(659,'Producto rhefh bajo mínimo! Stock actual: 45','2025-04-29 11:55:12',0),(660,'Producto FRENO bajo mínimo! Stock actual: 7','2025-04-29 11:55:12',0),(661,'Producto filtro de aceite fz18 200 bajo mínimo! Stock actual: 0','2025-04-29 11:55:12',0),(662,'Producto pin pastilla freno set xt660 bajo mínimo! Stock actual: -83','2025-04-29 11:55:12',0),(663,'Producto fhdh bajo mínimo! Stock actual: -15','2025-04-29 11:55:12',0),(664,'Producto kit de arrastre cb 190r honda original bajo mínimo! Stock actual: -5','2025-04-29 11:55:12',0),(665,'Producto dulce bajo mínimo! Stock actual: 4','2025-04-29 11:55:12',0),(666,'Producto sdgdjhfgj bajo mínimo! Stock actual: 45','2025-04-29 11:55:12',0),(667,'Producto rhefh bajo mínimo! Stock actual: 45','2025-04-29 11:57:07',0),(668,'Producto FRENO bajo mínimo! Stock actual: 7','2025-04-29 11:57:07',0),(669,'Producto filtro de aceite fz18 200 bajo mínimo! Stock actual: 0','2025-04-29 11:57:07',0),(670,'Producto pin pastilla freno set xt660 bajo mínimo! Stock actual: -83','2025-04-29 11:57:07',0),(671,'Producto fhdh bajo mínimo! Stock actual: -15','2025-04-29 11:57:07',0),(672,'Producto kit de arrastre cb 190r honda original bajo mínimo! Stock actual: -5','2025-04-29 11:57:07',0),(673,'Producto dulce bajo mínimo! Stock actual: 4','2025-04-29 11:57:07',0),(674,'Producto sdgdjhfgj bajo mínimo! Stock actual: 45','2025-04-29 11:57:07',0),(675,'Producto rhefh bajo mínimo! Stock actual: 45','2025-04-29 11:58:34',1),(676,'Producto FRENO bajo mínimo! Stock actual: 7','2025-04-29 11:58:34',1),(677,'Producto filtro de aceite fz18 200 bajo mínimo! Stock actual: 0','2025-04-29 11:58:34',1),(678,'Producto pin pastilla freno set xt660 bajo mínimo! Stock actual: -83','2025-04-29 11:58:34',1),(679,'Producto fhdh bajo mínimo! Stock actual: -15','2025-04-29 11:58:34',0),(680,'Producto kit de arrastre cb 190r honda original bajo mínimo! Stock actual: -5','2025-04-29 11:58:34',0),(681,'Producto dulce bajo mínimo! Stock actual: 4','2025-04-29 11:58:34',0),(682,'Producto sdgdjhfgj bajo mínimo! Stock actual: 45','2025-04-29 11:58:34',0),(683,'Producto rhefh bajo mínimo! Stock actual: 45','2025-04-29 11:59:47',1),(684,'Producto FRENO bajo mínimo! Stock actual: 7','2025-04-29 11:59:47',1),(685,'Producto filtro de aceite fz18 200 bajo mínimo! Stock actual: 0','2025-04-29 11:59:47',1),(686,'Producto pin pastilla freno set xt660 bajo mínimo! Stock actual: -83','2025-04-29 11:59:47',1),(687,'Producto fhdh bajo mínimo! Stock actual: -15','2025-04-29 11:59:47',1),(688,'Producto kit de arrastre cb 190r honda original bajo mínimo! Stock actual: -5','2025-04-29 11:59:47',1),(689,'Producto dulce bajo mínimo! Stock actual: 4','2025-04-29 11:59:47',1),(690,'Producto sdgdjhfgj bajo mínimo! Stock actual: 45','2025-04-29 11:59:47',1),(691,'Producto rhefh bajo mínimo! Stock actual: 45','2025-04-29 12:00:30',1),(692,'Producto FRENO bajo mínimo! Stock actual: 7','2025-04-29 12:00:30',1),(693,'Producto filtro de aceite fz18 200 bajo mínimo! Stock actual: 0','2025-04-29 12:00:30',1),(694,'Producto pin pastilla freno set xt660 bajo mínimo! Stock actual: -83','2025-04-29 12:00:30',1),(695,'Producto fhdh bajo mínimo! Stock actual: -15','2025-04-29 12:00:30',1),(696,'Producto kit de arrastre cb 190r honda original bajo mínimo! Stock actual: -5','2025-04-29 12:00:30',1),(697,'Producto dulce bajo mínimo! Stock actual: 4','2025-04-29 12:00:30',1),(698,'Producto sdgdjhfgj bajo mínimo! Stock actual: 45','2025-04-29 12:00:30',1),(699,'Producto filtro de aceite fz18 200 bajo mínimo! Stock actual: 0','2025-05-05 11:34:54',1),(700,'Producto pin pastilla freno set xt660 bajo mínimo! Stock actual: -83','2025-05-05 11:34:54',1),(701,'Producto fhdh bajo mínimo! Stock actual: -15','2025-05-05 11:34:54',1),(702,'Producto kit de arrastre cb 190r honda original bajo mínimo! Stock actual: -5','2025-05-05 11:34:54',1),(703,'Producto dulce bajo mínimo! Stock actual: 3','2025-05-05 11:34:55',1),(704,'Producto sdgdjhfgj bajo mínimo! Stock actual: 45','2025-05-05 11:34:55',1),(705,'Producto filtro de aceite fz18 200 bajo mínimo! Stock actual: 0','2025-05-08 11:34:24',1),(706,'Producto pin pastilla freno set xt660 bajo mínimo! Stock actual: -83','2025-05-08 11:34:24',1),(707,'Producto fhdh bajo mínimo! Stock actual: -15','2025-05-08 11:34:24',0),(708,'Producto kit de arrastre cb 190r honda original bajo mínimo! Stock actual: -5','2025-05-08 11:34:24',0),(709,'Producto dulce bajo mínimo! Stock actual: 2','2025-05-08 11:34:24',0),(710,'Producto sdgdjhfgj bajo mínimo! Stock actual: 45','2025-05-08 11:34:24',0),(711,'Producto filtro de aceite fz18 200 bajo mínimo! Stock actual: 0','2025-05-08 11:35:13',1),(712,'Producto pin pastilla freno set xt660 bajo mínimo! Stock actual: -83','2025-05-08 11:35:13',1),(713,'Producto fhdh bajo mínimo! Stock actual: -15','2025-05-08 11:35:13',1),(714,'Producto kit de arrastre cb 190r honda original bajo mínimo! Stock actual: -5','2025-05-08 11:35:13',1),(715,'Producto dulce bajo mínimo! Stock actual: 1','2025-05-08 11:35:13',1),(716,'Producto sdgdjhfgj bajo mínimo! Stock actual: 45','2025-05-08 11:35:13',1),(717,'Producto filtro de aceite fz18 200 bajo mínimo! Stock actual: 0','2025-05-08 12:03:40',1),(718,'Producto pin pastilla freno set xt660 bajo mínimo! Stock actual: -83','2025-05-08 12:03:40',1),(719,'Producto fhdh bajo mínimo! Stock actual: -15','2025-05-08 12:03:40',1),(720,'Producto kit de arrastre cb 190r honda original bajo mínimo! Stock actual: -5','2025-05-08 12:03:40',1),(721,'Producto dulce bajo mínimo! Stock actual: 1','2025-05-08 12:03:40',1),(722,'Producto sdgdjhfgj bajo mínimo! Stock actual: 44','2025-05-08 12:03:40',1),(723,'Producto filtro de aceite fz18 200 bajo mínimo! Stock actual: 0','2025-05-09 11:31:58',1),(724,'Producto fhdh bajo mínimo! Stock actual: 15','2025-05-09 11:31:58',1),(725,'Producto kit de arrastre cb 190r honda original bajo mínimo! Stock actual: -5','2025-05-09 11:31:58',1),(726,'Producto dulce bajo mínimo! Stock actual: 1','2025-05-09 11:31:58',1),(727,'Producto sdgdjhfgj bajo mínimo! Stock actual: 43','2025-05-09 11:31:58',1),(728,'Producto dfg bajo mínimo! Stock actual: 18','2025-05-09 11:31:58',1),(729,'Producto filtro de aceite fz18 200 bajo mínimo! Stock actual: 0','2025-05-09 11:33:20',0),(730,'Producto fhdh bajo mínimo! Stock actual: 15','2025-05-09 11:33:20',0),(731,'Producto kit de arrastre cb 190r honda original bajo mínimo! Stock actual: -5','2025-05-09 11:33:20',0),(732,'Producto dulce bajo mínimo! Stock actual: 1','2025-05-09 11:33:20',0),(733,'Producto sdgdjhfgj bajo mínimo! Stock actual: 42','2025-05-09 11:33:20',0),(734,'Producto dfg bajo mínimo! Stock actual: 18','2025-05-09 11:33:20',0),(735,'Producto filtro de aceite fz18 200 bajo mínimo! Stock actual: 0','2025-05-09 11:34:02',0),(736,'Producto fhdh bajo mínimo! Stock actual: 15','2025-05-09 11:34:02',0),(737,'Producto kit de arrastre cb 190r honda original bajo mínimo! Stock actual: -5','2025-05-09 11:34:02',0),(738,'Producto dulce bajo mínimo! Stock actual: 1','2025-05-09 11:34:02',0),(739,'Producto sdgdjhfgj bajo mínimo! Stock actual: 42','2025-05-09 11:34:02',0),(740,'Producto dfg bajo mínimo! Stock actual: 17','2025-05-09 11:34:02',0),(741,'Producto bolsas bajo mínimo! Stock actual: 20','2025-05-15 12:25:01',0),(742,'Producto guantes bajo mínimo! Stock actual: 44','2025-05-15 12:25:01',0),(743,'Producto filtro de aceite fz18 200 bajo mínimo! Stock actual: 0','2025-05-15 12:25:01',0),(744,'Producto fhdh bajo mínimo! Stock actual: 15','2025-05-15 12:25:01',0),(745,'Producto dulce bajo mínimo! Stock actual: 1','2025-05-15 12:25:01',0),(746,'Producto cascos bajo mínimo! Stock actual: 49','2025-05-15 12:25:01',0),(747,'Producto maletas bajo mínimo! Stock actual: 20','2025-05-15 12:25:01',0),(748,'Producto vestuario bajo mínimo! Stock actual: 14','2025-05-15 12:25:01',0),(749,'Producto sdgdjhfgj bajo mínimo! Stock actual: 42','2025-05-15 12:25:01',0),(750,'Producto dfg bajo mínimo! Stock actual: 17','2025-05-15 12:25:01',0),(751,'Producto gdxgdxhf bajo mínimo! Stock actual: 12','2025-05-15 12:25:01',0),(752,'Producto bolsas bajo mínimo! Stock actual: 20','2025-05-15 12:56:20',0),(753,'Producto guantes bajo mínimo! Stock actual: 44','2025-05-15 12:56:20',0),(754,'Producto filtro de aceite fz18 200 bajo mínimo! Stock actual: 0','2025-05-15 12:56:20',0),(755,'Producto fhdh bajo mínimo! Stock actual: 15','2025-05-15 12:56:20',0),(756,'Producto dulce bajo mínimo! Stock actual: 1','2025-05-15 12:56:20',0),(757,'Producto cascos bajo mínimo! Stock actual: 49','2025-05-15 12:56:20',0),(758,'Producto maletas bajo mínimo! Stock actual: 20','2025-05-15 12:56:20',0),(759,'Producto vestuario bajo mínimo! Stock actual: 14','2025-05-15 12:56:20',0),(760,'Producto sdgdjhfgj bajo mínimo! Stock actual: 42','2025-05-15 12:56:20',0),(761,'Producto dfg bajo mínimo! Stock actual: 17','2025-05-15 12:56:20',0),(762,'Producto gdxgdxhf bajo mínimo! Stock actual: 12','2025-05-15 12:56:20',0),(763,'Producto Jdlebejsoe bajo mínimo! Stock actual: 35','2025-05-15 12:56:20',0),(764,'Producto bolsas bajo mínimo! Stock actual: 20','2025-05-19 13:30:23',1),(765,'Producto guantes bajo mínimo! Stock actual: 44','2025-05-19 13:30:23',0),(766,'Producto filtro de aceite fz18 200 bajo mínimo! Stock actual: 0','2025-05-19 13:30:23',0),(767,'Producto fhdh bajo mínimo! Stock actual: 14','2025-05-19 13:30:23',0),(768,'Producto dulce bajo mínimo! Stock actual: 1','2025-05-19 13:30:23',1),(769,'Producto cascos bajo mínimo! Stock actual: 49','2025-05-19 13:30:23',1),(770,'Producto maletas bajo mínimo! Stock actual: 20','2025-05-19 13:30:23',1),(771,'Producto vestuario bajo mínimo! Stock actual: 14','2025-05-19 13:30:23',1),(772,'Producto sdgdjhfgj bajo mínimo! Stock actual: 42','2025-05-19 13:30:23',1),(773,'Producto dfg bajo mínimo! Stock actual: 17','2025-05-19 13:30:23',1),(774,'Producto gdxgdxhf bajo mínimo! Stock actual: 12','2025-05-19 13:30:23',1),(775,'Producto Jdlebejsoe bajo mínimo! Stock actual: 35','2025-05-19 13:30:23',1),(776,'Producto bolsas bajo mínimo! Stock actual: 20','2025-05-23 15:16:14',0),(777,'Producto guantes bajo mínimo! Stock actual: 44','2025-05-23 15:16:14',0),(778,'Producto fhdh bajo mínimo! Stock actual: 14','2025-05-23 15:16:14',1),(779,'Producto dulce bajo mínimo! Stock actual: 1','2025-05-23 15:16:14',1),(780,'Producto cascos bajo mínimo! Stock actual: 48','2025-05-23 15:16:14',1),(781,'Producto maletas bajo mínimo! Stock actual: 19','2025-05-23 15:16:14',1),(782,'Producto vestuario bajo mínimo! Stock actual: 14','2025-05-23 15:16:14',1),(783,'Producto sdgdjhfgj bajo mínimo! Stock actual: 42','2025-05-23 15:16:14',1),(784,'Producto dfg bajo mínimo! Stock actual: 17','2025-05-23 15:16:14',1),(785,'Producto gdxgdxhf bajo mínimo! Stock actual: 12','2025-05-23 15:16:14',0),(786,'Producto Jdlebejsoe bajo mínimo! Stock actual: 34','2025-05-23 15:16:14',1),(787,'Producto bolsas bajo mínimo! Stock actual: 20','2025-05-27 15:51:21',1),(788,'Producto guantes bajo mínimo! Stock actual: 44','2025-05-27 15:51:21',1),(789,'Producto fhdh bajo mínimo! Stock actual: 14','2025-05-27 15:51:21',1),(790,'Producto dulce bajo mínimo! Stock actual: 0','2025-05-27 15:51:21',1),(791,'Producto cascos bajo mínimo! Stock actual: 47','2025-05-27 15:51:21',1),(792,'Producto maletas bajo mínimo! Stock actual: 18','2025-05-27 15:51:21',1),(793,'Producto vestuario bajo mínimo! Stock actual: 13','2025-05-27 15:51:21',1),(794,'Producto sdgdjhfgj bajo mínimo! Stock actual: 42','2025-05-27 15:51:21',1),(795,'Producto dfg bajo mínimo! Stock actual: 17','2025-05-27 15:51:21',0),(796,'Producto gdxgdxhf bajo mínimo! Stock actual: 12','2025-05-27 15:51:21',0),(797,'Producto Jdlebejsoe bajo mínimo! Stock actual: 34','2025-05-27 15:51:21',0),(798,'Producto bolsas bajo mínimo! Stock actual: 20','2025-05-28 16:26:22',0),(799,'Producto guantes bajo mínimo! Stock actual: 44','2025-05-28 16:26:22',0),(800,'Producto fhdh bajo mínimo! Stock actual: 14','2025-05-28 16:26:22',0),(801,'Producto dulce bajo mínimo! Stock actual: 5','2025-05-28 16:26:22',0),(802,'Producto cascos bajo mínimo! Stock actual: 47','2025-05-28 16:26:22',1),(803,'Producto maletas bajo mínimo! Stock actual: 18','2025-05-28 16:26:22',1),(804,'Producto vestuario bajo mínimo! Stock actual: 13','2025-05-28 16:26:22',1),(805,'Producto sdgdjhfgj bajo mínimo! Stock actual: 41','2025-05-28 16:26:22',1),(806,'Producto dfg bajo mínimo! Stock actual: 17','2025-05-28 16:26:22',1),(807,'Producto pastillas freno bajo mínimo! Stock actual: 23','2025-05-28 16:26:22',1),(808,'Producto gdxgdxhf bajo mínimo! Stock actual: 12','2025-05-28 16:26:22',1),(809,'Producto Jdlebejsoe bajo mínimo! Stock actual: 34','2025-05-28 16:26:22',1),(810,'Producto bolsas bajo mínimo! Stock actual: 19','2025-05-29 16:03:09',0),(811,'Producto guantes bajo mínimo! Stock actual: 44','2025-05-29 16:03:09',0),(812,'Producto fhdh bajo mínimo! Stock actual: 14','2025-05-29 16:03:09',0),(813,'Producto dulce bajo mínimo! Stock actual: 5','2025-05-29 16:03:09',0),(814,'Producto cascos bajo mínimo! Stock actual: 47','2025-05-29 16:03:09',0),(815,'Producto maletas bajo mínimo! Stock actual: 18','2025-05-29 16:03:09',0),(816,'Producto vestuario bajo mínimo! Stock actual: 13','2025-05-29 16:03:09',0),(817,'Producto sdgdjhfgj bajo mínimo! Stock actual: 41','2025-05-29 16:03:09',0),(818,'Producto dfg bajo mínimo! Stock actual: 17','2025-05-29 16:03:09',0),(819,'Producto pastillas freno bajo mínimo! Stock actual: 23','2025-05-29 16:03:09',0),(820,'Producto gdxgdxhf bajo mínimo! Stock actual: 12','2025-05-29 16:03:09',0),(821,'Producto Jdlebejsoe bajo mínimo! Stock actual: 34','2025-05-29 16:03:09',0),(822,'Producto bolsas bajo mínimo! Stock actual: 19','2025-05-29 16:42:16',0),(823,'Producto guantes bajo mínimo! Stock actual: 44','2025-05-29 16:42:16',0),(824,'Producto fhdh bajo mínimo! Stock actual: 14','2025-05-29 16:42:16',0),(825,'Producto dulce bajo mínimo! Stock actual: 5','2025-05-29 16:42:16',0),(826,'Producto cascos bajo mínimo! Stock actual: 47','2025-05-29 16:42:16',0),(827,'Producto maletas bajo mínimo! Stock actual: 18','2025-05-29 16:42:16',0),(828,'Producto vestuario bajo mínimo! Stock actual: 12','2025-05-29 16:42:16',0),(829,'Producto sdgdjhfgj bajo mínimo! Stock actual: 41','2025-05-29 16:42:16',0),(830,'Producto dfg bajo mínimo! Stock actual: 17','2025-05-29 16:42:16',0),(831,'Producto pastillas freno bajo mínimo! Stock actual: 23','2025-05-29 16:42:16',0),(832,'Producto gdxgdxhf bajo mínimo! Stock actual: 12','2025-05-29 16:42:16',0),(833,'Producto Jdlebejsoe bajo mínimo! Stock actual: 34','2025-05-29 16:42:16',0),(834,'Producto bolsas bajo mínimo! Stock actual: 19','2025-05-30 12:55:09',0),(835,'Producto guantes bajo mínimo! Stock actual: 44','2025-05-30 12:55:09',0),(836,'Producto fhdh bajo mínimo! Stock actual: 14','2025-05-30 12:55:09',0),(837,'Producto dulce bajo mínimo! Stock actual: 5','2025-05-30 12:55:09',0),(838,'Producto cascos bajo mínimo! Stock actual: 47','2025-05-30 12:55:09',0),(839,'Producto maletas bajo mínimo! Stock actual: 18','2025-05-30 12:55:09',0),(840,'Producto vestuario bajo mínimo! Stock actual: 12','2025-05-30 12:55:09',0),(841,'Producto sdgdjhfgj bajo mínimo! Stock actual: 41','2025-05-30 12:55:09',0),(842,'Producto dfg bajo mínimo! Stock actual: 17','2025-05-30 12:55:09',0),(843,'Producto pastillas freno bajo mínimo! Stock actual: 23','2025-05-30 12:55:09',0),(844,'Producto gdxgdxhf bajo mínimo! Stock actual: 12','2025-05-30 12:55:09',0),(845,'Producto Jdlebejsoe bajo mínimo! Stock actual: 34','2025-05-30 12:55:09',0),(846,'Producto bolsas bajo mínimo! Stock actual: 19','2025-05-30 13:19:26',0),(847,'Producto fhdh bajo mínimo! Stock actual: 14','2025-05-30 13:19:26',0),(848,'Producto dulce bajo mínimo! Stock actual: 5','2025-05-30 13:19:26',0),(849,'Producto maletas bajo mínimo! Stock actual: 17','2025-05-30 13:19:26',0),(850,'Producto vestuario bajo mínimo! Stock actual: 12','2025-05-30 13:19:26',0),(851,'Producto dfg bajo mínimo! Stock actual: 17','2025-05-30 13:19:26',0),(852,'Producto pastillas freno bajo mínimo! Stock actual: 23','2025-05-30 13:19:26',0),(853,'Producto gdxgdxhf bajo mínimo! Stock actual: 12','2025-05-30 13:19:26',0),(854,'Producto bolsas bajo mínimo! Stock actual: 17','2025-05-30 15:03:30',1),(855,'Producto fhdh bajo mínimo! Stock actual: 13','2025-05-30 15:03:30',1),(856,'Producto dulce bajo mínimo! Stock actual: 5','2025-05-30 15:03:30',1),(857,'Producto maletas bajo mínimo! Stock actual: 17','2025-05-30 15:03:30',1),(858,'Producto vestuario bajo mínimo! Stock actual: 12','2025-05-30 15:03:30',0),(859,'Producto dfg bajo mínimo! Stock actual: 17','2025-05-30 15:03:30',0),(860,'Producto pastillas freno bajo mínimo! Stock actual: 23','2025-05-30 15:03:30',0),(861,'Producto gdxgdxhf bajo mínimo! Stock actual: 12','2025-05-30 15:03:30',0),(862,'Producto bolsas bajo mínimo! Stock actual: 17','2025-05-30 15:04:51',1),(863,'Producto fhdh bajo mínimo! Stock actual: 13','2025-05-30 15:04:51',1),(864,'Producto dulce bajo mínimo! Stock actual: 5','2025-05-30 15:04:51',1),(865,'Producto maletas bajo mínimo! Stock actual: 17','2025-05-30 15:04:51',1),(866,'Producto vestuario bajo mínimo! Stock actual: 11','2025-05-30 15:04:51',1),(867,'Producto dfg bajo mínimo! Stock actual: 17','2025-05-30 15:04:51',1),(868,'Producto pastillas freno bajo mínimo! Stock actual: 23','2025-05-30 15:04:51',1),(869,'Producto gdxgdxhf bajo mínimo! Stock actual: 12','2025-05-30 15:04:51',1),(870,'Producto fhdh bajo mínimo! Stock actual: 13','2025-06-02 17:22:50',1),(871,'Producto dulce bajo mínimo! Stock actual: 5','2025-06-02 17:22:50',1),(872,'Producto vestuario bajo mínimo! Stock actual: 11','2025-06-02 17:22:50',1),(873,'Producto gdxgdxhf bajo mínimo! Stock actual: 12','2025-06-02 17:22:50',1),(874,'Producto fhdh bajo mínimo! Stock actual: 13','2025-06-02 17:35:12',1),(875,'Producto dulce bajo mínimo! Stock actual: 5','2025-06-02 17:35:12',1),(876,'Producto vestuario bajo mínimo! Stock actual: 11','2025-06-02 17:35:12',1),(877,'Producto gdxgdxhf bajo mínimo! Stock actual: 12','2025-06-02 17:35:12',1),(878,'Producto fhdh bajo mínimo! Stock actual: 13','2025-06-03 00:31:59',1),(879,'Producto dulce bajo mínimo! Stock actual: 1','2025-06-03 00:31:59',1),(880,'Producto vestuario bajo mínimo! Stock actual: 11','2025-06-03 00:31:59',1),(881,'Producto gdxgdxhf bajo mínimo! Stock actual: 12','2025-06-03 00:31:59',1),(882,'Producto llantas bajo mínimo! Stock actual: 8','2025-06-03 01:31:11',1),(883,'Producto fhdh bajo mínimo! Stock actual: 13','2025-06-03 01:31:11',1),(884,'Producto dulce bajo mínimo! Stock actual: 1','2025-06-03 01:31:11',1),(885,'Producto vestuario bajo mínimo! Stock actual: 11','2025-06-03 01:31:11',1),(886,'Producto gdxgdxhf bajo mínimo! Stock actual: 12','2025-06-03 01:31:11',1),(887,'Producto llantas bajo mínimo! Stock actual: 8','2025-06-03 12:42:51',0),(888,'Producto fhdh bajo mínimo! Stock actual: 13','2025-06-03 12:42:51',0),(889,'Producto dulce bajo mínimo! Stock actual: 1','2025-06-03 12:42:51',0),(890,'Producto vestuario bajo mínimo! Stock actual: 11','2025-06-03 12:42:51',0),(891,'Producto gdxgdxhf bajo mínimo! Stock actual: 12','2025-06-03 12:42:51',0),(892,'Producto llantas bajo mínimo! Stock actual: 8','2025-06-03 13:00:22',0),(893,'Producto fhdh bajo mínimo! Stock actual: 13','2025-06-03 13:00:22',0),(894,'Producto dulce bajo mínimo! Stock actual: 1','2025-06-03 13:00:22',0),(895,'Producto vestuario bajo mínimo! Stock actual: 11','2025-06-03 13:00:22',0),(896,'Producto gdxgdxhf bajo mínimo! Stock actual: 12','2025-06-03 13:00:22',0),(897,'Producto llantas bajo mínimo! Stock actual: 8','2025-06-03 16:11:15',1),(898,'Producto fhdh bajo mínimo! Stock actual: 12','2025-06-03 16:11:15',0),(899,'Producto dulce bajo mínimo! Stock actual: 1','2025-06-03 16:11:15',0),(900,'Producto vestuario bajo mínimo! Stock actual: 11','2025-06-03 16:11:15',0),(901,'Producto gdxgdxhf bajo mínimo! Stock actual: 12','2025-06-03 16:11:15',0),(902,'Producto llantas bajo mínimo! Stock actual: 8','2025-06-04 13:06:01',0),(903,'Producto dulce bajo mínimo! Stock actual: 1','2025-06-04 13:06:01',0),(904,'Producto vestuario bajo mínimo! Stock actual: 11','2025-06-04 13:06:01',0),(905,'Producto llantas bajo mínimo! Stock actual: 8','2025-06-04 15:33:47',0),(906,'Producto fhdh bajo mínimo! Stock actual: 12','2025-06-04 15:33:47',0),(907,'Producto dulce bajo mínimo! Stock actual: 1','2025-06-04 15:33:47',0),(908,'Producto vestuario bajo mínimo! Stock actual: 11','2025-06-04 15:33:47',0),(909,'Producto gdxgdxhf bajo mínimo! Stock actual: 12','2025-06-04 15:33:47',0),(910,'Producto llantas bajo mínimo! Stock actual: 8','2025-06-04 15:34:13',0),(911,'Producto fhdh bajo mínimo! Stock actual: 12','2025-06-04 15:34:13',0),(912,'Producto dulce bajo mínimo! Stock actual: 1','2025-06-04 15:34:13',0),(913,'Producto maletas bajo mínimo! Stock actual: 13','2025-06-04 15:34:13',0),(914,'Producto vestuario bajo mínimo! Stock actual: 11','2025-06-04 15:34:13',0),(915,'Producto gdxgdxhf bajo mínimo! Stock actual: 12','2025-06-04 15:34:13',0),(916,'Producto llantas bajo mínimo! Stock actual: 8','2025-06-05 11:52:24',0),(917,'Producto fhdh bajo mínimo! Stock actual: 12','2025-06-05 11:52:24',0),(918,'Producto dulce bajo mínimo! Stock actual: 1','2025-06-05 11:52:24',0),(919,'Producto maletas bajo mínimo! Stock actual: 13','2025-06-05 11:52:24',0),(920,'Producto vestuario bajo mínimo! Stock actual: 11','2025-06-05 11:52:24',0),(921,'Producto gdxgdxhf bajo mínimo! Stock actual: 12','2025-06-05 11:52:24',0),(922,'Producto llantas bajo mínimo! Stock actual: 8','2025-06-05 11:53:06',0),(923,'Producto fhdh bajo mínimo! Stock actual: 12','2025-06-05 11:53:06',0),(924,'Producto dulce bajo mínimo! Stock actual: 1','2025-06-05 11:53:06',0),(925,'Producto maletas bajo mínimo! Stock actual: 13','2025-06-05 11:53:06',0),(926,'Producto vestuario bajo mínimo! Stock actual: 11','2025-06-05 11:53:06',0),(927,'Producto gdxgdxhf bajo mínimo! Stock actual: 12','2025-06-05 11:53:06',0),(928,'Producto llantas bajo mínimo! Stock actual: 8','2025-06-05 13:16:34',0),(929,'Producto fhdh bajo mínimo! Stock actual: 12','2025-06-05 13:16:34',0),(930,'Producto dulce bajo mínimo! Stock actual: 1','2025-06-05 13:16:34',0),(931,'Producto maletas bajo mínimo! Stock actual: 13','2025-06-05 13:16:34',0),(932,'Producto vestuario bajo mínimo! Stock actual: 11','2025-06-05 13:16:34',0),(933,'Producto gdxgdxhf bajo mínimo! Stock actual: 12','2025-06-05 13:16:34',0);
/*!40000 ALTER TABLE `notificaciones` ENABLE KEYS */;
UNLOCK TABLES;

--
-- Table structure for table `permiso`
--

DROP TABLE IF EXISTS `permiso`;
/*!40101 SET @saved_cs_client     = @@character_set_client */;
/*!40101 SET character_set_client = utf8 */;
CREATE TABLE `permiso` (
  `id` int(11) NOT NULL AUTO_INCREMENT,
  `nombre` varchar(50) NOT NULL,
  PRIMARY KEY (`id`)
) ENGINE=InnoDB AUTO_INCREMENT=24 DEFAULT CHARSET=utf8mb4 COLLATE=utf8mb4_general_ci;
/*!40101 SET character_set_client = @saved_cs_client */;

--
-- Dumping data for table `permiso`
--

LOCK TABLES `permiso` WRITE;
/*!40000 ALTER TABLE `permiso` DISABLE KEYS */;
INSERT INTO `permiso` VALUES (1,'PRODUCTO'),(2,'Crear Producto'),(3,'Actualizar Producto'),(4,'Categorias'),(5,'Ubicacion'),(6,'Marca'),(7,'PROVEEDOR'),(8,'Crear Proveedor'),(9,'Actualizar Proveedor'),(10,'Lista Proveedor'),(11,'INVENTARIO'),(12,'Lista de Productos'),(13,'FACTURA'),(14,'Venta'),(15,'Reporte'),(16,'USUARIO'),(17,'Informacion'),(18,'CONFIGURACION'),(19,'Stock'),(20,'Gestion de usuarios'),(21,'Personalizacion de Reportes'),(22,'Notificaciones de Stock'),(23,'Frecuencia Automatica de Reportes');
/*!40000 ALTER TABLE `permiso` ENABLE KEYS */;
UNLOCK TABLES;

--
-- Table structure for table `producto`
--

DROP TABLE IF EXISTS `producto`;
/*!40101 SET @saved_cs_client     = @@character_set_client */;
/*!40101 SET character_set_client = utf8 */;
CREATE TABLE `producto` (
  `codigo1` int(11) NOT NULL,
  `codigo2` int(50) NOT NULL,
  `nombre` varchar(45) NOT NULL,
  `iva` double NOT NULL,
  `precio1` double NOT NULL,
  `precio2` double NOT NULL,
  `precio3` double NOT NULL,
  `cantidad` int(11) NOT NULL,
  `descripcion` text NOT NULL,
  `Categoria_codigo` int(11) NOT NULL,
  `Marca_codigo` int(11) NOT NULL,
  `UnidadMedida_codigo` int(11) NOT NULL,
  `Ubicacion_codigo` int(11) NOT NULL,
  `proveedor_nit` int(11) NOT NULL,
  PRIMARY KEY (`codigo1`),
  KEY `fk_Producto_Categoria1_idx` (`Categoria_codigo`),
  KEY `fk_Producto_Marca1_idx` (`Marca_codigo`),
  KEY `fk_Producto_UnidadMedida1_idx` (`UnidadMedida_codigo`),
  KEY `fk_Producto_Ubicacion1_idx` (`Ubicacion_codigo`),
  KEY `proveedor_nit` (`proveedor_nit`) USING BTREE,
  CONSTRAINT `fk_Producto_Categoria1` FOREIGN KEY (`Categoria_codigo`) REFERENCES `categoria` (`codigo`) ON DELETE NO ACTION ON UPDATE NO ACTION,
  CONSTRAINT `fk_Producto_Marca1` FOREIGN KEY (`Marca_codigo`) REFERENCES `marca` (`codigo`) ON DELETE NO ACTION ON UPDATE NO ACTION,
  CONSTRAINT `fk_Producto_Proveedor1` FOREIGN KEY (`proveedor_nit`) REFERENCES `proveedor` (`nit`) ON DELETE NO ACTION ON UPDATE NO ACTION,
  CONSTRAINT `fk_Producto_Ubicacion1` FOREIGN KEY (`Ubicacion_codigo`) REFERENCES `ubicacion` (`codigo`) ON DELETE NO ACTION ON UPDATE NO ACTION,
  CONSTRAINT `fk_Producto_UnidadMedida1` FOREIGN KEY (`UnidadMedida_codigo`) REFERENCES `unidadmedida` (`codigo`) ON DELETE NO ACTION ON UPDATE NO ACTION
) ENGINE=InnoDB DEFAULT CHARSET=utf8 COLLATE=utf8_general_ci;
/*!40101 SET character_set_client = @saved_cs_client */;

--
-- Dumping data for table `producto`
--

LOCK TABLES `producto` WRITE;
/*!40000 ALTER TABLE `producto` DISABLE KEYS */;
INSERT INTO `producto` VALUES (43,543,'llantas',5,756000,800000,6900000,8,'color rojo',2,2,1,3,9298),(125,746,'bolsas',19,127000,124000,147000,16,'bonitos',2,2,1,2,9298),(213,21,'guantes',19,11,1200000,1500000,44,'bonitos',258,2,1,2,9298),(745,0,'pin pastilla freno set xt660',19,860,8191915981,5119191,80,'nn',1,2,1,4,9298),(895,0,'fhdh',15,194941,54949,59849,12,'fdhdfh',1,3,1,3,753),(1204,0,'dulce',19,3456346,876876,8757865,1,'r6utr6utryjtryujty',2,2,1,3,9298),(1233,1236,'cascos',19,15000,120000,147000,44,'bonitos',2,2,1,1,753),(1278,1246,'maletas',19,120000,1270000,12400000,13,'bonitos',2,2,1,2,9298),(1472,1234,'vestuario',19,147000,1240000,2000000,11,'bonitos',2,2,1,2,753),(1532,2567,'accesorios',19,1400,1200,1070,500,'bonitos',2,2,1,2,9298),(1564,0,'sdgdjhfgj',18,49494,5000000,4800000,41,'no se bndad',5,3,1,3,753),(1747,744,'dfg',19,30000,50000,60000,17,'sdvsdv',2,2,1,4,9298),(1234556,0,'pastillas freno',19,350000,400000,450000,23,'BWS 125 AKT 125',123,1,1,2,9298),(6756768,8676,'llantas',19,18000,30000,49990,7,'llanta color negro',1,2,1,3,648465165),(65497868,2147483647,'sdfsd',19,647,494984984,681981651,7650,'',2,2,1,1,45686),(98498451,819819861,'gdxgdxhf',19,216168,35138135,384351,12,'',4,6,1,3,9298),(628197472,73927362,'Jdlebejsoe',19,6834949761,6731943754,7664949465,34,'',123,8,1,3,648465165);
/*!40000 ALTER TABLE `producto` ENABLE KEYS */;
UNLOCK TABLES;

--
-- Table structure for table `producto_factura`
--

DROP TABLE IF EXISTS `producto_factura`;
/*!40101 SET @saved_cs_client     = @@character_set_client */;
/*!40101 SET character_set_client = utf8 */;
CREATE TABLE `producto_factura` (
  `id` int(11) NOT NULL AUTO_INCREMENT,
  `Factura_codigo` int(11) NOT NULL,
  `Producto_codigo` int(11) NOT NULL,
  `nombreProducto` varchar(100) NOT NULL,
  `cantidad` int(11) NOT NULL,
  `precioUnitario` double NOT NULL,
  PRIMARY KEY (`id`),
  KEY `Factura_codigo` (`Factura_codigo`),
  KEY `producto_factura_ibfk_2` (`Producto_codigo`),
  CONSTRAINT `producto_factura_ibfk_1` FOREIGN KEY (`Factura_codigo`) REFERENCES `factura` (`codigo`),
  CONSTRAINT `producto_factura_ibfk_2` FOREIGN KEY (`Producto_codigo`) REFERENCES `producto` (`codigo1`) ON DELETE CASCADE
) ENGINE=InnoDB AUTO_INCREMENT=207 DEFAULT CHARSET=utf8mb4 COLLATE=utf8mb4_general_ci;
/*!40101 SET character_set_client = @saved_cs_client */;

--
-- Dumping data for table `producto_factura`
--

LOCK TABLES `producto_factura` WRITE;
/*!40000 ALTER TABLE `producto_factura` DISABLE KEYS */;
INSERT INTO `producto_factura` VALUES (77,71,745,'',1,8191),(78,71,895,'',1,54949),(81,72,895,'',1,54949),(82,73,745,'',3,8191),(83,74,745,'',3,8191),(84,75,745,'',3,8191),(85,76,745,'',3,8191),(86,77,745,'',3,8191),(87,78,745,'',3,8191),(88,79,745,'',3,8191),(89,80,745,'',3,8191),(90,81,745,'',3,8191),(91,82,745,'',3,8191),(92,83,745,'',3,8191),(93,84,745,'',3,8191),(94,85,745,'',3,8191),(95,86,745,'',3,8191),(96,87,745,'',3,8191),(97,88,745,'',3,8191),(98,89,745,'',3,8191),(99,90,745,'',3,8191),(100,91,745,'',3,8191),(111,97,745,'',3,8191),(112,98,745,'',3,8191),(113,99,745,'',3,8191),(114,100,745,'',3,8191),(115,101,745,'',3,8191),(116,102,745,'',3,8191),(117,103,745,'',3,8191),(118,104,745,'',3,8191),(119,105,745,'',3,8191),(120,106,745,'',3,8191),(133,119,895,'',2,54949),(134,120,895,'',2,54949),(135,121,895,'',2,54949),(136,122,895,'',2,54949),(137,123,895,'',2,54949),(138,124,895,'',2,54949),(139,125,895,'',2,54949),(140,126,895,'',2,54949),(141,127,895,'',2,54949),(142,128,895,'',2,54949),(143,129,895,'',2,54949),(144,130,895,'',2,54949),(145,131,895,'',2,54949),(146,132,895,'',2,54949),(147,133,895,'',2,54949),(148,134,895,'',2,54949),(158,144,1204,'',1,876876),(159,145,1204,'',1,876876),(160,146,1204,'',1,876876),(168,154,1204,'',1,876876),(169,155,1204,'',1,876876),(170,156,1204,'',1,876876),(171,157,1564,'',1,5000),(172,158,1564,'',1,5000),(173,159,1564,'',1,5000),(174,160,1747,'',1,50000),(175,161,1233,'',1,120000),(177,163,895,'',1,54949),(178,164,1233,'',1,120000),(179,164,1278,'',1,1270),(180,164,628197472,'',1,6731),(181,165,1233,'',1,120000),(182,165,1278,'',1,1270),(183,165,1472,'',1,1240),(184,165,1204,'',1,876876),(185,166,1564,'',1,5000),(186,167,125,'',1,124000),(187,168,1472,'',1,1240),(188,169,65497868,'',1,494984),(189,170,1278,'',1,1270),(190,171,125,'',2,124000),(191,171,895,'',1,54949),(192,172,1472,'',1,1240),(193,173,1278,'',1,1270),(194,174,1278,'',1,1270000),(195,175,125,'',1,124000),(196,175,1204,'',4,876876),(197,176,43,'',2,800000),(198,177,745,'',1,8191915981),(199,178,1233,'',1,120000),(200,179,895,'',1,54949),(201,180,1278,'',1,1270000),(202,181,1233,'',1,120000),(203,182,1278,'',1,1270000),(204,183,1233,'',1,120000),(205,184,745,'',1,8191915981),(206,185,745,'',1,8191915981);
/*!40000 ALTER TABLE `producto_factura` ENABLE KEYS */;
UNLOCK TABLES;

--
-- Table structure for table `proveedor`
--

DROP TABLE IF EXISTS `proveedor`;
/*!40101 SET @saved_cs_client     = @@character_set_client */;
/*!40101 SET character_set_client = utf8 */;
CREATE TABLE `proveedor` (
  `nit` int(11) NOT NULL,
  `nombre` varchar(45) NOT NULL,
  `telefono` varchar(13) NOT NULL,
  `direccion` varchar(100) NOT NULL,
  `correo` varchar(45) NOT NULL,
  `estado` enum('activo','inactivo') NOT NULL,
  PRIMARY KEY (`nit`)
) ENGINE=InnoDB DEFAULT CHARSET=utf8 COLLATE=utf8_general_ci;
/*!40101 SET character_set_client = @saved_cs_client */;

--
-- Dumping data for table `proveedor`
--

LOCK TABLES `proveedor` WRITE;
/*!40000 ALTER TABLE `proveedor` DISABLE KEYS */;
INSERT INTO `proveedor` VALUES (753,'cable','565468','kyiugniyg','iugniug','activo'),(9298,'ninja','8484684','Cra 40 N 6-50','hbbibv','activo'),(45686,'akt','641684684','kunhiuh','ibgiugbiu','activo'),(123124234,'asgsg','4353453453453','ehdfh53465346','gdfgdfg25r23',''),(648465165,'HONDA','9528161','cra20 n 37 -18','hondapartes@gmail.com','activo');
/*!40000 ALTER TABLE `proveedor` ENABLE KEYS */;
UNLOCK TABLES;

--
-- Table structure for table `ubicacion`
--

DROP TABLE IF EXISTS `ubicacion`;
/*!40101 SET @saved_cs_client     = @@character_set_client */;
/*!40101 SET character_set_client = utf8 */;
CREATE TABLE `ubicacion` (
  `codigo` int(11) NOT NULL,
  `nombre` varchar(45) NOT NULL,
  PRIMARY KEY (`codigo`)
) ENGINE=InnoDB DEFAULT CHARSET=utf8 COLLATE=utf8_general_ci;
/*!40101 SET character_set_client = @saved_cs_client */;

--
-- Dumping data for table `ubicacion`
--

LOCK TABLES `ubicacion` WRITE;
/*!40000 ALTER TABLE `ubicacion` DISABLE KEYS */;
INSERT INTO `ubicacion` VALUES (1,'estanteria 4'),(2,'pasillo 4 '),(3,'cajon 3'),(4,'columna 23'),(5,'prueba');
/*!40000 ALTER TABLE `ubicacion` ENABLE KEYS */;
UNLOCK TABLES;

--
-- Table structure for table `unidadmedida`
--

DROP TABLE IF EXISTS `unidadmedida`;
/*!40101 SET @saved_cs_client     = @@character_set_client */;
/*!40101 SET character_set_client = utf8 */;
CREATE TABLE `unidadmedida` (
  `codigo` int(11) NOT NULL,
  `nombre` varchar(45) NOT NULL,
  PRIMARY KEY (`codigo`)
) ENGINE=InnoDB DEFAULT CHARSET=utf8 COLLATE=utf8_general_ci;
/*!40101 SET character_set_client = @saved_cs_client */;

--
-- Dumping data for table `unidadmedida`
--

LOCK TABLES `unidadmedida` WRITE;
/*!40000 ALTER TABLE `unidadmedida` DISABLE KEYS */;
INSERT INTO `unidadmedida` VALUES (1,'Generico'),(2,'Original');
/*!40000 ALTER TABLE `unidadmedida` ENABLE KEYS */;
UNLOCK TABLES;

--
-- Table structure for table `usuario`
--

DROP TABLE IF EXISTS `usuario`;
/*!40101 SET @saved_cs_client     = @@character_set_client */;
/*!40101 SET character_set_client = utf8 */;
CREATE TABLE `usuario` (
  `identificacion` int(11) NOT NULL,
  `tipoDocumento` varchar(50) DEFAULT 'cedula de ciudadania',
  `rol` enum('administrador','gerente') DEFAULT 'gerente',
  `nombre` varchar(45) NOT NULL,
  `apellido` varchar(45) NOT NULL,
  `telefono` varchar(13) NOT NULL,
  `direccion` varchar(100) NOT NULL,
  `correo` varchar(45) NOT NULL,
  `contraseña` varchar(255) NOT NULL,
  `estado` enum('activo','inactivo') DEFAULT 'activo',
  `foto` longblob NOT NULL,
  `codigo_recuperacion` varchar(6) DEFAULT NULL,
  PRIMARY KEY (`identificacion`),
  UNIQUE KEY `correo` (`correo`)
) ENGINE=InnoDB DEFAULT CHARSET=utf8 COLLATE=utf8_general_ci;
/*!40101 SET character_set_client = @saved_cs_client */;

--
-- Dumping data for table `usuario`
--

LOCK TABLES `usuario` WRITE;
/*!40000 ALTER TABLE `usuario` DISABLE KEYS */;
INSERT INTO `usuario` VALUES (0,'cedula de ciudadania','','','','','','','$2y$10$dy02FRGXD.HAu6GCQ.Cq3e3lwoUIuP1HAYDZ2iTrr50cSf6IKdGJq','activo','',NULL),(123,'cedula de ciudadania','administrador','Daniel','Martinez','678','123','danielbaron297@gmail.com','$2y$10$Vfp52DNVcxYASdGsMoWkpOCIAwDlWoqoh7CmesYMr8JJObfZrgN/K','activo','PNG\r\n\Z\n\0\0\0\rIHDR\0\0\0\0\0\0\0\0\0\0uPLTE\Z\Z\Z\Z~% ͒\'ڟ#XĪ۱4ݱ0b\\2lC:5]Нzvg(WV½chH\0\0 \0IDATxݒLSV~w<%Y0^Ds?~gTRbT!TJB=*UBR*z:TRP*UtT\nJUT*UURP*UBR**G\'\r?TϤB/Kϔ+kڎ~Mͱ-Cko/ճ+Mح=`1$=ϪTI`Q5=(t`	is@\\3,8\"BY)(*]++#χxxCW~>TMI?#\r-MFo#p棵6W,[VL/Df\'1g\0͂,Gkɢ#=C·w7q%29~mH~F\n*\r%HiPn+_]%}AZLvԞ@x]./z\0NkF?A/5\nCg/-ТgWźc6>e(W,V		*KM`4yI]F2ak sl}0\n*4eu&Oe7Wh[,79qa~jS\n*l][b>!Vbh#l%\\%@{`u9$U )>!PXNn\\;+\"2o>@ NջAw8/3E,-\0~hx\n\ZXCq̗f\nm1l0CjT8%G)YJ`.z	] 0|#^\0akB9zv^%MK;\"S8a[P`V3j~\'=J:Pe;2K*\Z7UMZ(	qU\\\"e1-wGIDn$jBFYYi\\ޖ(GB,+NC{eǶuvsHk&P2+\\<%mTPYҟ{7wrw,W(+oSnN⌡\Z׆Bۥik㞏q(Id|.. ޝyvձ3ХjzKyT}Cky\nB;kC<}.?8A\" MqŨBU\Z[m9O_\rWIC	LnO!(W{:&kh\r|ȵ(Nb<T)&Gml Cj(uQӤWB+DAE^lVzgms\n8F38iS?!\Z顚ܜF38BpHkLePRQAMvV+@׼6ߨMiJTNbM\rEĨcEvCRswe(&Pc\0wtFrx+ TTɾ\0ç5aytmبQfzF+mDP!OxTzc\"?Yυ\"i|aߏ5!+B[Inސw N=lzG&\"`WD~CrĠ#(\\E9p\\RlSia0\0b	1!tTJ5Re62in#Xd*KLRb*ZÍVJ\02zc4AHK8rqB9Dco8ϑta?{8Qk3JZ B]5ۊ6=yD<0fL&	Rg\rOWh9GxBk)m>|p\rbF!T_Uc<\'P/}@r,̽qН\"dp	1P2]b(Iv&|8w9ę(PSTtȗΈ%_\"a}Ѿ?nImtQ8\\|V؈ Ç):#v\\P^W\"|engc:x\0J`ڧP{9724iԾ̮ǰy>vxn׵-B\rxW\0PO%qוB9ihhד7l:dTi_`\"\'/iB#!>]dXuXGbvL*\rCa aE<xPiJ!<r0-v/Iy\'3L.A4;\n}lVojSl¸rMh|a?@oىF!T?!M\r-x971ZO-;u^ḽu_A\Zȉ7BP\0BBQY|\ZQK<{vO<-5}}ÆY qncoʭ3hnU`L풘Ǡ\nos)6،\Zn@q:\Zt!ppׯQ=\0ı&tգ\'zpsh>O#S1S.<}z<\n0UAx4Oyjl MShVgk.d\no^kJ &Ftƭl^u\nH\ZT,uiJǕQhB6GM2xR8ӄS54(<0*GDN)ji3\ZzP9\nN^4z#\nS;i閯9	Yu@\Zm\0\'cXcu?O=<ӓY{W)}jfn<CQL/-:BbpP{R[ic2>}kGڹ+`c20J!?l6Z2Ge5D.o۹KfRd]\nCH&XmAeeښs\nFwW7Q(<j;wgR@\rv\"(nHEB7	\nC6`ʳcŦBuJ)z\rD\n\"A$釻zԄ&+wX̋zs2s/{pJ5i3wN7)UB̯t+^SsA\'\"ﬄ,t9ꎂ0N>pjkVԳA݌{\ZBTw>|w1M6=-oT]BZ٢wzmhWsSh£s8xfˋmsj7tb6Jw5n(Ԣu9=`suRa}qbf;;z+ˉΧu@qLsB\nFIu_wqNL_rTlBw`}}%!Y7/	W̌{4(.H{i4,B۲V^9?()\na;z(Q(0IR˷\r[@`CQfz7	3&c$N{scp홶@do8݃BrcP|D~*kC1]DsG<CԄkDM)N~6:XuibՌĮ~gIӆq]\'\'0^Dz>2xV\r$:wa˳Ls\ZdA^7YJ[sU{x|}%:c	o]\"P˔D7}s\\4i9&1-@3,Om =4fsed{iHkLd\"X fB?)otVn7=rr|D/ay`6E޵67$s# $kO<QOuhg;c^YilB$aי<OM(,tTB$D\nҺq]Ny4>Ȟ[Zvh:`?aK^Th+W,\rět\"a\'.\0|i]>HH@HSuB\\-Zlw#04w\\ v	/{}=rZ;>-{KSy)cqRqRF7	!~sBX\06/1)\'Ǫ!y.U9;_ўe7ohh&MJ{,\"ZK{1,$s/9	Ø2ЕyjFbolCA\Z*RE5sCEA\'};R1Y$/G5:7A08-0P-([VJ:Pʺ6Fþ\'=0ky48W:Fap\r&Kz%ms(H\0Y\'2y0m$#Bi\rsN`}|Jf5B=6L5~v띒,	r\0K}NlmZEf2K9<x{\" <eF}Jæq{&7H+UxSrML^kn\r.P3e)KA^Nx\0ro\n9*DQ&O)Y6Τcaq%0[4n}1.v~]Y31&ݕ\nM)%=j;K+#ᙀ0qCp΍%E\\}\n)qZFJnPՂH+;6@kJpTi]Y^Lԇen\n|2g\Z	}do2O)Cog}ȚXvc$*N\neF\n=+{E<~$(\Z.U \r8@4-^\':ƂpNG_Z,[Gj6E`!ZVD+laUHMTpOu&:X.kbۄ~O\Z\"AB.(\n2ˏ糍zE9KۍRBgi B&K)N5\'lWB ySÐvzkar\0˭vB«mH(eD (Yq~X\\3\nqM(/\r\ZzclZ~;(eG\\yDj>CMPl{hFG\ZW}FBO(2V~(CHX\ni*`{(\r\Z~SCꝿQdp0+h`_k.-@$20zJxF8\Z^r #	Ws^2`,FTFn\Zdo/P	]3ɢ0	{\\Qp,$Asfàvk絷3QQW5A [[7HUAٶa%߃H(MѸ`y!V?寝\Z`lUgN\0,	vs{*mw>цJ(OdSy[i}B]/sWd2H0w>0H?kJ! 3dy(	)AG\0֚Hjbd.\0b|X1uC_!Q[Cb-ڭ\\5@I#pvïˑH >9\\3صizYZCb7ﹷ7:QK6.R델\'Uive`THH|\rq<%DSzequJx%.00p0S	)A~~Mqp 6uHTs\0+[{mC\\$~hO9~l؉l\"KEd\r[MHEGSB$H<]Gs&TDViMvۣu6b!c\r66Go\"j%#\rC\nPfk |~Sm+ULJfQW[dEzmPEd}u8fJxL		[7j)	IM8:).<Qs8- ˬ))|` nCb`Pյ;\'o\"xPgA\'>jFHV>&U5_`hh]=\nDhY{3Pf&3J͎{CQ1lLֺ$N	EbORUd;SzA,*#AGU&ڛUK]Xhp\nh.Bot	WK葷f2~$$Y+\rmg}$qzkκCn<Q<{N|t\ng>*0.trC1ZEBOl[b($pm6H(\0~DH@qm@Xz+4\0h\'W=U澜,FaZК&fB_fNkG>2MaM9YA8ޮmamGCBA+EBR8ڪN@\r^;(,`=g\0⎨pHS${q?il{`|r6j&HJΗ1 FKɔQ}^\n<|1~lMP_ˣ	MF@5,\ZfiXM#l\nA;FECB)%\nUp`g㩁bcNAR6\'c=7m,mV܉DW@~eLR6Hx <O^	*GͲ<̑xKDA;n=ODޖҗwRU |^Ʉ-cꯡ\'TmBA18,carf!ؗڣI$RM;3٨ݚ\'&\Z	h!nrSgcD_JMi[+fI]hgƀTr*fGAdQaA\'p.&ґɅ%i\rDӈ\"yvr$g	sp8V\0xCJp<6I!Gׅ5*WMOw>QipEE!\Z21w98f.ǓxP0HN#!>`6E8-	i\r\Z(}ZZA/^aݠal\'<E7y`.%ByS_z\'O7䧙YM޳^6%^F3\r7E0_(#=9A}c@%\\\nǞ?cwzFVxܐPa,,E08	7])i\0*YFI1S~(%P*\00.PW2V1cDD,]y8v9E\Z{oS90L?~<bP+@X;Qradh x]\"z_50\n8]`WW0\n\Z	U6J\"!*VtQWFl{2,F0\"/xy%vEd?{RHVaStEqM%@fff~	)$DVH\Z5Ọw>eOfR\Z\riU찅\rT-^CCb.^x-^f)30;QZjhgmo+UD0V5?Dt2HhQʒ݀P?zˉs:ԉth뒴^iẪ\Zjnn[x-v:q*)5\'\nnő9PNOmXVFT6\Z8Fw%:+KTqWS1X ]TiF2# {ӵs,[Kq$ͷ FzLx,ڦu,DuRf6)mtuVpϝrPiK[ۋ3`i7xDn37N;2l:\ZF·\'+=c	O+\re[L*ɨdCapz6\r-I4ga~+tdB 7{kK֐}\'NM\0,1&,zJϪz.W&h&ŗy64J\rv>M4!G\\zwDOFP[o.|$I<OAaGNQ11ϳ.#EE~x/J(}Qն,Fǵ,gvO7:fPt(3pSE}qE as<b{U`O߳rBy%6M9okUɄ.)OZNqeBSfVo6ţ捀c_}[<F#{/t}.^R4Ro\Z~-Yx|oYBcmDШ|T!3d\0\0 \0IDAT%z\n\"{ki\rBsomks0*$ő9@6.׌)(U*G	PԲUڑM|\n<[|~6 t˶Ȍ>X%mt֡	237l2fD1cqd nl:*e\"^HP\ZdZb_ ˳&%\'rP7!1Dwe-+T3bnIZǜr`zT¯&ON4y/˨8OB:3io&py\nU \ZTCs3PjA*mr6v=3+\"{TEhԄS\r\ZF@oŻ1Gwxb\nbVQ..T[v\rRW~`ڝNMC65g@`4+\"Z\Z#y2vy>낍-\\\"TNcep͏\nlY0n.0\Z;	h׿u{Mzʬ:{/,#\n6@	3sbaA^-֙\Z\nWO	DTk,FDO2,$^_F5\"!lTm&l@\nFYd׼MicٌO+(v۝;QAx\'@aL*{MآC&>{S.nP2pGHHr|	?LqP}痑pHMX7f?Chޕdu$9E SU%+gі1J݉j^eF222WX~ŧۇZ6#:Sֆxy|V#s}t4}AԦkaW2V\'ܬ 9N|F5.̣|:RՔ5`l.ژhqMH	9\\:O{LF~2#fP8fɫ_V{3Ĵ~wJΓ#\" \rZfnf}zr:\nTh8@_IՁ3kB	(ު²TgS26.bVX89m&U$LqOc\n/;=QjB?lC3dS#]S,#1|̴eL>bj¯Q\Z>6]X{nBxNc\\fG\"*aןj¶b&H9V2rTxAìj$?+v<kZ	zq[6#W\'kbPFˁ,u!aDA$qX_y*,<SASOs$ZݠvD{m`J\ZM^d,`N|<D-<$kBI:?uԺ!ԷI{ֽNv6i]U`VIW~ixꬴH.`rIu.m䮐v(A7G2JjmmZ_^Ьk}5p|-Z>uMFMZ|SIcP\"1٥MR\'tD(7@m,T>o67*\"2l5	⮝vuj*q09H棐͂IqɌj$=D՜t.74ş+.Mx*\Zr./QϊֱWJmc!O#\"Ԉ1\"![=1]#Ee1d>g* ?x;M c_Bqmaxz>qWy30ˆN.Uf@ SdLA(vN:ύA3AI,`J!¦jXB釔T*:O,Ф{Һ?Mt+]ۓ#q͸[\'#V	%]AFigah^kk&PJBrQbBj[Kr0nt>Kv<]5fce3(eǍE&zVkX*M_6[\Z|gM{@;:E2u!ۯ )(֚k{5;\'-Q!</on2t+ssdR0n(LדXFԧVĝr7uH(l*=ԙkQVI:\'6~7XHP{+?B=O--m&f\ZH5`bT5lhi<9\00} \nBm۫s].nѾ;R=C0W5.c+?it:$]zfb4a>YH8w$bUDW{(MdW6c*>a1atFɎpd/%o\'4P4b\r425r\"}-^ͷ5^S\"%^@tR/9&ߴ	-̧NއCG?p:\nebW%=3?[ 8\\Axϩ\Z#R\n7Hأvې!`	Gt\'t.\ny:jpx<~\r4h\'\'>|	{b!,ւ2΃KډbP8	LLo\n{K(U=:6#jC&Ӳ|jS501*M2x.JQD§9h)*}(\\\"\nB()\'dY)+6HBC¼TIW~L6aƃ7f<NDp<\r(e,)uV\0AGO|r!H(͠+e݃Pxw\rAJsn\'\"3\\G}>6\'.%̟/M5PVZ¼M\"!X\\|ۮh_\"TyPcX	i/,fpccf#X)^\"^(^\'Aq*\nK8U\n^0g|;=QaQ즫kϬ G6CWIh)pl\Z%LTY]Rl>_#IGمTP	H04vGyoZhA㮓@f{@5)X pbj[{h&f\'e,Q5KۋDI37[>kkR:=O@Bcq%vU\Zd{(LZDJk?ʉLIT-\rB \\~*,=OXD<v]HO\Z·LF|\0QƜ8Ncd D:zG5Hh{Qwٻđ 5f6	l|0?} jmB5>=kR̳\Z\"-?LҦH(q/C:(	GyS~;{rC!0t`RAH,kꈇz\Z2,	Gh-crg	)1F_cW PA3s}Zҁ{yPP.®\\mb:\n-dR!/\n߹R<sxG#efӬȂxވ9F=Zf}ЬPc67f	T\Z܁ۭc^JQahikOȭkJ(5kUv	%J(3Y\0Tk0|pQJ\\ѠLޔJC$	f)@pu}N)3ǲ^n7o\ZlhXj}$hois8\'-o.шqz!\rU2l0$8=~W>lbfB`8}t Pmy/r`i?I,;4nq,r5[8A%]$תԅ؞1 ^n\0\0	҃{\"m*9]wHFk \\}pE`d>,]>k}2d+(PAKD˚PF0N (VD%5I_*g81\Z{jPI^}A(m J<d?Hh0UةrqAM+fi_&Eaӳ_jxqm/?-aTq\r\nm*5B=Xŗypa/<m~7ߎeob#,2G`,*W.y\ZD2 4D@	\noE#TFgNCXWQbf(RGԔ;l0t  <VZi<τ*B7 <Vy_/W\\h07@1}:2\rn4eE?	BŞfxFy~Vݦ`xr1|oo^:K4׃NdNj6z4.]p۹hWA\0mqXL6M/!X=ռ\ZP㪹oGN빨enx$C\0a8lly\"nO\r\nvъEг: FBBm\Z^mh}\r9A+Oe34	7dHhڥ0C;^(ZAGjw?n%kHT%}@~A3$}k	(sbP㩨sHǻkܧsl؛7\"e8թ+Jc`IW1b[PQ?!35ur~vC͒[~~ -<-pA*DЛɛ6\'5c2H{੆HF`kMmQ(3aL}/eLTMdÎ$JDpu^<ᶾ _2|Æ3x1iYUXG6֌vn]4Nx;]మvޤ tRduusOm.}q݈	TGB	Bq}_t́2~NK+an9pgL\0с4o:C\nnҐ1>N%.WJ[?`vL 65uGRq6ߚ9\rǑo^1сVHG	*+\ny(n!H6 <\"66z,].FLAR\"\"QR~`[OUjFTY۴4Z.N&K$#xܮ:qq^HurA	\\7Db7#m¨&E\\N>A&0R\ZDKXZݜ*9왌ef,?.vil3^r`iX~\ronazokW)		Lcil{{|tHu\nV&@ل&DE(z5HsbhoB6[NgH2<)ӻ:˭gF3\n^)aЧ)A.e<\ZTTT]inS֘)L\\Q\"al=	};8!mm&n4J٦p0-TǓ>F(\n*y5\r{,75wnDl6KwLG37BJH.W0Hn_[n]=n.8)tdQd3)?%&\"Z\r_G\r ^\Zx^ӌY8?tm8(i2\\Z0lY&I,ϊ)\"+ׯp_6-i@*Y)~_|xt?Ѵ4zȲrrF_č@-b]RҘ)הA;Yt$nz\"*YjWN\0[J.oU-¹\"]Wmcbpq\'iGo#\n[ڦ5TBv/>2eLxj\'$Nr~~]%xw\n5!9ur]C{ؤNxRcb=hI^#!קQmKP$tJȲ,G\"2B9N0j͡ք5t#dsiv6Ntt$[LGK5!ȷAs)(>\nV)aPR[rQŏpy$ɨ݇BƎNvBa\Zy19*RR\'G!z#S\\ ĕ<BTn~-q)\nw45y{ \n:+73{RfC/Axh\\T{1.csCYg\ZB#(oLt\ZfP\'DNVF#x4#\0	oWS(`Zh{e0+PD+yoR!i)@օB6Hh&ʑMNOUsfJ2FCf_~zJwYb6[Ngl_W.E%h2?FI\n`hrMPfjDnK͉W8U4^TwN[s*NeMz4F߬{R6BU$(F\Zѯ$rǶt=E|VKǗqfdR$Q[%y׭X(|W:\ZB`gVJ#Q?*[5?g;D)rCGWk଩\n}J(d\nfwb\nF1=b6@͘8zHȊUҸ-u\\\0NvS/B_\Z>~(	EXFRU1R\Zlal?0lĆaP1oIDJt5O0eNϧ~t/ar/fZϡp-t\"[Ov\n/\n@δ4E!N[&k#afC	v0ǁ*n^i 4\rU\ZjK.{=ۉ|/QNBˢ\rXo]z|0\nAeq/s/z.FQcch:°JV-qf\\*|7~.ASL1\n|!ZSrg6̇E})mۦEiN\"!u$Ϙ>!\0+X!KqHx7NޓSWs4RNSfg<F9E&l9-\ZÒ\"\r2h\".SzŲL\"`zrwb a%AU0SIkld@&b4ҋTTO4XQ.]kOJ&a6R@r?zZP\nMiK(wϞy&\"\ngtNZ]ɿf\Zܱ睲D-S~MoOHجIRumׅ$Y{QE_h>J-ҩ&\"=~\'_\0VxIPIa[c{G+r}ՃӾ\0u/%aig+_Ų!4	\Z\nAmC|z\02|[S4f@B$g+)qƒg\rPD8Ɖ5(l[Q/\\={	iFJ<Zz%J,i݈?AcQnIȵ`)\0G&Չp8pN}V~*r\"0Ҭ\nRj$&ܗe:	XQ	UHc(U@7\"(\rR\Z]`n0(@_\"ЧB=\rI\"4p@\\k!W\"X%Qث?3*LQx{@xDw@2=#EH&\rqIs=ے<}țKpGJ`.-9V%Єxa̔V9[\\t\nwO58[m_X58c)d8Jzw	\0ʄŎ2%xDx:>FhB`E;\"eCPvNO}d`]\Z:F@_O-Tc;qiz ^ X	-;ZPNW(&1K*F>\0 d/3+rPq7K?EkihxAnCNEe)#\'(\0T S=J:6mX2f#825WTpLx3mr\"jh5*|hz4X-_\r؁\nLB7zҷ3al\nbۋ\nيvj!S\r@+sdYvb8\nպ\"A/wI	t\n{\'	L\'Z\0\0 \0IDATB\"%_6sA8ceyj(+`Byzr&Sꐥ\Zwjkg\r/Ffa:QQH#(3:r?۾\"vF ,n VV=*b3ck{nTiyϐTۥ)r/bӨ\Z9oC]}+VLoKq\">&Is. iK4E_xi/E!VF!kړ\\#	A\ne97f	ķȂ0kZO&VD+\"e+zw8ca}opu8WZ|)Oj~$\"kC4{UԠViwe1`BqɎ[A\ri/\n-D	q<8I94vc/d}	G*y( .sb_LcTuᚒIk!D]P(ؓHhH#B/a\Z?s=oK&>v8U>!s7%nr51:i`wB_y^Nء\'dCv!*OYXB3a/RSX6GA)zf[aZ,&dC64WZ$l2!AF80t3=-.=`8Ělv)7(E;HYk?\\1i$st3)kEOV4ô\r.EZK3Wlih(yy8c4)_m-c@$θcwBJT(\0Ȣz\"qqhuAZm|w:r~cP<\"ԀJ\\{ׂ;Q[+ftN~V}{=@P9ʸEb/oRa#&\r!	Q}7mI\"\nǝ!WѲ^,?\'7Q?XlE/M{lQVvZ\Z\ZDAV25%`!d\r똰I.?-Ϧi򚑘|E@6\ZZup@IjCrF3yTavB6;)VKή#TYzf03!!GKqU5sYWcf&ucq@ime\0o\0(8Cl39SIBȡ!ije-5!234DseSr-=P9!蹰rf%|-x~`؁)V=6H/ϷLN\r`e㡹CWI3|8?n7S_h=IbE_h<Q&^)U2aHա/a֦!::}ӷ!5hϳmvkןcR$dkv/[\\4AFڰޚ=oxk	PI10}X7%	!KZu+sWFΧ;nG (b4)EԸ3\05&I6i?ckڔŕMNك7	&7\nM^*\ZM?ǯ?t\'HNHK0VKBmFD6$ɺ>0as <ݸ](V(~|cJ3S]p}*ƞH9aav_@߂TEK؉#!*jk)54>Nu\";c* <sfOhbk\n%\\W3a,huF@&[ogP~\nxRɞо?1ZohVlYi(5N& rH_s)|\\e/a	eKid~=/aLkK]=G\'t:\n3/l|Aktb}SdC?j)2\n?Njea@zv|lz8ӯ\0aM}7-\"pBOD8՘1/?d;մ@ksaD!9GO4]v@{u\0O	6F^?τ|񣙞|h^M1dM49Ajf69ڇUAx,OWáʍf<?k3e_\nȣze0-n:TLw+ek{P\0\0ingPF	c\rulkevCEv4ČڶEbW_꣔Ă)ZR?án$}MSl{}mcp\\aYf*F\\vXt\0aouQvc$ FN]Plw\\Fc1rLja^͉͋%Uw&HݹzT;[ܶGFOWfv>[o_~оk;^s<~iTXpʏq7F[5&\ZuH;`1kdoMQf&L֨-HjԆ3P	QY\nz3sP=lŘ\0@ᷜʔjv&hҾ:SFWBt3Dk?,m\"U0aO%\\+w\nd&悵v()`%Eǀ)Ӥv!$[|fd\\㠫\Z77C/Hk=\\[5G\0}yk9LF`+Zo]^Cf`T}SMK!S[m>S|g2vydBc$WB\'N|RGH\"iR,}mX_z䮈c?ԤGH[o2gzd\n{uqHqGgD/_;kBa	`R9ā$(KL+$5\"B_y;)\r<fj1<bA@{̂c5DzC\"sCB8\Zo\'ЪqI *&L8Ih[~X>gGRk~ykH&[V&XȅXc\"Fh=H{Q2W51cM	!:\\,6tP^aw-g(`TY)	3Θ]?\\/緧a.VA\n(WVD̒	VWѣӶGk3\0$ڌ+v4\"\0=۳ <B{iK1O׫	vMhC(tߗEe&U|B;Y*AHv\'R&~QE\Z1@YhR,FzRO@Ťd$O훪mIa\n\nvM=M@Pdn41y{fn6\r\rIșP$%J!R\'$!emAb @Gfif+H.$6@Y`.a܎!)g%̵8ά\n u\r\"=oӳTmNcN5e⎙AQm&+-6K[RLU%``+DVwPUpdTzrɆnd=U;>~؛66LtM\Z2^)/1x{BDa_cm+/Sᾆz܋	zHE>Hy=m\'F!7[\0ٸ;	%=9qs*1cwPt,<vΥ\nZ0aMa+,b0ou<{Kf	&4\\GP\"cL:{2E&B%|X2g!Su 9䐶M&]_#OtK(x:\"lቾuf!B&Yʤ	i\'18}o=Uf\\NY>NLed+[CssFT+fBhk%JwY*j~\0{)$V?@8L\no\n{a&aC*RȄ#X4n<NYHm%x6[~2OJBCrQ	m(mvC,Cp^_l«̛Q%I0HakZUG`i$q:kBAoexG4f:0dJ7Ig$A4ކ\r^dob#ǃV0Z#v!Gu9wxO%2L)53VTfnnz}ߌ(:;^+دEf[(~v<a?0\r^Lv㨡p2]nѲKNkP(IӵfZg18zT\nbu^Pyk ?C:SO1-GŢ.\rzd	~OOg\"IyУx̗\n-c*Mgz9rfJG1y6~|*FgtV$Ue*#/|!:$ q.V7,=7ע.Z?Yq\\v0ʼ\"\n{<zWA]9:W\\1!ңsu?sj\nOh#0.jd%^&<~6[}|o=qCviΩ3styvh-?U&-aIQ*p~0<aR~)cgait{⬝(_ëEF&<b\"iLUC@<kDnvB`<qOt?G(O4\nb0|G\0\0TvL4qϏy#Uȹ\\0_9Q]ƃaB\"3\rEיkDOAJ SLc:e:=ZMfvk񎎡u:T>gj\'5h>tyI/k)*\rm`S\r}r0Ew2<>zҗ<~\nM,{ӑ֝CHz#^\ni6VKGh0Wk3V鷁Ď*:\';@(QOv9)6toEU4<y.r<G{CBG<A$2G\nܻ|wu$8m˞ءy%%/ dQآ\n\'rA\"eµEe:N;fDºY2PpHPףUgOT%gu]\rVK/S(ԅi<C=A+<NJ|,ʉ7`t<.	W%ŗ{7LDńuU_QT^Nʼ5нJo:?k\ncbkֶNn<eG!ť\Z9u{ɲ-XYdH	܀l%I_%FsdPrU\07z|I7L+\0wAŽc,3f9@cu](/5l5wt Lllw1\rrD8\\q%f֖%n26gbO/(ς}i~ð);e(Ca.\ZN\'A	/h	4K˻Fa/RBa!;djk^p#)ܥB[4OU*X72;OXKf0#t/\0\"0f{f|[ax\n\nNKI\ZDԴ\\GO.,UOay9[>i/EW-3O$UwLQd̨}`ʔOSܐ¹o\'f	eb.e!VpjL8bT\0_Vpm+39IivQxi^\nveZmWߊ\"O&1i&6q7TZx~9eV<5p46t<CEkA0iL،	GEi7LXrH;sugt\"Y1!]v^2eBuʲ9x\'EoqV,L26+Y$aHZ#QA+\0<O ;\\j6k0#drT&/BU-$p9q\ZIE2,:ih?kgFNAS̩\Z,&!;u-6\n&	+v7R[L8!*VT#/VvKmc<m#\rCjfKKIƃ6:\ntMf]\'cW9:_\Ze5vB7Zѯ1{8A18\rI?*n\r-18(+6]15[+ #A?.m n\n{}>#ݾ^^e*9\0/zrX1R#^-`׮535ފ\\e24i\rj1X(ل/wRbnXůXsFKp3)%a\00\0t4)%F\nF(,xM$~%;T\'BT7~}	͹0NJ2!\0&8aË/@a¦	rdҹD&d:fB~eƄU퍓u^lgT8s*]B~u3bBljk6HPB!9>wV<ƙ&]a)\"Ζ\'\"cm\\NZgr#:jipXW%1Zי%5ʂt=GkF!}S쀖V5FQmBxNpWoYߺ\\{%FAoP:D1!HMݷ\02%<9Xlf/!noڑxNÑvuwD\'Dm]:z	E,_|pS>ܤYzM̙QwÂ\\of\n>[ݜ3%RvSp>*	M|:p8%MlT EKM[,Z&ܚo$,\\5Dt;L{s\0eɰ b9co.9Qx#ƿ.G JcH/^sa6sjC[0,\\jyC.JC@8-sj$F;0#vrLغ]`QL{#Tn~hؗ9[NAF_g˂(`q!7?mddٵpG5cd^>Mb>O ̅*㚁M52B\r[5[X\n11[Lu۳gx?oSaQQfWI,>ӧ`-iQ?А p2t18vC5=(I\nU$&C0((TIV5Q<\Zd?V02dPh7gq_>υ*]HY\ZńiahKF-\r\"eAn 1aC8fhȄR:?bVܦJbE]}M\'z&?h7 a~t-CD!r;N]gB&TynbP[_E߂=mȍ1E0	|OK\"TI\"we%JѤlM:̄:n:5xpn\0Špi0T)mublƄT!EڂOۍAixC@3hM]*6lh#qЅxo0n.ƨ2ԓƄn;><>W7Go#vCTf 4s/unZY]E3aC_1S?\\߸ܛIvmXDvo6c\'P\ri7`H46\ZYqΠN2aPjf=3o\'rt({4KWR\"lZk\r82Gcg&>a%S$eFP~NN\"$}EBhn̅aI=0\0weCaB%=!`.:<y*ӘlL6tjpj;첄\rV`fxM`	4A,HWaarB<?,\nwK:$F@`@f.TCU1\rv#s]#т:JEzt@jC3L-05LȪԄ^B`@HS=f,B&@\Z:m]A6ea|\0\0 \0IDATρCLI\r&|5V&Y~I1Ldbr}8XК:Uxx_<!Ip4Sy\r_h{;9U>\n%r.W_+}X\n?Ģ5~3 1r:Zid3z֯*L*D^ .2h&AvvاYhՊ,̏&TPamξͼcmЖ4	yn\n9M@:LaaO@~.ȂoGktօ^!]d;^U8K^Ƀ6=б֯]\\|(zw칰=~}%&ܧL/m/ՎdB5\rRh89Q O/1!!Q[LC<8P[2KyI~])v#ji:CJ,G \"3PBRp \nQH\0B>e/h<bW3aґ-	7Z9hPfAm&tTQJ/C\0	Y2v	ưNƋETi}048f\Z**BcU[\\xoܗ9&ϔݳn\n_w*ӈۍ\'B2r	pn}-\'`HR:Whi_ \'N)sf4S^;(V:8e	Ќ-Z.\r\nmF\',0ʢ<p[{υqwGl̺ȁ̃~WPQµzMchpn+j[+(yh\nzz<u_e2l9u!3МwGhgB4gܩb}TL`V,DX ::΃܍#wch\Z:!G5G&3A]SXv÷(dz=M/a =!s(|5t;Hz蹧x#O_|$~,{904jkZ\'6Ew*.2~\"r኉-2a\nLReg;r\nEl&=;F:g~\\6ӾN0R\\̾+C5{w\0B <(F	7z\\mA7f7\\9=8\\;(N\'`BX!;o\0\"`D=pe^jQf1vffQ2ў!q!GQ8D<UO$&Qwh!VpAh\"llcf.̴a+{\nP:IO]&֋ <*T|ѝCl{w*kS(<LnNBBNV劸8[GCu?3\nuIx|?}<aPVQscV*3Ѵ1cwA]Z=\'^/JkFG.XǪ\0ȃw?~tEwA\\sSւ\nIM2/݀u\ZuN!ގ\\`^ZB\"o&&~ 埢/C3l-z>_4vgQ6c~eT2Lh-u`lǄ:\n\'t!(Ѡ.PP1+AG᤭F03\0u\rBIF\"tX!\ZQ\'_\"\nKbD\n=E.AϢ͟͊mH˸66YXU!Z>?1{&b	ºNdhτ9V>~;C;x/V^yP$<\nteSsڐ\n\\Ce)):\nao+\ZR!wVV\n3Ѓsoq<7~;8VՄ;cD	N@^6GId9{No3aT̴	 !RNOa1eS)zb9eJ&hu0̙ 0IM,]Ф:N<:Q!IZ1!ڤ4lhuÛOhql	aaM\Z_]=5\"Khw\"A\'~C.&u\"}pX}C\ZVJ=Ӡp:?zN^֒q03a+)RSYK	FKLfpm>ҁu\\spg^Bv˨Pvܗ3qU$S{JyPl^T{\\>8!> Wp&0e=E]IN&j1(,	\r5|W#Uvy]P<QƸp+q_AwH]y45s\"IyRوpqW8؀\"HӦH)_r{&vMZ;\Z\r9RQ*NL{0dIia2L{*/fގ4ilf.s=4ы<)|uNXw+d\ZNx\"grwe\\nE!;FuRN8BA.)p%A9ƲuTHLzap3m*p2 m.Ӏ%:3ڶ2\ZXEB`闪D2LgoFgď\rHCP]DOzRLؗz!?RwsAgÄ}mFTf:ȩ22	%65yVyQњIxL<Huɶ\nM_K¼ $v`K\r*)90ӄI0&EjD\n)υ74Ez_Sݾ~\0dBb0\07@\'#XOB5CL6!L6k9`4V8(.>ˉ1٣5`>&2RaZ7QX!JL֋M}\",o.#c@z|v	$lo+\01UFXJ4SNCHEݯQZt\'%.l35\'j{tˀC&ΪU?)ӳ@8_2Ls\0ZաY\"0u]ݸeZwE2W\"H9̂KM,Kmj!~pNΠ-=Q+x*lp2}mcyZ;S0,)þRb2\nLW\'ҘwmЛ_^DI2MLBAF	S 8p(c\"	?Jv!/-dn9I_NƸ7O\'&8f\"iʭ,p\r-5:&2VO\'\Z0գ47}Eʾ6xo7\ZшKR/ۋ?|a3/Jkvsz3F;*020kVJ{X\\e! I<@+LQ^%3.<s:a	$pvZ\Zx\ns\"Bc[\n)\'6<\0Jb,mUKEDEٷ/@;|gd^{GՉ$Q,c\r\0f:<0#-{\r-ܵQ*bδƙ4ωŪolnPP2tWsESk/p*\ZԊB7|Đ4PP4B	3(|vZV~Kq_:|S@:S@ā;qa\'p%pbj9%LdGH̥	ƃn$h20H\r}d0T]JzVA:qdIT\'mhW#k!4UHtkxnz J쉄jl8>-0*G<A \0\'z喡Ycfř[\nGmY#(-ʂ9LK%2;A	1AֲW6$eלA`1L\'W\0%|ZQeWW<ԙ{ģal]rBq>ڥ*|&LN(<*cc@\rCvDa\ryB\'xTP/*W!6\0tP-~Z˩%\rxx\Z.蛱q縅Hw9Qy@卤ѹ_*C\rawB*\n?M!2N{gS\r&L3@>{G)đoPd(x<qdɤٵ3m-y#xf44\"7\',B1ƕGb5.e\0k=yeBC\r?S\'Hb)w7cB	hW51\":ny1cꄽ>ށpn\'QW={,F9~nL A+)VRE\n~DhW|xt檍80US+*B^(Bpj!0|Yv\0OHpF29r޽ /ɨNzG3:,fܜ3ƣ\rP(*3?j)THtox+SqAh2X%$ 2@~_Iِy=@byBUyCL\ZO)O8Ǽ~sy&w_.\nnsq[.hZǀtkW5@k*Ԝ	鼥ǾXF<z(M`ȮCX\nS}t..;d,\Z?oL	Sr l0\':n|\Zx3&lx4[~jb*iD፣pAO\\t2zѕ_V\0y:%Y)2)d3pPV\"f(cTpáL=-В0H8)O`^_w]A6*`ήd_]&gP8\'it_ɦAZI1aؤ*\n1F\r^JaNezrpUҵ$#6}7Dط:\'<NA:\nX*TJYs`2Eq\' \"Ќҹ̆J3YPc<!VtCK%HDșp:/(BEA%SHMȄq\"i_R133E0EvRle&zɄCaw>_	h5mdpPr2:GqQԱA-w(aƥ80!` B̈́u.\ZDx\Zo\"C\"t?lDq}b]Iɋ\rm\n$Bƛ}Q87˄s\")20J9dmX\r&\\@x\Z]o}tCQ/+쌋;G4uCpwBGu*XWl2\"ݏ+\rޗKf\0C+4?_peCʪd\'*AYnjʣ~z01o8,\0n]y.lĄL.jzND^	80n\0;}L}-LVh&\"l\rHmޢ)h&&L>t&zu&	_pº|xk PNoҩ.^Ѣ2J+Y:Snx\ZXlKu·%Rs\r]4¸ANxS\'*a\'̶fgd*d˘\'		Ghb&ǒx<rC\\`)NN(b}<Ol{&ZʈQ+úD\ZTН}l\0y1#/0o\0@+,]_Ne=M	^SUlqowM	1LQPO &&)9IK8N0hnN*$\rQ>ã,vL?cݻpt:M/8Tp|Х*`xc	ՙS<\Z1yy$y[yF-wx4i}PbkBJ5+~\rW\"BXm3aT؏.o_-ZM7$,HAl/AzEW5-[1S3Ǒ\r~\Z$IIV3bFDjFBfѩq;.w&~ւweB@oJȘPٷY0ɞ^EGb\ZBO\r/A8Ah7zyr0t[\ZQƔxK2!}min!fPoKb-l$YT-sYkJm=??oW۶CĀư08s\rϒH_r׽e]萇$\neq}\':!([bB|pf7s?R*\"%l	Hʃ\"ie5o@攐\'\nY0jv NOG L=\'k|IOBi>Q	ivA\'O|QFQ\"+7WCe 5G7T8O®Td!K7m,\ZP[BUN(\n0NU|8f~D4V$D@<ߦUcKMY\'\ZhÌ.aaפ}kuISC:{(zfaLh|,R\ZCB`BA)/л2\\.xWbnOԶ5B{^#e\ZI5`oQ#G;^V5mE`\rSLrj\rZZi9lߋTP!ePMН\nmeČk;G!M`t\'[4cFBE	{>Br->XbL.\'\"sH1ٞPaKe\0f2Zg1JīxexdD\'^\",tY\rB5\0<A ̵E-Bd!x0;(H0--\\@6w	-&1q}=[)aڙG-\ne*EOnGAFC9)B0qb5`ty)zQ_[&NwWdN4ngޢ2Lv5 }3dFoGgBp#9y\r6[!np8-h5CsmPhXakQ <&(h2T\09\0>&ecNm\nz cFPZfcCwmaᗎ:Y\Z<Cy{X.IF\"渁5%/M/r	L.Vm7K</ pkYP$6Pmi ͼ(h ݮozDz*jN`pgїDBQ\0EE},7ŝ.%I)rv\")c·-Lk;M3	c<u6Jl/T:u\02a3׶25ƨ\'K*}ܧin,`B&6Rᔸ4!kK=~zY\0AXF4CɿQ	77霶fnfǞ֔ݻ^/ҌgĜz;ōb#2Mx,\'h6^kȄ(!6Yt! \\w0FR\"\no0aeqʢq4 ó)ҌAQI(پP;2u12yp@MT^/v (>\"{N w\\y^l*H37(/Wld\n_p!ʱz.`xYĠＣjjD\Zz)9N>~o[&xGKW!U!U\'-e08nH\0LLi@1O1Tf\n虾~>kJ0/\rx\0Z,z[{v&xQ$_u>g%-nM\Znd(_t{TN2P%wpe&t6u&RcY)ȃHXD.2<ri|%\'q\rgM1+-,EW/D5rT%@P?pfYL|,R{7DX((& r)K>R7(pj8l \\A)dxm0Sf>u9\'lCVBA]E5!|B>>zzrRU\04Sr\nR\'Bў!)W>@oH)*:\0\0 \0IDAT7BDXxusb3)\Z%yYDFaƈF->j;53q+ӼiM;I;f\Z}ZR(8O}_5CrRmB~ݑ{>SQ@ҥ:?mn\".`aTM	,/Aёg\\]R#R5˧6YR<JPB0Oph{i,+ߨ֧00a3oiOqs\Z(\Zs9ZS3OXP<rJW Μ˶Bm+~\'RaN>@1W\nb91G	GMu=.OWcB=G@K3Vh\'q\ZѠYNuDe:mb6r|\\$|@!2Z>sP[z\0G{sF=c2F7h)ld-$B,G\rC17r Ʉ|\\5!cwmcA׀\rZ)	FoȜpV7ѩBRtpY˩1N!ĵzL*VP[E䉻$m4v@DGK tQdQcmsq淁0{0ʬ9a˅kQo!j|CoE)4n&.DXJ3H#ԊBzgO%p*̈́9F\0aP{pBY5SU@ׂD*˄rȌ¶8ɿkFȘzykM	EѲx=7}(4xP7V$O	!#1qPoJe:ZLhm |>emA%q{,YBg*x\\JHSWk92)$vn/6*\ZM5fP	۩!L0} <-+weqڋf=yg)aޞj¤<,\ZrKdVۇACTc!h$JbHYVQ\\\"6/:7`IL˩mVٖ[,ڏW@auHZW\r=M\n{d/1b?+TYaˠ>zN;ͦz6YO!5+iTGȄ:(q2$\'\\(\r=dE)ImN\Z5+JJ??;&>k\'(l* k㬆\"PYa_̈i\")%zG`|ːdڨ6p\\3Miw061TG1{5q\0r\\GЂaS)Ǣ$ M(C$\n28_I$C8g:N~N56G+W*(fh7KMS>jd\\tȄ%MDjW@BF0a͸ֆF\n@<PF[4OsXDMrQhk6RL؉x}29ց<}P(}Cq0|*>qc&}vR1iG;@^KSe0mN[ՠc}GBYa{>3aB-̐-cB!NT\\5\"a#3nM @meF1adf{o;v(g0dxisVy7W\rLt[Zӟˢ!؄71˚yfHDAd2q&ØҌ(ǞA;44㱋F$֠5\Z&緀p	m֢Q	j.Hus:卆\"YݩfLF0.4l;G$\Z<\'T?k|>zxW& 5rM^U,f\\\r O@pGxk\Zbcu>q7PiBnH	q|߅}1e-r}>m_,Ğl`sB+L8F$zpl\Zy2fFmDLaZXvfWgV)Z5+Բ¾,qq/HɍzNdx^W$d#_u,11GGz:-emע&\n皵e?Dl]cDoϣ\0PN$6Kr,9S.H݊>=\\QX㒌I-3!bGzCp}~\re\Z&iaݐ6hQk\nlÂ4rLbk҅h0Tu1 &zq&Dj7pY_LNU(,bZsO:rx|y<\"G8Vd\'KMae}H-{t:\"t Lͺ	K^O5*[\ri^ɕraK<<*ۖTe\\<|qn\0?mA<5&BܵTgtJD(J\"LyrI<fvz)&{ɍLr&q6OdKc:d8v2tBn.烹Ae0xݻ=deBAwg~:W _Zd?Ew5L\'(A\n%R!jۻBo%iO0E&dvk|]}Kճ}0j:b>7B(\ZCA85	ۭULبzk[v} ^zaН0Yaȍ%_NvQ7J8A3P$vczZ!gܐoHiynSB0CՄh&}\'GᔘctlFf	#-&Ahw`C7e\'I<](D*~ŧ<,Iv\'L~l:I	p3\Z=\Zwܵ@Jy[^1h3=qw*9d<>nkJH)43L|)񠣡T\Z>T5To7763l	k?`5IA8S\"V)S͵\0ƴiz| 4{2{D Or9_J=*ɵآ8|)B[:H+k@jݟǝ#ӧpXc1)kK\ZCcER Y	֊r]ʒdhGv р\Z]h?tQک7QTckVxBg C1%:~	Gk\n-,[`?FZq&w*\0qЗ\\	F	GY-ioĢVa_G箰eXSB̷$URQmġT8\Z\nC*;|At54%FP+FHT~38h}	fP\02j\nTgR0C}C]$@kB7TgJ;ek\\lǈA*O$immf}`R\"WdeX9X@EZb. QQYXًX\n(/Q;%JQB}4\'*|uFWDAL~{pjNabD4Ӵ[r\\L\"dl_\0cB\'ʊ.!3-(>F&wu3KwJHqP4A?\\4hhiYrl@)6:1C\rފ;`Si!°L|jiKk5[˷$DkgBQ[VToS#LHæh\\sZC7){CnӂUsR^j\n#1D[ #/L69hPqǱQmlgOe옡	#4bDapNKBB}U_[2P1mUOSq?\r>5Xƍ?pҌGjƣ,I[S-ӷ6ј*vS\"5?<{jE\0(ŃJY\\iřjA(.\\8dפk-izJR\\\ZN<-#EjF8UX;mܱf\"Z̼n>[<Bsc\Z]^lPȰۍR|.\'̄FØT.4::=eP8?*\r>A-&TqGt>1t <\\5{W`nfOYY%h+\0B|UjL5WOc	IUo\Z\\PjDX+WgwD8&]BvTJGub*]di;eC}B\Z䅬0m\0h&\\Yæ@6sA/0ף(	o2}_h4\',<6@Cc-֪>|$~Mr5Lm/e5\ZrZ|fԜ\0xe@!&ziQ(ܗWh\'^v(_ډWg>tU\0P9]xNbnOkZ1-^5deG9&^}4OXxT[Z+,\ZDQ0n@1rcߝTbBSA!cLk[~ᘊry ;QqgR[HŊAmFE@FYC!]*&QkVX@x\\\Z noQmF[60!1aB?{0ͰQIH⠺NP)UWo5C{ǚFSO\no%\\-kP\0i(7pݦKgezԝ`}6166\\ǄS_ZAbp<i+5SQ4[VdXofQls=򁊚\nCDΘmU-e@?Kg|wPW&F\n\Z(ߩ\\h/r[ܑGxT>Ҏv4lOqEM{~m##>3-sB%T	a/htLD\085zqFEJX͕=a\r~VNqGLFP^x|^ќPލ]6H*ǀ:k\\{,UF\rcFQfHpݎan1V}@рՂRu6ci?gvbLZ]gl3(VuQ֢Z&VU码B+3zX/}٤iA0Fqgq{\"lmYOm?]S*|vg\r)(m?Z4RMARkGS2$L/d-;F渰ӼZJ3PZ2C߈n=CQe4S3@2T9/l\nuvrm[.Cm-z-~f\rFidv	A\'%йh?cO|ɯ(3X!fpmh0$6ɧv9iPRBrXrw,i(s6{bY5{G?nvv(:0߈YpG9!o\nѾ\nM)@h_)\n\\:^pﭢL8Fa>0&&t!%	V㝇W[K!fĮt\n2(klzNm<.abw:\r%hQK<WN}[\\gVFŌ*mo4`\"\0SW쨕O2\"-e*oւnG%>	ON[EwWh^U/h[\nۛ?+Û5.\n \nҢXz9ǿiRXZzeJ0ov#e8t&4Lˍj&y!\n-,D1OF(\\X@zA~*)4\\ořH	6 E\'4eJ/]meBrB\rBOx\0*.ͮ;bmRՍG-L[Q8Moo[HĠp+_\nMbN/R1%F*z\'VkA?kעDEXAr`u\0$mlo\"=3{ƫW<!d+\Zuu$?]l&%L[bJr&T\'զe\rģLC5#vY&A\"5s&3 \\B50(ȦvVYw&\nE\nJ;ptg\n\'~U%\rLVQ#/OU:JbaC@OB*hTGIl!b=+ߒ8=aJ0r*}і4^HG]6[[qo?ሾ^l]kNb\"5؋r6C]n\r~;hp\\E\\+8e) ߥp1\r.946<>?B]kjwev=6WZxS彃(ԧeeģhv(&hEwhic_;H/D#nvg-ńEIRT$ZhRR;BNg:Wܶ6	\n9٘7%S@ct6B#Raçf[m<l1.Ty&8w0|Y4%*|/7J2F^(,-B:JOȣª^f1[fB4}`\ZE-:$$Bc\nQJXܹ0FQʽp\"oCqxܐ&\nzC+:BY_#CB%U!\n$s>ldSCF~IV [͆1\ru\"BИiW{R[jƦuV폆 ı_NCsSCy5 沷X,X&t ^eBFl6NcLY۩uEb!E^љQPc`4\Z*G`VY0\Z^3U׻z?wd*\rTMphCbpT~6&t)|q*1[cJPN~ƣN	[fJܴF隴\"E\ZH5f{a5`wx[F9ĊBHף%k%`t`Ѯ?G=T\nk3\\2H\0Az9(zPY>-|=VCeYś\Z?6XX>\'$\n[A=kDW\r3DXNy.O\rTp~v[b3E٘	v^K !E	2a0\'!a	#<\0&b0j$=}lc{S=p)~ ͣ\nXPlO9}=cz\rG-z~Q}iTh\0}\'v_;CO*eeև59:g:۽Fl-Z{JXHED\\L0Eˀ~\Zg@Ay0_\nC\0Ga30F|L/,ZyD??b0*ǅ	~pDA}%8<\'vl!)`݆;Yr/\'!s0 E ;Ě	4۰|˄iE\nQƀeDrh&a.ay;#W	YQ]6Loΰ	n=oȫ+\"N|h!\ntQq=܌	jw2a	*\0k5uH珣_8$5lGS\nD\n\\ui%C{6TҹzRPaZ=|P^x$$-D56P/uN.\\riDŤ#\Z0\0LaCʞuD\"hcTs< 	\\\nYqF[A[T.ܦW@r˄\rKa	;MĢB HfAhRmJ)/jW\\2<ye?j)~y:[4Mpb\rBKA\rC&н@td{e{:0RqǏ5v^XƻՈE>BG3HBf}[.CB*ṽt\"gLnMqP[?F{5!\Z=A@%rR\ZƔt̄\rEk^\0\0 \0IDAT(aBp+PHkQZ!FaJ\Z]BSwi۹ ,-|!a.<[.	fx!g\n7٦;Bkl	!f@R(VHY\"0ܷeGp|ԩfTUY({!`y+\0m+v\0.rMsB@J[T!+T&6XpXȅ#`G+`Ra)k3IiTUf`Jf\0f=a&`	\'\n1SBs:$H\rF*`hQEV<0\\~K	oݑ3sxhQ\0\n~[\0{iY)H&[(WZE2q!Cښ}x-!N_ڽQzn?)c@`B#\0Z!*3	K΄ <^2jчSBσ5(v \nI:Sh[q!hyws(mG2a۫Hs~f p\Z?	~lbx`o=SsUKFjb4	M3\r\nσaTH,	Ā(Qsn&`r}uQ\r^=dON\\V1ZףT6F3	d<:B<\ZW`/\npMڽ99m<j6;6\"E:\',DD?*cKk ca\nh;h8eR*4O:B>6}ٽhQM^hE$\Z\0}HjUbr y	QMc }VQGHZB+!%mbǌ˙3ܶ&RƣρL\r5~OMd~a\rnoۃpVKg ;Bu<+ܒCƈ0($IbBɄWJ:\n(|\'ơ/e8\\,Dd7\"\rna2jR _AMsq?SeBG	Ϻ`4PhUƁp0uxTx!Ha0)LRX	bS̈́l\rVMR\nNqXn-`~kM0LHG\n0S 0KEZYfu	mAˈ\'WKjO|ġۜD&|{fI= j\n~nDRܤou=qF(.y0SLXL8r8*ţ/1d\"C&Sb@r>TRhvqTߍ+F}~]e#?1zJɟ	ajBҫpT]\ZHCF%ΏeG3\0S,ҽCIfp&-XE8&}		h\'Q湖yB:\nZ ]ɃPzb#5WUb\ZJ]gBZ&>1^Y`@1JBɾ:U\08-(|Kt!+\'e71M0a\"Š9QEh@q-DSP?fOܙBGi{ UVj:OG$+/([3C1\rX,ўeM6BJM*䊅q\\KVimxB*]buA0zqGZʤ-X6B\"mYmkĉ+n[ׁS鸾ZZ5\' .vҴ5`\0j=!A_oJh\ZK\r}ؖ=Aa1๲٨7Mf}t4pL|\'@;L	Nm[:	lNr/+\r\nUys*s[1[#_jPe\"\nCv9oΣ.KpɷбF}J8*+VȄ,!,	vmk}mT,4::d>95D>u/e9ǼOs> //b> eyiJ3-k}{_F*W@y\0=/W֘\Z)*|eHQQT&q9<.c4\rFߔΡ?聱Ψm0@-Fc D\\L*Zm\"0S8.?d@V2N&> \n<:ĤЁp~G!\0z|\"pe֨0 qK\'j:R0Q&FIBm*@0c@SHh(02\Z\n_ҏooPmXR]<i&Jk1hC焽2Ca4\'Ɛ.:ɆC*	Z0Mہ><U0Tz6S39G <~\\Y@Ӽu]Z08JP.\rc\"<;m[*^e1>aA0y{Z<r. E3_)ErKYŰL,*gw!ܾT/gp_=FefBqYExoBE\"\Zc]fK	9s DCt4TȽ$)\ZGm0U2B_ؔqة2Vg<\\{8Ik1F7yvNG0Rx\\JBH?(nKgUZósRQҒ!u1ԭ,&ȫ(eB^F n*\r\"5-Gy4°\"Lb&g+7Fez=\'4)\n^Ü[-D\rH4׳ԸV`B>o^r;<	dۑҩ<E,c$BL@p}F؎bUws9mtapk;[Ħ\'#M\Z8jdwX\nUwCkJK P2rLw\Z*l+BlDU٨@xcxcY eNWTcBt@1&~6ȗ3#><nOfd5p:	|\Z߼w(UΝ\Zݺ(Q:D00as|C\\k\'fέ)]{xNeHMx$LĄ*g<\n_	K((7K%~?Nو\no˥yȀu	4QzJ=C/\\{|ybQ,mh*w\r!3,GF fDIZ>V?fp=sip\ZHvQu&VK!\r\\ϙ\rOYsU-TraG2\'mqY!-Q!G_w\"a<#- .W儍y`p֧\nvI>\ZUB_<,7l5i3sv&`DDGNs?\\\ZUm\ntEkh3$+I0\n3)(]޳\n_4t.:M-	*ۿ(Nka`E5\Z3ݾx_2 B0\'V2{m:c46c~z@\Z)\r.>0*$L12d_8/m1D\0 XjRAHHox}Q2G*-,+x@l\Z;Fk^CX}\' ,3!<,\"J(6p&:fsfF\\3ʢh®}aﲀ9Q}5o12W1p \"\nU&<\n.Ov$a)MzK)\\Cۛ\r=}`T(٢ʌV&e1ڶPP\Zf3 4^Q9B>X/G\nQGr=_\ZA=rme<Zyt4Zs4M\nEV@pպN~V\Z(ŨHC-\ZMLXX%I8@XqɘlƁvYT??䙐aʶn˵`XI~$/τŤPϕTPI^3F	#Q9SiF6iVF\r1x8u]H3T <PEP!.泲sF7HC2S\"5mCZ~OnXɮ@.p):`&VUBτZNXN,,:SNhow*Lb\ZO&s;۝ kf9B[^C<^mhkWE\'I(_\n#n^+W\'BnXJi!+d(\\hNZYwZ6\'BzELI-ћ)Z__橡^B0%B(-܍ha˨|\'@m[a D\nalM,s+[;9%er7SHì=5	U3ziAx8 S\"0hJXdBD-2Sy5p	P|0^.s 4Ek\n-\ncˊ\0a3aO0A&JIH	\ZŽV6|2!/P:*4錗v|j+G^֤	c`1!c>\'4$I~NdhpT.wz*EiG-p&BVxYEq0҈\'ز&^S ^@7ro2XNQTEh[!*xɗ-e3G}MPW<{(S=\"\Z&1ǓL5&>>EPtw 3d=E\'wnM[q2xF2!P!G??lo^MhtP1aT33q4TIhȶT49Cw4_\Z^8dHAGGc(;u`3`# ,\nBxw\n4g`,rͤ6!ӂQ\n[fFOCf\n;q%C/tZ4ԽZH/Mzx\ZW	k<2Q<vVԂ4*\rbХ<~>\nSóLsL8s*1Q7HY	O\0>W	p7Ե>y`k,\0f>\Z0x&l*9[LHP}\Z^~:^/	Ŋ>훩^v\nOyEe}}3 DE\nAv\"=r4*Tx:d1eBƄe]w{4m=+]sC	eK=V$_Xh\"((me:XDnO䄣ckS\\	Ffr(^x*ciP+R? ˀ!AC^`iWA_\Z@g?OƝƄO$i:N)e=M\n	PH0I3.)\\fR?Ą\r2pS <I@*=He+j!%D\0EkD᫅\0¼f\"\\a4wۏ;U8$xa愣		JZu`H:ZV,U]\'@\"7ݤͣ{Op8\0x	r\r!wΓZU\Z_(+ԕB&Ye[&Ѽ^0,CO;+\rFv;K	?M1vS؞_\'RSH4A\'}@GQNwGo&|!Q J2ZƁ(Fe\nX!1=8\'H\nTYJ&TgjtLħy& P4ɜrPA\rUB\'.Ul?GA{gJ%b罢xP>rzWnQf@-~P($<Gt;6}KQd}0Էf1s͓9PcnѳIaP+CmRBmDh<!\"j\\(p-a+`h<v4܆&5aCΌQMj\n;ld\'O\nݏ]Q(4z!Af0!pLHQ>\'c(ԫp1n]8J3Uezϟr[FG91=AńL;8c0lRʍSDBh8Nm\"]ӡe٭I1\\iMK䛌P[\rcv&\'YѨeB**}xә*>\ZP4\ZPWi+`p؅F(F\nC<Z	9/8Sм֑&neVOaΆ39\n74a&±B3G:ydel\n-$ݳ\0 |ϸ@վLi-ʄυEs_2ZG|V~N\\xO8& \0L>ѐ԰)z߅LuhhI\r劊m_L(d=xyeޟ=\\a0`B&!`B4L(z>W%D+kr <BSSJoj^bBN\r;[֏W(ns=p}JS!7Δ^g &]0?U]Qጋ32/\\P˅x)<6/?kP=p[י]f,HP(0}b\\.\0xrv`\0L8rDXwVx`,c}(l:g\Zu\"*EQTcB6|7]\rC3^1 @zNHW޶ˈ܍uf\01s|u,G8&A8-5ٞAQ^%\Zx\"k8ꓳp$F*	& »{`l@]|4\rBٴfC-۸z]tk(GԞ:B.r(l861ELh[g8af1FO_&|OwmgmsbDyōk8)\n?ь<-NQU05t0kFaJت#_Fap\00S!1`N4.Ζ	+c@-<:w@O\"7;lD)t<CL8IFsN@aAPNƙH~R2]uR83W><;dF,G[	 	i(v:h{LxAakz}uTeܸo-e|5eNڡеsARP Ey,N	GNH}&c}g0I\nfBT\Z9aH;(k\'\rgu\n.5M&ԚTJ8h\"l9!lik˰Z=dnO`b!$W[&^J,`>S <p\rW㙐n1)ly:\r(4\'E\ng?UsQņrEbc[̝\Z-\nԉB4Ka&,\0&BNQ؆L]-5	.R,uuP#ke LPap7|\r	OLς\'Ʌ@=թzC}vT.UJ+Ԛ9+/PQ\noZţo&[(¢(FLL0HT9 |u m+P2Gvv`[I>!/J*0\"J.4wc,Gy\0Qb\0}1Zg~?\\rQ#o/i\"\\g4Ǆ03>v	m_#&s2ZBWWi@ZgrL/v>eL8i\roTLTZ}VODWvNFQWyer¯Dwtz0J\"O_%3dBN2(FaD 	kdnGf	h<J1Pm%Ҧ:,v:E0tIWE{?u-|up23\0\0 \0IDAT7#1H7&~8zØb0*jB̈́kXL(,Y\0S3цy\rMȄτsth[M3DobpѤpMALۅp1a{[p` \nE^ŇVτ8Б2h-c9{Hw|GSLOPwi@y*T9!)4]\n1--Mhu%;G[FhǷʚє_Wi\"Xb3OXZ^{\"*]8P}\'3M0a		K@r\"o!YAr)ޒ H\n:1C&d@hx\\t̰[le&݄FSLn5:\Z[J}\\dHv;~ \0ލ2QALh~\';菣c%/g\nfBXcb=#0V	@Ȅ\"\"<PjS)8P\"PE}\r1;<݆hkFPa	W+*1\n+fph\n2 rLp5Z0(iZAx\"=,(/t3!v#yi&Eb5\0).U9ӻxT?&Thq*=#j3Y\Z6$(Pf3K	,J2dYhds6If0)X&T=3<VOs\n>Pgch2\n@h=/^{$ƔG?s\0uRL(ǹ߅@QApԸ᫶&4X(HH}B9[G`BHqL(&X4*xtD2GpbG&eB5͞--=5\"\Z^iG:UBov!hYdA\nV1\\JSEZN5LoELhP(ysY8.DsG:wQ: Ǚv5;Bc8!lإUQ^@hqό[2(\r_3z!mu~_!\r&2U>E`ǌX.nR0L>\nue!O_:gv#\"p]я վ1D\0&P(Z*#RPpLAX;ۮۍ\"]E+0ٴM \\@xT0an\"vykۼe@n%1ڷ-\nO(< \rb&4{3\'6R.@ud+5k	RHcu>?MBi beV\03I	\\/Ah2kv>2MBfY3xjj}{PPLňHO\rC)Q^N\'EWBT9D轔v&ei}AH#sW<\nrg`iBcL(leck nV@85Q^0j)W>i[= L_0!>\rHш]v9@f?j^===sx7kNpQ]2\'{¸&H6O`#}w%RrNPyDXk	\rQ}\\6eBzHLHlRl5y\nĔ	a:J!\nj-GtG;AX\n\nWDc\ZaBc.@	ƣso] \'\Z2O$[Rl5c>-lX2_]!Ӱ\"2a/Av(4$\\ }M-q樾W& 䃙U!f\n.$|SX$&4\rG,/8wA2el\"	5_QyGrzz\0|W=UL[㩌Իm9UQ\nZ QY6ZQ(s\0&8&\nXO*wa08\r($PE\nBGq8~+ o՗Ѓ0䣉Lw:3k	ϜLg/,S	\"eB8\nCr=Ay[b\"c\'+\n\',@@3ǣJg!w/p $+(]Kھ:&?Ƅ<,|t1Dk)-aS&=x$LؓWXPP	9F%/ׂlØTrm0nxH%hH횬a+EMV[S&<nOɖg* u=Gr|(iGע -5\'apwYC蓞UnE Y[\0?#Q:,iFo)ԣ\nx(!:V3!f%U~3O4FIU}#LKt	Nl[mA>\'|2|@iO50}`atAX\"͛ aBqӡ.\Z\"`hO8$1L*!øpwuBݵn\"d!i*gf2e\ZZKz	h,CDL@!݌fCH& LQ~f68PfS`U`Bc{D8j%&*gZy,	?b`|BP(\niQnUOģ&=Qr\0FL	T~^A&0ɠDh~n9yLlL\0{B!xu(__GA+3xIѠ!\Z~	]@试S)T2)rǧiGMH+\"*\n>|OT\rJGAz07h/)g>r;0!*Gf0Ԣ\r2&rԂ0xyd&2Ӏzfh>o1kDF&lQ.S+\nf\naFZȪ+`$iQyDTOfVWtt:D`qւPc\r6^k\"7\r4[	cc`AyC?8^\\ƃp}G\'&\'ǆeZZt.GMaGU,G3 DN-aZ#WqKYaEASLGZzڃg2!\'.[_Rb1&̨p 	WK3{	}\0ZÓC>\rXk%T#[U1JDw@\\	z;4iaՑ QQ7օuҰhGWX~0nK\'LzY	<Ȅp㦐dDōP B\0LL2\'L#^p9jR<jtX\ry?\\P\\pah#9^F˄!S	)D+=	+>z|LH.8xV=ᗝ&VP:S\'\ZQOZ&Y/4Sab:|E@8eV	g.UnJR\"( \Zrh2fT*Sj|()ϷxIQ8L\\6 [[tܙ5`l\0dC r.Ä+@=y4	ZB\\b/	kτ1RI^OR&/m;Al1<#ʙi7-b\n[\"=yZ	|#@߈	Qp-t\n4})fݧN}dgBB|r ^Kqșe[U,(jv>W(<Ąm5ZCa+[{*U[f5i6j=ǅ\"8J1;Qpot_%M	\ns Q\rx\"(Fj+TC?0Oj5b]>F1\Z	\rYCI?A_[4(4L\0a0MmfjE$}aq|Tsѽe=֣GW34o׏娣\0Zv	DH~A$\0eN&`0Ϣ{`Bvn7=$~|:ǖ`J$Q{ꉭEFb\"(k0Jo*	OHٓB2c5G8M <i53D	Eމ>0DB\Za>1/\\	;\"h9b;~r|;-L5\n5<y{тQh*P\0Vv6c@Xt\\*$C%Z$f5m\'zT09Bg>yi\n)fQRL B_4䆉tXF&<) \0-fTsiu3a!PD4Lغ\\`BÄF?\n-*HФ),2a=W	bp{!tk>}Z%3&vJJ\0Wt9n:ogCl2iLMAS\\I8(\"_زը4~`G1֡m\\%@\"SG`dm`ªUL)4 ͝F8s[\n蹝=wgO,)$ BO |/vis7Oh\nO].4>NЬ5!ZPLDk*/1&Tu.֦-*\n&&(o2BǄXeąJ\"Comތ9n3~dp \\V߈	Aho@pe40\'aL=	}PHI0@~0L8UGT()0sK.	O]QTS9̈́(C\0`{GZh|m=&ĺ%]Û`tQ+³Ąڧ$%m\n,8I@hݒL¢5CX&14`yJw&,o%oŤ*1\r\'߆pl0apRmm}F	ٖP/lT[&)Q?Q~ou/®63aCXF\'ĄK+Wu!OSOx7a%0ueTfS_O\'n[&Zk	-nr4UPILX̪NJҼL:{SGz_bb9;p/\naEz˛;Ђe\"\\c&vAuk+m	m]Z¼>:y3!JE+R&L-lǌcB?YV-1MEkErbO]Y_#xgBPS}a\'P:s <\Z	i\"i㟍Ox8:pdR`4\rA>ö*ըoQO:w-Jj+;pvlʩbcbpp\0?xf4\Zira{s7Rz(!!0+igHZ?=BL䤴~kQM]Ù;ˣZ$X!oT\nEH?w.];3\ncIJk?\nNKAOF3A	m9\nٺ4(\'oj$8$QÄ́ ,jw(,$6iF.m@=\ZJ!(}Xڥ|8\\{a\ZB5bBNj,sx%_\0h#aD8D#d|aW-J\00s5ßz;*^}\nͲPai0fv41W@DZ귇\'L]	0!+Hq|Y=/f&AX*4ǩ1À\"娚`\"˨<cz <(x|Xː5#w2u\"	q3Ln	z8=aO6SC0twfֲ)L\"؋3g9R>\nkHvqx7QP1({\ZWF	5VПoކjRx>0a[btD*֯sꓐhnɔ\neB)\'Ī6OƆ\\)T߅,2O&$T(G)*P,;]#a։k_0LhS\0ᇙ(&.=x%Ðvj*ܞ	I57GUOeD4\"\0aR1S̡lPWf	\'=C=aiT2ys+{:n|S:_\'-zCS;:r:c>[o/2Lh=AH:]2<7ѨP\n|6	\"ϘQ\"\rd1}\"[BM\nMJJ^yN??`23>g%;{W`B\'\0-\rg-ű=lC+pS\n?Z^V8y1\rk3T0 j}s*D}Pg6hP-{\05}Wb?(l#>AOzs.?ƄÀ4BQٞS)[\n13b\nF.ɊזMf:~K]!W\n7U	lZ@x_!g}lV?d-7{=!lN԰6(#mߓ3-1aR.{UemMngR,H.E\":%ZvmfLhnL8h|:Z׺!?t)k#>ʅhH(+^y٭ fA*f6EcD 2a^^u9j8((P\'3aK|O&f ⳏ6a}i\ZZ39ݖ`,\n0nM\'237˿Y/c3m}G>6<tJ=Fi:aZf^3\\έNOwA1ǣel9A6YS)6ISsJq\\;B~aAF3(\0p)$|\"xI88wl͞`P#vY-a6*DEE\nc$H[:\ZɄڛUoZ.DD~Bv#֠(\nmvfs_Ovf\\Φk3\r۪%l_xLypP+{\'}-LPgmJ\",>b`<wEl%ԇh3\\a\\}}(΀rP$w&Ňؘ45a\'Ą tL,NBZ!:m*BY\0vS	d_VͨlAx2\'yHKh39 :ҵGzVx	]>Y\\H\r_yNOس\rDɽlB*o\"<:+B!FMUש8Lpd:oġz4u;oanZ<wfnMfIv}Smά#^y:v\"J\rEh4˝Ahy%\nLRLaeʒMbWMjvO)dN\'(&t!\'.URhpj}xvP&i*0V[PGN*~ztvz~;*O=QM^rcs~\"	lF-2NhW_a?E3L=vr)Bǽ!O\"@1׌f$LKo,ʂgH`g:B+34d0\0:<Q|D*}`ߎXXG/VhYƝ*^7/3\0:(ps[l+iט^fP2Ys2_LF׮{9t̢Ӵ@q1aS}Y_h	-#GmAg-c_(IcPoοhZbk^q-Pb\"cj܉:/$fq/k_#L)	h6	zH2, &BՉ뷩G[R֮F4-(xo\rj3T\"r@C@\0:x&7-M;T#CDn2]1ɽ!̈@\ZULh@_Rڧ=Ƅ?(4ĄQ:4&l.̀-z˖H*>7 }Z\"]vT7 ~J:	gPw\n\Zi=nB$F/*\0\0 \0IDAT\0fe05\\[p)+\nF\0XD20D@Mץ\0&=a|\\HC0zM=u\"페C#baRa+R`=grbLQO\'${i˯E᛫rId:BŠ5\\`LHa2&O\"7k$\nÒZ*4ȃCØ0\rȄQS,Ep4ʽ0hۮn4DO7ol?X \\\nr)Ƙ@bB{n*&|!;z@hֶgLpR/:fOM+u_vO%	vs0*G@OPΐGikXވ瓝NyPƣ	uJ<AسgW#G=j/eBzm}S)f&7pߟ)\0u5jcyk,5#kNEf`VtB)*cx{Bfo&/|J/)r}-BX\n=h`oFwD)zLx1 \"t.}z\0&O4鰛`N*\Z͑| -\rL	n6F/.镅(vWsQ}DҰ\"O˓L2Hf\'Xxomԩ/ȞSfiflc\\	gr\nҽ.FqotV*)Gf)Gu~; z3Cp75>.8΃?%NGht\"K=#1DkL8k2O@GHN(tBa4\0&RXʅ0]x#RSX=rř;Sbgr+	O\'/2!	zT@5 hƠpgKs֘s|X$Ҵ[znu[ǶJzQoR]O0a1D݃ȁЌ4ALh&vN1Nd	d o\n8ԣ;U.hQnB𮞪K05`ʌfpM\\2>Q7l2[t:/|Lv5j\"APd>._	\Z	xLtOLC⊐u׻=EOu->\nl~nd-\0La愖	~$p㶴vĶ*\ZZ3\"pIQ3v\n+L&**7ڵO/:.0=P`d j@8M:j;f<&\r\ZV2\0.(/B.3z[q&Y4zmaRyn6㝘jr;p@_u5ԥVGf.&HQ<\ZUFTBBW\r;6+נOAdҙp9=MD\ZB=F.S]m~E|]@hPð\0O_\nWD_[*tWCΒbRd@F5\'E|ʂpt3$yy8\'|9!\r\ry^趦mSHFQq&2ʌG5s\'1+rTTk0D(ܙ>=5c}q&#w[EI!|g!+N.oRso{UDlt\0k܎RfI8{kvdabQu4dB>Ohۄ:h(2@@΄KVWJERq==\Zfmd3SDa8P1wƎwzȄa͡+\'< tkQBi9wD.cz.]Y	4DxjyM2$6`_\Z	/Ơ3-13Log`0#/~~Yz(ۮ)\rڴ\"ȄʨR}iO,_o,;l۞\\p.HyUGup2<gLx 4uy`BlgdԖS4GXѨP5XU1WV0%\nY=Q&1h~e	la 49!&v1Eh/&VV&\"`[Mtz.FnܡphXYkz6(%&OskGhĄA1X<dR\rG\"h=L(*	OvdNvU\"\nk|_2_\\b&;&1!\"D˧rc}da~0Mㄩ7ڤ7kٌv?^\nz{CP;ss .Ш(| n9BA,܃<YӰGPVxYl|6 \Z٨;Abr&<H.\ZtZ̃\rYvz	3lS\\~G:2Rʲ\\	[A\n˂B/Ug̀M;qU~s;6)4i,4@k:\Z\ZB	b^ ܥ8s5FbrZYA\rsoe\"Qozb*4Y2ŭv愔lmo&34({DBmR\\p}-<:tX>nTMoo+VBj\0<H8R%\Zv*K4\00`F£[&#,<.&E7JX]5	-3SBXȐEЅɄHs{z(}aC	qN#F0|v\"x\n..\rM`l5̵ޘ \"$	\n&J{6i[S~ة:\Z&6] LkD\n?aTAͻp~\"ZbF8h߰3\n]EeT0Wfl%V	#Y\\I\nEihrIDZI=M;!{lQ,;	X$f\rGu	s\\k|7QӯU(S+p6\0+F]FeU;D\"JcL&]m-w,ӽp>\nCiILh_eԤL=#ͰKㅡ>-q\'dؤn	gPV9*+?Ił8Ύs`ᠻtj`Va\0CAʵ9m܀ o7dbQ\'o+˜IWU)_1mBֲ;qh`u6%;a]Wf@10#&hhƶIӕtN\\ShuJM4UZ=:p\Z\0rf@0h+I5] 9|Q\rCaᧂDW%G\r2b i7/#Lmt\'y#XzlRF%s&OHgo1Bo3ZKьY=\ZRݦ!fSFFۅdFO}Ds&n~(<M&\nlMo٤1X6PX: JQ[$\n1\\,D8.k5+2{(d)wSC~J6]iMe\n	ǃ׎n=g¬O)hDxwkohz\nyl4tɠR:gR͌w Е#\0^\Z. 욝po	u5$grL!(O6`:yՏ۶kl2kAhiC+ky\"2O2p[G&<CN]&tQRlLqh;,H=i[[a&ahET\nkR[Zp{\Z۰Y5XYIp<(2o\ZR0JE%ؓ l(HGw՛}h\n9|Q/QjLgyk/#&um%\Z$lvf9iD		BfnFL`dtkg}܇A\n߮lwЎuvyqwP9C-!c\niеx/q0LFnd\"QߪdAݞzlRB\ZL}S\rq>>?+\nǻ>=\n IM_Qg\Z1dC@]{۳+V2R56X\r(^̈́IF_]|י0r]PF\\^`9!pI,0b4ZG^8OQmn^TBL1\Z\r/@.	~@6OG`#\0zrt{CUyJ2_dF^h1onYNek;ŌKfw;QdG1=2yLX̰ܰC]U[l:G&m\0װO;;svwYسKb(R{jf&R_9\0|2`{ʺQ8Ֆ	ukpgq#0>?WFd8ZِM5X|9ag0#h5m/@6W~M&AɨVi\'&8BS uKx~m;L鮌kţ{6!T\ntMs^kau`h\Z|mfDtN\r@@*C5(s=]ZaQf	 |MIF0ayx_PvYGYcރq.~	AGcKZ9TFqd`5jEn5o4$m5hju%l<E!%t\\Hv~c	3k{oUSH$#\nz6iigt(ÈiP5܋tv˚(t% `b]8Hl*\"\0L(~(&[pGFFO.ి-xX4lInnxni<^o__}!Ud@}Z9`8V8M̚a-$k?bBLEҲx~d7᳙X45b	AapaM	\\|(\ZaB?mעݦD6Ɣt%jc8ς\0O4㮶fy=~(yI(amAY(s9~%uz1\r*0N ,}Pa!!\'0\"!{Qow)h{kee*@mDȩ ׂA^sFOahiFLH$%Uy*dLҪXUvMjt,{=0&ɂl1vaHT{0\ZP[(ة\ny0-jg/	غłpyLX2U:eYy7Gw wa_L`al5ue\"AP$ҳ.knAxZMS Xdz|FE	O!\nYsn\ZEZHD=/<{Q$BwnES)0\\ѣC5Te~/\\R\"BQG[L]Lb^	Xf4Uu(.\\Pel?EYK#BBCPPh1%~i\rK&BA\0axwkDШuF0}*tP>*4JycD3:g)tFa;YofQ1V~47zgp%GPE\r-o¡0E]!]&PDmoe$q2PFLDHT\rsqk@oFj)xue0ih-kbC`h݀Gߧ}Gɘs/;`<zRVg%--ĉ/PzO*<FBJ3lL\\`T	zc*ir{#2q\ZRE޷?9E֣g9Y,\\?뻿({\n1 8\0FaaĨo^6wGA%8G?{s꺶p{r`J;\'_\'.j޽,_nfUYwji<AT8UFeL!Ik0ƽfAayg(%Fpy3,p;0/*`8\'eg2L<yڥB|~B3!r!+;9x	6#З19\\w{>\'dKwe]BF4	kTj\Ztc!b½Z,O<i&XD>!eigBQK $	<,JJ&&i*M<k0eoM.	ѕBzZ(4.,$  \0\0h0j4UD5C+֞D$\n\nY&\0|||}4uS7xBN\Z>vA%ϝ.Dv(\\&5ONС%&;Jɬbn-\Z?FOor>q;~@r	QF\Z8\nWs,B:E0aݡ cdc˔^z&3F[PL(:	A-={ ވ\Z}`f^\rH-q 2C4<~Nv/mͤmӺ~,?jYKM8_0\0\"i6WdM0I`\n&h5\Z\0pPaT[o\'UQ($ND\Z3.kuƤǳ\"sc\rDn:wX˅bȬonRND,\0e*vpZ	>`~r&o0Jd,icgBP\\Bgrp}\rȖ4-t\0k18fhu@9f˴B\ZtCAmVdB<2቙Y5Wq]ޛN&{2$& ĨS	EasA&ȴ8h**0yA(١3;# /.OFLP@_mV,AguGOi4faS\'p,;Nsaav垿d׃;ol\Zû֐4z}~Mo4[˄%s;\rւ+uBL$Y\n\"O<z\n]B5jw:Yi3Vw#GJ5]ה}S!d2-u}5G`?0|T9h=e\n@ Z\"vtY&Y9ZX+hd2Z8-@w8apXN#\";6i.UJ\r4{-2mV3,Il_!SSf0#>P6q]C3EN&t	CThIS-TdI!z, )1G,~>`Tz9kڑbTHVx]!g<<ʉ֛Uahޭo(LMNFGW3Rݩ\n&dzo J$,ULX-&T-%tT3@zc4iw[x2Pxsb&}zZR9Dc[Rt뙐\\A$39><Һs$Mpz\ri,uas/^eD0-Ȇ\ZBwQh໩3\\6Ej>9\nՋCAvG}A=A	\0T	[}BBUB4NQ<Qm\rLw)7s BPtYQ nn}ּO[\rhE۲_$H_mk>X\0\Z0fǏSDQ* 3\"75T0Duuh\"4kQ4/\re\Zr\nB.O+U¾̾\nCdJ s-9t<Bw]cɃ0eMذ%}ĒQB .2qt0@ 48*}Wh¡8䋼ƞq¨KA\'F%G\0C\"ć\'C1UnB\Zs7qjgNfFdBGZQ$0?̄T1ZMg$\nUUɝ7}qf{FU퍋|k.0Io jXrF7shU9YAD`K{mKOhowa~6I03H4>	Ԙ0+tmDUS3	b,RCE[6\Z\0\0 \0IDATE%!Bph9\Z3}D1B5+s9z_pF#kh:5~3U`Jz./O%הk20tLr<L9q↼ɧ8&.Z?}!C7?˕2Q--	{}dk_6Z6ﺇ&vOУ^3Y1hQisҹGLOaMPxB0dz Q\rdˣtnL;\n漾H[@\ri*S@ң7K\'a%&JUa4pbl~J]W`,ӹ].nJ;,}ތ\0Qլ2m5:*1_-2_J\nJhDK=(]	w@n?kעDo&!Y+>`\"\'ԳuEeekvG)!llR+ qko;VL\".\0PL\Z$O/NienDf(.>=?Cߩo.IDkjec78N{;4qÓ$M{r˂ta˵3؜RݦRx~3˲!)Y&Nl7ˁLy	\\G3ب0zd\"2Bڹ-v~.-T\Z`=+\"o;pn:Fu,ޠ)(`inB0iD1=.aH-\Z-\rWJא\ZR>0wdoO]tܶO Zԇbr$Kd	J,\'\\/ <Pq\Zi4\").hǾjV BLzej!3*Y\ncib#Rņ۹R;qE\n͗m!F77?bCZGюj̕(|786mۮ\'\n=A8M>qWұWbmAfQ638X]:P\0pnq=x\0~A	PWK.+T9d;&PLk2X5JR3$Vz\'Lh#&.W-uN0TpH H3ЄAIqHݗmڞD JB2)2F	|mIsU6՝X1\' ǢK;\r6\n2\rI2Dׂ.C ->Ft1ח5U\08VfBpBbfgX	͓Ji6m4\'|3Z	29&RU실EW}u*:l.}Mթr&@C.|}>S9RqIǆyAGt>nρ!J$5l52M=-\'!C&*d-AKpYP򛐎/~zFy9PŶ6 ̇y[ߥk2RޮD_E 6\n\0t(a8g&csoeZW(IxSEFE&hרB\"\n &T\\/}=`FphC,O	?HqQ8Ueؠ[7(rclhV\\/̄PxV:M0!f\"}L	mCE9aaЈN;Wg	trz15	C}˅2ݶon!L=-L}bh*ZƍTYG .#4(8bv&^3bձI0h$t3.M\r+%ҡ(v4Kjæfke2bkalM\Z=\0EDĦr	&\\yGŠP9\\dU=dnB>[-.Hpq493t0FaCll]V$0H@BiAOLo^dkg3\\d&B5Z;BX&U 2#Q$c%z$#\\h	c+}>Y8n)g*n͖V~I\Z*\\#r353ה6mf/2q3\"\"0nsaTP^睄ڲ0ӾZ|s-G)$:ÄFWe&\ZOp\ZN-\0p	~a^-A?i)fgRP`Mѐơ]pTuf4:α:@&|:&ˤP!kd\rtu8y8c$.3f(URe5%ǘTшǘ*Cyg6\'(,i	x0ѢS]xL,.BIbqiذ͘00~D6T}u?<u)aE\ZF-a.:<h;>bU}r܎A\"XQ/4Rs6-lCl\"I=Dc$E>YQW$c4G=O}\\ۚ3/p)\"|PiCO`8?OJ\"R\"p,P(5,W \n*ŚVF&laHlF3̰M<W	]hR)KAՙotto3y\'xk%Nw^8f}8TI ;[lak[lVdeo<g.}eaiȦV49>ust}K&}zn1\\\'\nWz/=>ļvHqhF	Qv~`QK^BWia06B%X!Lptw\n pWt/?r~v}XRK\')Kpρ8ŘAGT7+}OR|k\Z@&n}K;{7E.DO&84(hK1xaCTtCVeBD8Ee	s5$Muu\Z&WŒmv1pg:_2M\\Vfʝiپ¦V(V\"[ޯ3/0oMeY\"~R8jam/6VI>{\"`ܶ9V{Of60XT0*4Pap*(T[HS`D\0bBGw|[v\nu_4f(`7eܩR`T;}};Qڤp3az+ln\rU>thrN$WNVMZ]m+JF\ZD?ϟ	6u	gjބBs\'kQޜCU­b=Qf[S	°FMkg$Ja\'Q+l:vK$W!^B\0^_?\0 #O8&m~ԽYT\Z#ZXjSTfX>3nsДhO;4\rs\"+e}mhm(*AqfA\nf3FgͳrlA(O}\'A;ř>NAů_W:|7c0X\\\"cR(Zdb0蚬G!wCnDrS1;\'zct83N2PMwAL)	m]dlI&\n7Rsjq&d[`_4>?nfYVIM)0b<p<G,LXHbwV`9nb*d::~IfȼF_lF|.	.Go#7LAut78mU*NĒrf^g4c_ѫEX!*w,0M	u/P\r &`M!$T{4{Uir5¤L\n9)Qe=h602=B@m0aV0}	+Ff1ڌ4oc\0k/mx\'A9}^|[[˚\\BZCŢ\nPыvvaTwqetuxaL&_\r;}	iw3MZl6iHZG^>E(ևkqgN]&\"Z>ftg/8JAF[Ƅp%;	K\"Dj<L!9ƣ̄+dx62c#O_-LGo``O3!x\Z8?0\"nʈ65;r\"FB<p  ĜPn}_AzKV}]ˬ0{#AذkTd	K8Ujӝġ@T%d&<\\V\rlKJG-\0ǬMDfмOGM8ހg*ŇE]BLI(K¿]r8B)okdAG\'f%YeInn-<\\[n(o{da1x\rkaPT7?	;m8\Z`Ebh#N9[9hf(EhY&Oj2ro\Z;.F|çz^ ( \0sڀ:ӥ;x{aw.p--21 `S)fˬn7;}	^\\$tz9:[	\"ĐF==_	_gNĄ	M:3\"^^tkl	]ƾ0\\?u*,͵:agCn\n+:5>T8s/t~9矗%:z|@꧐JG2ق>Nr	9AmS50CNGjДѶᐔ?C	O$?0ɷRf2^P՗<\0%Y!J}&<Rc\nNZ_8M|LZ\n\'8&>ylգ\rqӖ;pl.X/p8U?x|v\0sd¸G*0]0ǟ1_vQf\n,L[^.#$ckυq8O }S`\'3Q!ܭ!Iбr:#℗\r)\'B	ŃP$D>-,.m\ZH]qjz2\\}t2H/.n>1s_2}ӇfMbzߵc[CT}н+[|vIáj`oEco\r2Ca0d$wăME(TG¥]ˤQ^b-왠}HV0$3_Az_-@].ahM?ķY}…\\2bS;k\r\nBU#Cug(:Tx33!4QC@u3\Zy//MF~O^8#̲MK\'=ILa&X\0HBQZ6==]W-e\n#\"\ZyKe z\"y5bYou\n DQKSVr+H4GʄrF {_>\Z(HQ4R	[5Ņܕ>^^\"{F{j߆PzO:?A&^0ZP)F]CׅxH=a^6_&TX؉\"dYF\"6OgP@(&bBMX;<hN=)M%P2Bd1hCXqM8|*z_}_(xʊghSRw:t8\0}|ñ7+I\ZN(tF\0=	;8g.0>2] JQnh3ptt20]˸lס\'KoR/u\ZUDkbGcXJZ+ǣ\r?0112@o/TĿX9ԣ[z4\0_dA\r?3l gf\r5i;|#?8Y4jp(=LǨ(Rxz@}m\nX<-9P1:-#7A0r#*ևΉ뵚L\'_)E\"0+@0\"-s\'eXz\0b1˖F=r9h.拏YHވ݌0mO*4c$G&p0I_̸QfhGsQT15*Rjr%oEiGi0/AxY9̜RYک1G9B[xfr\'D!B0{d[q̭ޒ[É+_Cx!C+a>Jx^Ǧv\"F!2oI7@!-$[j1fLSt~gB8M6NF0HɎ9F`o)BaiaRPYh\n\\LQ{/\'Bj/ϩhEhrDJ.e\rx[-^nźPܒ>+[+uīA190e!Qr `#g]gb\'vI3\\?isȘ0n97DBf_jڡïB0P.03]rI=֢^M&	\\(BPNfd$<\n5/)W7^N냺Lf|BB5p׷zGd8MZU꟞ŧ%.G/K.~\n.ѫFBgLW	X\n0	{c2\n2JBΈj\nlX5:Ƃ,\"\\lF{KzLV\Z޻@z)JѢ\Z!]\r\ZA;Ak\0?׏@x73Ȅ\'9U,kь^2G`^.%΅5fjI+=ÈIlh.S/O2p;_{KsvPd\ZA5q\nަqcǢ\ZA6ֵ_/ZY,\\M;(|&34SX΄;B?9rTK5\\;8*[cDJ6Mgb3f̲c_mt=ZWD}Zmt)l3OVHF\\FMA=AK! Ħp\0&i Vr*#vI>mYMZ+~_sKMyGb	\nȄ .2Nר)h&-ԓZeM!.^aeZbڿ?#Y~8sNGL-.)S-*5D_pL(DkUcy&uj\ni\'3~ehZ#CQ+QX\'l7p t/\Zwzjj;2G3:)	O_\0vQIhrСv9j/XXPP3Vp\ngj-bZg,v#bAҋ\ni\ZRg2$B\n\0r4(z˸ Mn#%SuZ\\W&ۚPi!-r4t7`/Aȴ	VG2C:_{BZ UMy/,=wfTQRtvą	Y|EGSE\"CYH{}\0(6\rA\Z?|4*sB,H=c\nS}ߩ6hku0\r\r?\r\n6׶TC$!T6FܪQ%\n9	i8Ax`d֎hk3߃3nS_Q3_`eYz//)yHSm^%@D!J=\\Lh9\"kbRcPNՖQ\r7E8%PF^A.(<b,Bk\'Lλ?v]\\W\ZL6{C8\ZEPۗ8|DiM\0BoRm,=-\0tir!Lⳏbr=&dS-QQh3nVM	\r8XРe\ZG46/77hIgpږV}+j2y)GۄTyYϺ.Q6,B:OK΄k\'\Z\"\"<?w~0fY︨|_03g8|qxCdU:\0o h6΄\ng[N,?t,׆29L\nZvUÆn{SZ`TրoeLf[\n45\'D\nc	C:L5L$+Ү8fɽQ;(yWm$}1 R\\	?ڒ\n[-[Rxrv5q:>.b=s2sWU?	@P>8Mj.qiWtKW^>^ƏOiin0WJg{姹U`W&[npᲑ<\'Bd\0\0 \0IDAT3XNX|Z-cEcec¡X!\'JT3G/;,ȴB@ܤ0hDd8zz\\Bn\\XH7	*C耶NC[>,غ}Q{4scV\nB\r=ԥ^x|\n)eBZ>?6}3+\"g1PyUm`&1!m5p`,0tpv`b-᱐%)81&D6zBX;ɔKb\ZM@ᔞpL\'Ax)7tDgiB4lR?5<M̘bǞ0kD,±ɮ#5Z~όuØP<Ao˶v3RsM/Νh\Z0\"	M]h.3hNH\rZfn)&0~k\r|O DP\Z=pBZ_Y(uꄔ\'$__=ÙNeiN.$<h_6rWap}aH`{bmߺB.i͝(#Rs%m4X3YsnaGrw\Z|8*s(\"(Eo8Ey{x\Z5(B=^t,jCj1$&3\r64E0d}#)SBKz!q+SBr[A Bآ{GT~jip2*Ñ5;>`hcL8w:\nsv^R\r${NEsee	2:J-\Z 82~V/?pZ~,\Z/\\T֎6WSJM>PkHu˞07%5-,]/iHTy7hP#\nSAp\0\'egqF<]r\0UXxuvRr\rl\r4`Ks|Hn$黋+dnt)b0tG$ras)jmvwCh%\"%\n~Cp8UP^ȩD)Æw7!휹pޣ4DگpK%\rgNml$v%sBՐ3UDu\Z8gbц;dzv)64\Z7&m\nS_ǳzq\n1aS)|qҸd\navV+LU\'{9<Kk\'頞! P\Z_Z|؛P|NS#K@ؕg\rڔlP_v8$EUTw\n:\Z(흤9XU\0L%7[,o%B֐i)\ZqcF[08{~-n\Z6%j4/U;{Ngx5:po睂0YGRJ\"7~=3XWe)Carͻ3\".{bLYRXl2|\r5\'CqRNhȩ.˙cwLuOS~cWX?ܢ*ƆlC%LTCbO0YK\'bV6FՔ	es?hs(v\"4xYͲH^>Ŏ{ \rL8NR8^X\Z#w.%iOoBÏ]H̄\"ɐ#o}_,CNW\\L2R1șbxQIW\"ރmf#Kb\"=\0ĎiT@Wײ4x[0J1-}\nL8S&4ս{65^	B=\0u\Z`5q; u}c\Z&QR<32}ˍig.JvS-a٠U}D!f*/-Qh~+ոR?btZkp\':!CU9QJr)R\naF\nADN=%S-}hLhI\Z\Z)H\' $E0mTa#ǨS![*#KY1т{5O[hjM4rAtw-хX3G.uJG#p7!VB}U%|ʃkgG]\n8mfb`ä};D\'1?сrp6zƄv(D\req0oŶ30ܱǂ4P 9㛠ϪH}})Ŧ>_=Ra,Hb\\FLxƓqP8)!kI7)M){J~^:xzBn2\\T\Z0\rI\nc*KύPb`oEz\0%,¹0M\n_\"l!Q,Fd	Q$1ΐ]~=\nBW4T&LV[a8f/*j6wh&[Ɗt]!Ȇ`y_;@j|x\0Wj|+QY2k&0Ս&^kWFa59S{݇2As&bw[^ $\rI@ԫn5S/ג\njB#0`Q6(Lx6M1SgwKH!hk.լ\"Q/z(-, Dp{	;z\"_((.\"U8l9e+c-l߮ w9J]qni	]\nT5&;M|G&Pz^O~)Lv?qqS+<E-QEh:֘7=bB7\r8Hk&QSZ3E_e,jNr6\'l\nI\'Ni(Jfw̞o>=_/}l4g~\r+ehԯ7T}b9WYZNA\"7z㥚FZt[\\Na7σ=&k=C5Z>eQN藶	\0i,ۖR&dzL2ELlTG+m3wy]m,VzaeS`\n>$پx\'aݟv`$_k2|O IPkଋi\'5ʞ\\i4tT^RqM0\\\0/MDx{\ZR%-&$\n}{yዛ*,WzCRhPcOT#ri#0s&B.޵ЧkkǢU\'|~}dxlxm_H1&8K<=WQrV5/TXNq.Ô`ߚS[ahbk1H:Yoϯ!Fh2*V>\ZĚe/ԭ:L8a\0&tôO9#e4cN.dɄ6\\\Z0~&YЄ$\nT}\r~kRL.cBEI(@GCcܣt-v,ˢ,6\\;9:>|JBq.&O5Mנo$@[BoZ\ZE_`5̓\\\\*hqp*$^៰GOM??|PHĂc5=[gJ!A~tI`q\"(sb®|ڀ#gC>?2v>aN[١umכ\\.c:SW]&>CiڀG:x5pV~gm ܗL\r	AHf!拗\\ka{#/4!a\0~25W)n$LptHܙ!Z剈85ŴÄdP-qm#=0MQ<*¸/jduZ0H=dܠ|#BfQ~D:kfv;=>5L%\02\'2M5,<:\Z\'ǧlΓ:EKf[.u/W5-_hNWYYV7<1^i$7*TƵFJGlcn9bsmG^{_1vY/ҽ&(|y}TW~\0F<	<6ȕzt;o=>w0?;L|N\"@קO\Zj<x T\"1`uUjOtQ[+28j.[4et^gus޿}iҐV]4ʅ=\nbi|Dhf#\Zj\0z6DgP3tIARB*BPHAxꋭMԪ+\\YT\ZSZʂ+v!jKW.-;DGJ<ҳ%,Nǯߟ?&^Makٔ4Rƣ	=c\ZBT4WBFq5|r*dO&±a;$%x&oLȄq6-iI VuMۢeezɵ 4(D?t~24{nxPƗlttjP!.2A8+]!f&>ZvE])<5_cD{FcmVkԾ%-|-(ԌI!AE!d*N	L}\rhmP_xS\ns8SBԍ~\rw@+`ȟY!G<Xl\ZZa^.jo\'oЙ3|MXTD0,ZզYdxV5u9]joGv\r1N^%&r{)DUk3߇9	ZphVnpP 0XhJ.O@޹ܥ)0oΑ${D.f\\m\"ǚnh9I?}Ma&2kU츬A59A}ŧ։\0Qs:\"3{A\'ng=1!ͫ}WUi%bPx\0+Ok\"4AK3RAHƣ&G~L$ь3ACKS\",ye>Gp9@*3=XUd.`}[TI|qiG.}+rej󨱨i^߿\0\'\"I(`/h:C>t^;:xwmlݓ6b^EWr4i\"ݥ*9k$n\'w5%RjMno(O0DRytjеV\r3_h)mxׅX\nH[&ukHU \ZGn\rW}/]62Ets5..uADG<o_\0꘰4 u^ȄM\'htbF\rIchf{3s! T$ >+G{^?)+ۃr	n\04-X*H>+rQS_fBH\n$z\rEa\"l̢s\0W\\<Y-i.vvQ0җ0fe\'\"Dkfŗ@Be©\numTHXA\"h\\tti]MBvhXOTG3joAPҬ^ENF(ٴrEnC;p\"\r\n$9S(5.3P	(%wG{+Ioqۋ媝\rGB\r	A7##-48(2w1ze(Lf4UzҸi.·?+kU3w&e\"^/3YGkBKĶB*Ldw¸\Z^dY\rԔ\r)iZbp@ʨjvAjp_E&ds(rYq8:e.%_AS,\\+\\q;vN@j0ʒh9B\Z\nΏg l|Ft[H]Zk\"4l~Bѽr-4k*ünYaH$d.׾z|:\rS@R\r|2z{H+1jsf=X]Bd <Փę^$:`Q?Ӌft6;em{T8f;9I\'j goawaLݺgi6U(b0	{\'R<4gi[|7bDk5a	TEbNs&S\n40a00AM۾Z\'D}Xǩ2C8ŷn[,{_OLDGHa 2v0С\nA|ОʁYf-eFǄP\"1t@ ,ek  .3Ӆ	86;^ʾQ~Gq~~8h`P4?%晈t%|$Me(\"74\nFT@,8ϋZ!ܞ6fP	2yG!\n	C`t}\0xpJz(\0C6}M8Sraj\0@plJqzoyNV)\n+lGrmL4DR#.E!6nH=RS}hSa_|1AF2N̐f@Ð4&I@@ژp2]y0uODxH^!&T\rߖn	n\0Dʺ\r>K*{RFF^f-B^>gÌc}\"ل	z(L\r1CJniV^8VLwąuLH3hH\nWx/Xv3<X煦ФIOo-Cc-yOgAXPnb~(M		Wm^jH1?(ⵞI7	JgxǍnG\'2Q_r,*c%Ad\r?_	Uw\nM[,}oWqa&(c=K]1<h-I+\"6;]>	M23Suʄ#}EqݧfI9dBl潛(џ_7h1Kk@Hh[!\\9<aFw|>(Sm}\\D8o7Mū/_=Z8RQ*~j2qWJ`W[ZϖEj}L7(s+J&i@\ZLO_Ŗ5[@lQKU&dBJ@Y2*ݡ9{IYAi(ށ Jbt>K7ԍ]k	X\rkOyw8	\"SٹV.k3V\n靡v-mHB@[G,Ϋcz i;R\"nlBS`$\Z:lXXj`i<|&!p4Sc0z\"ϑq~n01P/~p6EQ/ZؔQh|e~Wet\Z}3Íe	\r6<`w,@cSKFMoƄ?>\rM5y!jb(\Zn*5ـ.tb\r@Ys٢5D!{hNօ!ñ]ŢL\r	hMdK]:}ZʝEKIAQX%ӐR:k`m\"03Z$,\'0[nO,7cVf^Z.CEV\Z\Zp&3ę3e\'8/ 1\"˥>r]-z[(yNTq5!fT >@o6\0)HUPJh^}&ƙheV`@־g\\Of.Assѿ\Z7h:ɽHi|1ŖLδ^p\"cd#$\n~ADP)g#F\'~BqR#8G`\'FZ~]Qt\nK0a#3tLAlLlHalBurN=)Zq?@85=g(\nMs7T˅LJVmJF\0\0 \0IDAT=*$MRU*4Wh<[w=iI5t3lT,GB#g(h^*I*լ@.Sff7o2QCbh{(%v[&({$z?	m\Z	\rYgM2\ZنgL!g,>\"#dJ)]I3	bB(k&+>Q:zc|]\rW_NvrgcC,Y)9	ۦyJH2x+K:jbԅ/4.x6Z3h\nCO4Hp4)J*lv_TmG콆@jR%$oeq<FLQދ\0/_d\Zꥠ}\Z%l,蔬DaY˼υՖ*q1Cp^-|*	Oc!vHI~Md3}li\r^pte2\0:bpqY0O4AyA=_iDkMX#o8\rB٭`!ĵ\'?ȴp[mv;. b۟5ep6JB\\)P.c^NkCP	W	=Pv\"`%FԾ\0>9PK~-Ћ>3|BH\nJ0Mָ*.RcD͏u>=HCf+MтFrCCF7m㛅ˁ_6盱\\.*&$}vU8QʆNj $cJyjz!ynIoݎĚMgwƓoI`C0NHДĔHؘQoc>sH~dIK(ē.9>c2þJ`\nӆe~z	g66[j-ۣF\rm-5Wp\"\rbW$,y99ppO4&f}x;vس>ˇGO>55!mPZ1l0LglYqлl)AZ ɤ[Qv\n72ceJ>f\n/THL5T-N¡1\'D3ФbDS8S_uG\Zv(2~;#Y,yr$I4Ѣ N4 \Zf$l-G|#YAmMWs5\'?4 dD#Pl@KKp~C?d1&xU|H8&(n(@SN`t*NEI6vrX	6<2sUh#]|+&KIFUpg;Y5fP/K;N=e4:Ѝ1k]Õ&܅i턱0\n骁pm\"&J(7n+/\r.7{גT\ZsIܯc\nw1RI7d#!\Z09nbbQ::UJkT~qzMhXLLi{\'D-CAݐzLQR$!)4[k%Kz2__sD!goK\'4LKQ۪*\\\nwv]x>B_葋qRI?F\ZMu\nBrP\Z\">wEag<xUnֈ#0`(V*B(}Ъh-.{cyS #a gcѾޒIj䷼;9+и6֐\"άy@<pʶb7tya13zŤ=Ucr*XAY?q$1Cל4F{Y=*+}A\n\0 ȯ6L:B67߾·\nAЮ)0¦Hd0v/t3`_\nQxi268fL+Fh\rOtXHTYm񝔏*ygvd(ofc{\"\\CQo$&IjDvn |\r !HQcPbmBZZNpJ\ZǭqM#%B]\rlpXגvU(,6_2(̧yhר1H\rC`>2;zZ)R%Ete ݛoU:=ۼ,6UغSaNϴoWu0>/Jݘ~X8X4zlYZ<9Y\'1d`TtV v(?{cGCڣ^!߽D~|sѦgՂE ږQ#ܺ/߿/M~\0=䤼eޅM96Vz{k=dBb]B\"vU\\>~I3{b}uo.P	5i)3i7s=\n)dO,fRq;&`[7kpJۻ󒗸v<`#!t!,`<}\"Ʉ^x9_P(|^2ه\"q۱γ]4HoPJxp)F iEJtq|Pl<2HCzYLR|RG>厼ȌgJG1o-\Z9}G܌zE(ˡyKOضߥ(,-QUvFX$4mtIoyC\\F\08\n\"b.8hTgѫ{k3݆3[4L*VSnƲ>OjpX`\"Sjg,8ubwPh&Lc@t~C0dA{P$Siv;_88	Wj/.4\'lf􆁐 ؟J?(K\Z+}3y(oIcF&vcqw\n\0Hf\n5_ɋ0*\nJy0&妩Ľ?B5yy.WSVFԪnv~*]\'+}xؼ)\'A\'חl_MHѐV׮&\r5\"[.rTz{$-D=/]!(ln۫V hBnfHLQI\0\\:B>Q*RR	CPDBAgMM38Z#fQ8IQkrvn_6oG05E}R=|uF\'	֏k	gIB%QӲ\02yqPOT|		\'?Z@Xb,,oEl5I1q]X}!)^cwS=u׶Ajl*̣6ivO۵hŚ[D#VH$\0Bsu7ݜlӛz<\0ݶF&AB!\ZN~/qyMӇ~)`8QHxX\rrlJӓ[\nCy91_AkEG{B1\nP65)[hKMs@8Y)*n}Α;6/eN\'k	շTI\rc%8Rƣ`h]*)Ll`~:tQ-11KxTio~z=G?.gb`8NH]>//?p6jr~|ISd{o]ԶDO2xO\Z6eB(O<cD:NNdsfahi9	Cs$\n3tFFzMv&LhLcICN⚷we¼i0|MBhd2w\n(ۿ\\Nئ,Z\r²(n@,E.ai`/&/tOXWALKe{i^p=߿i\'(m[mRuiև<CMZ?0g̒=6H+[]̊b\nˁ^3\rpgP-[Cg`@hR<֯?_8cwd?a`<.lyXfUm}k3\"	A`K3p1(쐹Ӷ0a?ǟOO;].讁CKRWLvj^Ų_\r+j)^PQ*\n?wU>b)lRbJxD%o/`9!,m~)\\547>nR\\>71w1AV)!wZҰqg^S/ѧ	(AH0!I paFcSRąN]o-܃)P8eż*J62d\nZ<xCpm\0&LRM6L!)i\ZHV>\nF?ۀl3ah\"0ϥ:Zu/R(e}d\rZ	ʃ%ˣ;ȰPͺZF!tA^O1DoQSr4-QUZ|B\\DC]ƽ;C|CCꀡ3\r\'\\p6$C.c=P\nÌTXkdZ2g\nzxiÌ1|N2\"P[\'sTti:l%rNI{;U\\\Zl%\0}\\OmM tx=%=pH q1a<r;8Fo6;.}dim\r%˄U ӋG# 3a&$u\rLUj)τ\0o\Z\r=~__`ˆ -bF53/_%y1spmq۲)LS8zj	k=\ZdA6V&oINRtM]m4qEv`L|g4U͡,K-gNTw(?t,2SNm{4j\Zz߽SR\ZZ|8XFEľRGA6nh\0ۢ;oo3A8&,ŹFio#T$-G69\nTm(MԈ$ZW\r#A%.\\g\n+~3Dp}leޏGP0\0C$ƹ~X\rLZƀ}փ\rҬ0tN	_8uhPϯ]#-$g5Άġ>abxy*Ǿ\\\r&\\ȈБ#{GRա]emF\nC!Wn-Fj,_ES--M-ő^NSAc(O:Pg57M<;md\r)*GM\rϻZ0ϖ4\0烅l ,E5L]q5%7e\"JN%Lxb09|͵S{RXPWBd&l3|s= #\Z8|\'-5t@AN{n\"4ӰI<\n#bBXsl(y\\)$s玗^ȅ6W/Kk\Z4$ DQ㟗G\0!	ΕzXyʍ\ra]aOخ2&_Q\rS2$(8~hܓϴuo\\&Ic|+(k0	5?7,cbm䥮XJzJf` (\Z B)91b{[(-J0\'י\nJ!7\rF{]eC\"VՓs?<?X~tl	h鮣KU*	* T&7c\\\'\Zȑ5ļx쎳aGD5nY+vbZ˻A4!L\"\"n..+0ZSdTx8,AUuC?fw\'B(JrL޴ﾑLMdaJk\rAL^4\\$F:P3OA\"gFpԬ!l.jWQԢD/Ijnll	^Kz[UsR(}|4آpn?^9.B\'!}Y1Z+f}iZKF)kxN0BB]ƚ$l!L!ls-5)o^ٚXV\'ӊ!yaR%4^/-?BBDyOl\'.W֊զpc&Q\"*n:rSJj*ڜ!sKjɀhatԍxianȧ+ovpm&/|~	puǤ4 JE2Ƽ^TfT40{jm`U9TD)/y=\Z$~\Z-IMjKh,nnAW0\n{\nvq\"Wh,q`3X{da%굯\ZR}FyռDg	^4Ϗqi1`eF)WxSЍ`&eW׽xOk_WJ\\1D;>-XX[&\0oQ,ءvO/ae |LNB2;wf\"ZQ&91,bUuF83TDr=Nv0Sg:\n2dR\'yrJ\'l{*ڝ-Yq֡u%^)c&&A7?@@lPG;6dlu\'8\nt6%:Co/ޮi͢&T\nܞ`eaC_:P+%-.@)5\"䷇	($3g<ߞG>6\\	:@q)[\Z!ɑ̄͞.fjuЗ_To5?miˢB)G%4`kuюXߓ0x!e[E8tEߪ!](e;{ݴ7qBc\nUh5X&FeF̀}R#ᙛ)oT\rPvݎL\0bYOAE8U7f.K3;ڭNa[h$عRv3+5EmsKPۖR8+ ѱgkcA1%ܐIaٻ-\n!i;P _\Z,\'C286L#۵(m+ѠIfJtܚ}b)*3WƎĖtm*=^zzf?Kɫ*>òOBKZ9ڂ1/h(ūiR\0[\'nj1\n--=\rF\'+\0mi˖\rZe#@ӯU5THD=Sڋ=9M<R;NN1F 1Ggw`i{9]1XKaέ.դ?:֐>̧}֢-]Ebrr8|h\Zzt܈BLnRP%e8\Z)`gMwE@VE&y1!0KB,*aVf~:KUQp51BV\ngf~iPlJQ\nBw0癥!C\Z٠)yF0~Xn&fg!,aZ$|hf!KNLa#ĈFJ b\'O~ns.c`1Z}f\ZSh\rKeexEe](\"fRyEo\rr\03.a}uRqo??]v7`a*.aVj~\nAULz(F+}-½·CR$m?$U2<x1 Uせ(w7x/t>r9w6AW\nR\nAYWoz@OzԑzPJu}tRV42:R3bU=ҥP7<	-?_MX;XM*ˬC2#6m9oNJ^~zRXb)vTZ~6-`([НLg3|d8to_::>,HNiMPj4!-ìGW3I2pP3uˊ<ؖRvzK}\Z[!\"mhBmery7epiev6ǀfØB *MI˛d%\0\0 \0IDATd̣!l3g9!GF`Z~\ZEל[oZi^\n:t\n66NXRZ{\ZJ2CLe>!방?~]BwcY7\Z9UMuÖaА}8(\n,\Zѕn1 ɨd;79>9p\"*7	cWqltLIݣ;[7˚{yaKub{^YŭffQ\'In,vzt@9#&t?S%jx(`*H-\0DӨa/܅PneI _}ld4Y!1CZ֋~tGb>]hG;a2{=GsU&Y_ܦ<>+>^hwd)H:cewbsFeᕕ\ZrkQF:ZS0xۢ|a;8TU].V.&PT%LtX	cEVྐ8wτTǸߊRVduMTݫ.FX6wCqV}w1[gw)k@TǦkyE-QৱƈlCׂ2vB_t[ϱ`B Mh\rEgƠ&7\rAA\nj[{z3Ϛg=ᛳ&*-kS01h\'>A4B,PWTn_.?ʀj{%D4!	HM΋t,P4^<*d[Z/ӆI$jh4C>$e0FgpʛQ^[t{CM[MJW{S }XQN0M梱ܙd<046W|i/?~6Ie\"л0\"!\Zz{a\Z;ѾAюR#t>={?،.\"^-.M Y;c8StXq6[|(?Da.5A:`W/__prmi`Z6[\rd쯽g#-<K4q8w5V|cKΥa\0E؜k~?G<F8X\"p`{Qҝ.\0jdтX	\r0-8rUꓴI|LC(k[U1!b:^+q-_߻ORl|ҭssg>\ZQE3,6UYXjgygtknEb&4?_4U`0S3CFvX(\Z%abm?-)?&vFhއrB[L7qZ	ˇ-wSE7J|u5_J\n\Z	FlSA\\fС[0#\'N?f:\"IxI?_N>]#aG.+%9\rB-:q(+p\Zk/oQ	6|`\r^׊n8\0	EZS{?N<,Lڬ)@ ּ*lLjϊp]BFʪp&Ageu?89|\"{7xu\r\0Wҗ\ryY_uR>ps\Zaǯ3qp!c0DE\0_\"$@EƉ*8)_\0;B;#Kq.mA{\0Aсj\rg;IݰhjuVjr~zLUS27Magdn[Ҵ%IOn>Jr#wle`<7@!OOPn;n8L@0	kQ48a.ExuٮO\0oᲞ5S#!j*t~Jt$bX/q\\Y%i;!%	:ڐl Z=V\nb0(QJ0_6,\']_~r/͂\n:40Ly44wnd7+i됋Cʘ$-\r\nh\r(^$f\\\n7!sۦRoaR/Äp;50NXh\0\Z4\Z_Ќ܃?wvF9$Ox%f\"ıQ?}t&݌g\'kUZXm{okz3з8\rČ(\\Cp>[fK.$6hX\n-aƚ~ѳQ}.K4y(?G|Q\\GCa[卑ؕ+\nG6$%[1=Q)ws]Lg[[gQ,KiGju7_ynFlR IƑt奿7i][ՐɵBqVUnl#W]mU#Q)S4EZq#\\\"fej)IiSwt7GrY]rݒ _iQ\'5%1ȕę$C\'|4hQ{\Zͳa${6妓CJx$74aƥ坊mIachW\'2y!Ѹ\rq[A`keyk\0ס$/	v?m萠V?^:MóMw};``,vf2sv\nt.Fp] -\"6mIn)QEBܼ?JSRtO>(23F1<Ќ![3i1;pF]Ƨfmޡ[<_\r:(IALUO%Ro?&~YS\\m曑wM~˱Fؤ>xe>oC-`>Nl;C._j	xib^%_T1kQnւECd|@EI[n9_\07@Iiglɍm=<ww\'pDd0rhp`ǧ:X4)ٔt[϶\rH7i\\ݢ@%gQ`udvӈ(ʴVwr0p;itnZ@JߍyKZ\'DaT\\5B$\\兲\'j)x\'?IO\r DFA<ƶMH2E\"&ߊ\"~\"]i~Fx~dX042&Zk,#l/	T6X[HfĈ1Q=D%#Uε*ә+ 59xEVι\"\\T#JNF	X>70,_K8\'D ?cm&38#4-!1}p\r=}1Q1/}Cc&IڑEMgbk:jT\r^d1XgI]OL9\n1E)\\3R&BqcF#0>rz(Lpb{\'aBl[b?;U]mψ~K[_Z9?K \n:J?%{be(&($<	gmcH\'+ϺhgU)bLK7K/JVB0\\q\Z(\"6XCa7J.0,spiUjq4S\\q=`h:[a1%Cdn9jGl\Zf˚HFb\Z3q>ۈ\\hgbfE s~mqhQ\nehĻ+F57IkXK6.V!^:F$.B0ɀWtx@x(L= ^\nZ]C@@es\"\\{+Ċd*腶W|aX8w:sG?11caYZSAxGyGI\r*:?4HHtg-_C yOȤO_\r^pl_W\'ڢzo	&:9HS!vp(R2x\n?\'Wpw֍|y85Df܂	B!|^m#4`5ޟĘ><UuE4fQ_L~zLRc_aB3ToVsB*^&jKCRTZ|S`dIT|Z+5d@A+b:14X*VǭCNik\"=q	UszPA\nq=L\0-(NIqipRf\'\\	|D*uLcsiGRޓ(Z |{᩟NK);\rCr\nl9 iiF壦=\Z}\"6Z\0֒WYbRt+hO.[g8yhh(I`Sh:05F`Z4NkHkg`l\\Id87ÐF*3G7YDöSl.j<qF#J&r?*]*f`Jb3o*6cP΄4齢V(eՠaKxpA;Igm\nS;Zdѻ!y܎ԊCx	=CɢJ[\nXĩ\"Ur-A.4V]b\"tz+X]Ef)gZIB\"~6T	Wg&$4%0tTLR Z	sGF^0wřbipysr:\"!l]m1lTz\"h\rgƑxx2+h#oVPDP9;#-rDyw\'[?ᐝwYIՃt&5Чʋ\n&@p*⃶- |U4-\'ho(*؂Y#% \n֯Ҿ 0#q+}\r$R{sHB7<c*ʹGݍbwDLȯT^9m3L,t]s]$	xhNss5\'/W̬]\Z@0JBBCj5mhi$,a\nYȡK_~rRb8D2%\0=Iaa-`gq%t]\'<H\\?3x1ߢVGK+9rj?DT?@mxxD^\'F#g= ~]YN#27Ǿ7	AzR3HJ\r_`\'yV5}U1mBc&џ߿\0?\n)FAORj્fA:L,Ÿshhm,(1\'ILM-eB1xEbGE6~<[mKJ}hB+#E^	I%Vqr֜k._34qyJ-Xe\ZQzji\\4j\nq1EI5%^@i#K>*b v\\8C}RŨ{JaCSNxF*y+.nq|@|<\ZR#ˣ0Ah;m`if|HɷM~Q)4R|er(eE\'pU%`b-dY71|W)\Z)t?&-h\'˭H5 |{)P/ϤQJ*upqFH\":l\n&;4A|\\THXjLVPH>7Nmm:(b,\"Tah`AE(ӔKm]*KDB$/(R\"0NN#\ZA[\"0$wcq`=Ҙ-D]ſwxQvm^)/uHxBj] ߿*<IHO+D2)3;@9I5kH/w}LMDsSJW6ە텚~>0N|\"G@5dJT5(EyrЦ_n5\ZΆ	.#OMq;xA(poa+)]ذ0F5z̛Rjِ۵~~2	^)6k2JlJvMH5\\ys\\uHbu0\"4T]n;Q&l9>T`k=!S]V8T%x.zʸ\'W,X>R O%Qcj%y0ܓ\r\r[F8-%ux3a\r|gCgޮ@=RZR4\rzjƅU.,bn^N&\rl4i#8ZKfWSpfBp5,{$6HhC ;0Ģ,1pՂ:f5r095NeTtd]B&H%JIf,xIݷs>o?>z\\!x89k5Y7HCC,	/.EFG4OrYy_/קLW@tD\r\r.r.vχ|;^SY`yJ &#a+?Wi?%|4 B9h|?MN:R$h狐U	ik6־*\rtDtV	8\nfl$=^143sLoWuckPJL:N\r\rlO&Moӌjh~\0|HJ?9괌+QYp^5,M1U 3jx-n.(S;um3r+$/ooQ۽IZKSo=ܳHT%\"{AhMǷ|\" nZO\r+wvmBYMf$\\(2wqr(\rG?3N.(ki$I4r.kvYYWenuaLGG>#3kRsyg8hAh?M_^Hb1hwݜJX={sVI43nW 2.Z-bmgJ~RQҥڮCnn LڹXo{LpП6vPm֮Жf܌*LZo%楤]pR`E*1f19}lBmx(	/gHL)>muDZX\Zj\'|MQDBci-X/ѕ1<*\0O7$3R+؀Y;~n0Ma9\Z9n=,v+dl(ط_ܤ%X|)l1zHf=c$2ErzsQ&L zCw~}}q*kFD[1kqO84R48\Zv:BjЊjb4,xٗf%h]\"\Z#vEY@RH*Cfzn8\rzWh\Z\ns65c2-vLx.إdL9]%°jQc2>Y/a[X@6̻)hPyY*d]EGO9a!Ieš!u(Ľ\rEmiw\"3ӓh08iYhDޏ0N}Ӹ<\\I \'2}Zc2:Es΢\'YlRm#+O.Wy\'陈}4-1Yr*]1\\A:$	vmYfQzLQ]݇V\ZV=aEo	kһ*D9w\0$O0.}Uwh~W樑%n1MT<a78=$.< |xz0xUm\n:j0:鮋SiV2l(dYknp*TE\'\n|rt_36\Z$/ůD}J-\"k,g\"{U8>~zvS\rIfFOI1<\\U\";׀`oE9)}G*==aFٛ5Q̓bw<߾Kb\r0RC-nuʄSzƪB.e\"\'?QPe.\0vVOTKw{d rP\ZCi[KT8L]ωjpQ|ѫ+ˢCC:}:Gz=d)QQgrG7ef\rS:րipOa\nFfsԏi9Mb.\0\0 \0IDATIaqVj뾘-GMfB[9#D9fuiY:s\rShI/~;\' #O\0`\0vg?ڵ6xۙȋT_5טg}sc.̲&<LA4Dә\Z\'kǁ\nxtL \ZIP5E$8e)Z!R(Oduccꔐd2(tceR:DǾDy|# l]a=D>xCzN?xlDG8\'ֳW͈^[akƇA/\r_rj&-4\04bNx>$1\r6T/O\0\nQ^D8Ge7iNz)(}_5{kȹk!{X\\Qm|d`[/,Ź^&2	8gW{kP\\\rT\\6n\nx8W\0w7T34̋aCUrǟ\n}ȧb(t۠ϡչGd+/lwv?)!Q_1\Z)Ugl7\\Y8&eRǈ.鼞=fd+|Ӕcw!\'UD8:$j(ƫ*F_\0}3b%%ӤUT\"}Ypc9uޝiߗP\0QsjDg*컼%{\\tm=NC3v%.z^}\no:-w+NIu_;`T%m㚌cL\rxD=5.V(ʈij	A2;fLŌȐ#Ƴ #3R u*5,W{\\bMk)LFpOA1>Ej퉳ť8N\"u!wWOR0@jWM\0̮k1;.f(`uefi:/[$`.m7Zj@j$?PB|3USM(`rDסy\Zs:6bK2Euewk(DjyK]r՜@3SjR;ץQ^ͱ\'cA.Lh>Ӯ}d1&,ڤ=]XB\rP2/X C~;[eh}vcpMfTf0 \nJE~&\Z&2Q:TB]8?lB.Zz luVBas0Z>[E^K^/9LdO67~4_\'o6!Da9lI6u\Z,XG8ڱFq8n,\"e*đCD0d 2\Zn;X zF\ZkdXaXdB>dcs7\rX&ØWK7%^`b\nl-Aͪכx!Ў.ljٔi+YmAFi|#.dXeTLc2ԙ0 }48T4a+	8A7(q\r{fHjR #p,ԝRn@B{^ 5-#^~R lYJdV; iU324CHQ~xVLӠx੤F\Zn915΃$H`ęc {=q~m迦[[aT+b}Od+!\n?u0WKߏ\n̪8,ƟhoNpOA3>G@.X#&\n,1_բ$ǦCKZFJ6YrUd͎lA:_)Fuc3х!!yZ`\0`E\\3gqsNUҭ8\n/^w}UN};ٓ[5	_QX}#}kfnmiڮ8wu9 Mg1nC2h19PvsVkhѴ\'=5G{mՐsR٪@O[M_ցĆBo|ۢdȋNvuH\rUAՙBk\n691Do,/q;l[NFK\0LZ#_3(A0ii9{Y3THLYq]tf_fW6\'-jY㠎z}\nALztРުz\r\0rb$-hbƬM|Si;Yv\"7Zct\r3r$9{`OdvH[o?=j |:1!~4#vҡة2[>XaT<iQZJJeH73&ވMUxX\'K(Th@L))ja58\'c@_2-<T?\ZS%dn^DnjNEF+yle(dC͹y.>yӼOˁ渓p&q\ZBT|2)n$qE@Rv\'[}ȇ䶭a^֣eAj\'Y&0-{icO<XY)!4C\\cM^\\;!uމsd=+NΡ(NdQ(1aOކ[!OnjI{45ބ[/Nq^JsRS|8{\'^!3ůYLy\n+ti.\rEy+7xlsBR|SZ%3\Z.yCqZԀ%\'@0paFBlخn)۠]\\깿=?S1h\"@e2;CjsIy d4kCt[>L	D7d>5̃5?\rΧ񏾛l>th{!;xgr80iI\"U˾t*F9\rP3t6/*~ime~!@xa ޣ{B<\0;_R1~p~aҾ\"F:tR\\9Sjvoe5S[X0N4Լu>zk\'Lܶw+w@0O0&@g١d=[I8FBMΆʄ:#C*NE1I6 9`3D߂Hw7m?L76F׮aZ\"70LӲA\Z\\d|mGGF Φ)t\"|9_	$:y!yD_^q5s LrS9g}jgqڭPԄ	[{~$.l]ǖ+(-ۃ{؏8\r^OB}O||CKŪ\">0k\':\Zv7Gwt2\n%F$߆<(\n^gQY({OHFv	限Q\\VML< (Ů+k\\H[/1b+8nbk} HJTe.ff߈`W}8]u7\"E(Ծo^U{\'@ts؜CHhuN_I&:KR}6Ɠ\r7GJD-k	yO+:q^o)E#C\Z͆m@IA:&;Axϱ\0yfe)uX1\"A!BEIAVߌT?ITL\\_F]HĀd0;.R\"(i>\0E\\XsoB)u:q.;UP\0HYDSCda2u1Fcp}+ىZyM>_$6_Dx+FB4aٺ&\00+?0\nuz3,M^a|K˸tIi]R8	̯p=\'<0bRp|㿀Ҍ@bպ(=M\n	<F	f^Y߄4+\\>IA2)IT\"5lN֫5N|YZMlNNya2!Yi6[)\ZhU݈\\@5ǀ1yS\\,1Gg\"\"AFia$9aA\\ȼ<u0=&?&_biz*_#qr!Cgg(햺u7l]U^f\rDȧRРLd\"ّa0zkJ	\\#DB	Ш?FXZm\r-ZzL0hBVgt=6]&=P&e<22i\rtmgi |[<*t|8\nIݙ:yVب?o<=qw[pP>N6!]ƭ	(W\"ЁcO[<?q@iDp3!\'.<(Izy=PHƄ>&P|ɶ9f׷1G_K	ו<30V^Ll.κ_>]U%\\){a쨈#Rg03up<& 5	٢~+3΀:N1˨\'KTK[44R\"ɧD/SLX{TʿR#SCmr\r֨VL*	V2q*G\rTBZX#̈́c`DcjˋʍE7MGP#L%Ӡ]Js-8C lB\Zp<M	kUѷ\'qb3[}m엗lD]_;d]`d.RQ[]Tro3o\rS*V \'+`4*\n9Mɦ٩1<GrLF^U2UbjDʿ  +k\nBVBS.j8o~^=x6-}Og+ƌ!v_;8/-űD-\nPC\n5\nt҆S1؆\niD/odQ\\I:&lx]|gd\rM7mxWJh.+d-8΅ja9!]J Ȅ DKjE>`GR, Lw1_rgN/r@<,L}~D3Ҏ0݃sH`()WH*t3D5stP3\'/ZdPGm!`!T(XYi#\n,eDw!}TI|6wTsL\r2m?]ߤ.SJtV94/qsB\rNRf^({Q6lLXtP\ZQ=]ZM#Cեz\0ģ\\0W	U?װ$i6fڡPTƹJ	9\"s}5q	\"9Tp!v;x9ٶkkF\"C\Z>2d4ju%ahrZUz	5_pcKo=G\\>hL\ZȣD=:\Z|2MHjlWjZ$$+\0UUzWۜ1\'im썻Śe$%a\nSB5.SzwOwU v\n:l~u&8Vt\\hu;0Cz0BPq\ZȅZԴSn%q@bwk/\n;U~<i\Zm5	BZ9QJFNܞa>_^Tg4qu!zl\\~fGÌ_7ɩaNBAyN ǮՠIU8}OG1v{ۀ/`0O#uDA˛OYl|ӡ5S#,\'7+FOQ 2ґlCU[Rm!3-AeS@>M]2|e\ZJy/A^-A9}ԢfvVPuC\Z+}stn<~Ź#2䄪<]c@cC\n7ا$7e!\r8<m,%e\Z}\nt[70O;$k*bEq	w6Df{?݂Mk+r$eM&E:>8sm Q^=o&=dQW\'}cmRo#mNUe\rʀy<sR*]+.~AٜD}{<z̆\rO>+:R\089*rnrBg3\rMZ{Z-EL_}r4׬0~񈣢cSc@`saG=޳߼<GaHOw,9{?z2AD->_$Kn=>յ*YfƼ;SDpl\"\ZQ6V?3h}대FàSQx<CUbYQ1Y$d?\'Uwq@!Xp=˔!`\\v\0x*㻏Sp]j0t d\Z\0~nrW+E.nI6NUg+gmsD:L!r[5ڟbDCPSqߖԃ\r%hCZ*_)X8Uel7.9,]&=,\0zX嶞^e}腢6\'utN38=&{@ڡcmsoy25GRaD$JIJ\Z\nJ3Wk2z1%%DU-+5UR!߁|Ն?vijdxd?-4>z= #ʤ\0Aqʆ\nQvb):ßrqʇ\0nG;`󧿞Oqїt!I+\'	/n	WZFɓyS;ZbE$ҾCv̡D,tJ(|-\nq~ȭOBɝƤyG =<^PB\\M~ey7}܉_|.$M>!w ϛl{\rۡVT=[Bªf\rOܡ.{n~RLmە&0Y\\|9\"\\3av[| u*Z}x#=7:,L}1qգЍ잹/۶D3-W\Z`«a\Z.֝`\Z΀ӿJ\nB)Ji;Mo{vFwʟ\nB\0!Y9_\"+q,Tq~eU[,=τ ed(d/DqSqnlĲ@Qxuki2n|:l/=0m]C; -6П~ٖ\'K̰`VNG/烥a^TΐkH,k\\Pl*%q7`j\'WL$XoޯM]8.%,&=CEsјrV|<GahSDk;;SjyAgUr^r֙ns^ЊۆRc궿JlZaLH|6R>3p\'㏋$EA\\YkiaL\nÃG2w@\nEn*]~yV\nIi{Lo5\ZnapRjuƅ;^?x[QxX84Aʤ2DA\'u`\"]kyA	!mQhy$I2jўT.𙠞	ҭЦݨ;bh\nRVJWŪfF9P~n+.lݴL.3Pc):}_]v}-jV!Sn.ݝergjΧ?X-*TuKdvw	\nNY$̬UG[m㯥ysDԃO(ObgKl1 {|d=pۜ\"Nicp]׍08E<<שCZB{A\0]ҜlT3:}`t9Lڭف .5\\7 \0\0 \0IDAT3HqL{٢5~wqALE\'@!;2P<\Z)xsvcn!Le/Q$p_u3EZ8w7{k?׃g^a~u6rITV9R,jJ/kqt̀aXDƋhLEO;c\"r\0jemZ蝴hB\'16S{ZaTF)ށ;Ǐ!EUKWZ\"QB\\D\0/AX)hIz?hO,	Y+q6fºTiLb\0!㺅j9y8x&F^rh	?\"/\r:Nz~>!1=\\מ+FF!f\nܰxrݺ˺ZFi+m*AضJ@vfka8_,n%e2\Z\r,WP47h}%8l MNE1(N2*Ѣ/Q/>lm*Z*ޡʝ(r;TiamϺ2;r	\nw\\YThv4Y*vulئ_	C*3(0 lKbkDh\"q\"TNg![9BR)!eYRqIQnŅ\\%$+vMP=uI`C\'PSpUm(DiGt[bʇuB5v.Ã`Q3u?kxPb6m²L&}3/ɾ]QdVooWv51ڊ3\n6v.+HET^2c4s	`gp^%F%$BLxo\\/\\ԝzPԶ2Wzpi=f!P\rTϯ|>EsqߕjN4aպv-hpa[zѨב[ ]Mmmi%!CO`.D7\"j\0MyJ8.*ٝ\"x\0 MHa_:7nE!<4?(aBδ\0\0/ކvuU;zoe,ڔ	buVl47FMqqw1?3\nf8vtR(@g;1M9=r9&-Otrp2A)dY?/YkX&0LȹeemJ*6B6mYT,߭Jj\'yI_*}+P\'i_돒B6FݯuIh΄L6vr[vD@.QS>k|$>E/\'QB]D3e/Yu5TA.Ґ9\'[R4?T%tDlq)kC̟B0yQZ[N2\\ygpǄvӇK]<Zl8Ja2\\m\'m#/V\\{BlSDbr`Du-ǾH|g3\ZG)]*蘳C-0!$ݎFhn}y\n|n~y&]2ϯ/\nrfʹcYs>+|DE#9EijB#櫮$iURY7\n[ FU&pM}F?ů\ZvcBhdn@4	1:}Kcw?WS&tecKbt\r;Џf[\nCXibT#[BgIg*4,\\S6)%5N4q0M.Otp|4eL7e$R[hU1.p}I./U?!X |yR-g(1|ԉ<mu	L[۸rbٻ8 n)QU}s,DlYsؘ󦪫2Z\n3կ-AUk?â\\T ?$}?u\"gmBFz0.pxgz5黁9j#<\r3ܐnS]\n\n1(/0gЕS ,kDٗ$0\"\'ߧrlHS\'֏eJA,bZvYDlE,pٺ\\BxlgOeD\"VfGx,ZWG\\	M8/m	ee(ЕjN+C=943٠ԵšcQsqO.{W[Ò0t*S5g4=<& zĨ)ϫOXSvjGc1so@wiu0*lZ<kljMk_Cz8ādTk9am<qc$Tۯ@gYYtUB{k~5ޟ>=|K><^\Z˹p671/eS\Z(/a0X-jK߶x2jf*	Q1S#*I\"S=d2L敥 kJ3\0[KƔ*;޴B_NhǲM\'6̷TׅX%Ԍ\0qg~x4E%\"r\nq8)	,O9*L*^Wa,3I3՟c#zM,13Z1u>l>2K,ffM!erۘ+%%ev)pƩK{{iaߧ#`(D[dcLh-C&R5 9w52pfJ֘30)\"SȇfK4>k.\"ե#db6#3M,;\n\"ԹLwa)kNxo`oCFҶAP7C6R`0JT, _pe;(lr8Uz.PT=uD]폗,bt|Ƣ\\.a:\Z(k%,\ng[S!ZPtOi+ߵEO*iq\Z֑CVbN\0ELWLEwIY\'Y|Lb24{Y:NˣqeU̗&.j>1fiXĊXdŻ.l|$kخ?8`ot*dO#F^\00e́#Ჿ\'mbW(=aFJM\"(\ZJK%o,ҬPə@	@Jv#Hgy)׆/I޹Hid)AXPH{HoڐI+BKXZea(]OB,iü+jiXC6[\n#JvTHRQaFN{\ri	Iaxzz| k]4,|CðZ]XHm\\dPXS2⃵?\"!O1Qtu0l,\ȑz*]0 mM|k7*ww@/Mֺ|i5K\nk}*!ضI# hQA?S7t5w9h?UtwELոiao_1Idq\n3O?N@X*Xn4$Fn{Sw]	\ZKs>բ/\'m8.X|g:EkG38͕$t;hB(8:uV#Z\0d;yCA\\۷d=Gm4?MOrتS7_7(RQHC)<TWzR.XS0بtH-;	et0I71	O+EH^GF@-gī1(]7:2J[ݡJLJTiY%]biZHY@V%3x^gi(d]%j\Zzi*\Z?;>ar!|~L}^*і;0hiQ5m	w21d✂pMJI3iMȉ>6a\"	ZIc`(ؚNU\n#`L$GiDJ觹eq>3q\".]\ZTH/G\0`MbYW:dT1J<nΚgI_~U@p=%S7ޔUdA\\\"Zd$񫰛,{n\n&o{aΥF`37:!fR2 ۹tO\'Lu6XpUƢ/`ll:c{xuʽ A\0-}̋Ƣjj]td4\0r9v(ھ+Du!^~gn+72E\'tnybůI< |AW0@H!f\"F9{JY|+lGn/X	vuiWK(bǗKHgBqLUQ\ZDwCPܚ6^ǒN`*!pC^Ƶ;WGaC)}M@q\0S1pGA-7POoj~|O\ZmqT\\\'8!z}\'O28~ZFpl)\nj.\0@@ld0JVf=b\nFlw`bsTNb /<NN\Z;&Νg|0jA	],fgpjy.LG?`4@=;`c[@ڒ:-w@f@=acB*ϧ컝vt92aVd3Sv(c \rr#=6::X=gf?A|>t58>~A3ѓs֣|4ښWGI¶=\Z[X&6ئ\0۞n\019¸vOћ?1\r9=TCt$.[$ʜ\"3V68uFC[ifcAM<7\"&8k֮u=0da^Ϝ^Z3P`aRA	?~\0=Q7\'7>Qgr(qjωvzS!?\'#&\Z\'2\\hpPBa~¦fdc4Z75STCC:4H)]!vÔέV2VS{2c^Kfw	ۢ|BGO֋e{R&1IqQܮ#N!kmzzʾ0Ik^=%BǇG,GAidL} v*\rC ɜ7ҴJaxb&d }CŤOH7њ@z<W!\"B1\"}8~-qdBf92uZP/E*k1ԕ?RВV/Y1~$ʊ(GmN6iH.jсk%+S6h\r(	Jԙ3\',[\r.^#S+uW2%>gmJ9/>°^ѳ,WOO8eГZбT#.wj\"\'5!q/e<펿V0^l\"e}\\GAw.zI~G3wÛH.XHi~\"O<ޚ[YMSJwq-9T#JԂq#Q\Z~ҋ\n)IRŦG;8\\6{umLѳ֐@^q9oD1(o8u\\{t0~18v@\Z2Yy_8,ޅ#|׈xvߧAI*=~5G2T}*=Wwv/{\0	D6ҩG5Wq@2(%g0ر?=Эry8z<@\'׳oP(^e޵6J8Rf5IRc;\0Nlc8$fJnZ]ԆLuC?okuF\ZCS7N7>\',rوC/@WyõopcT.Y\'>9@H\ra^C#pc*(tc4J\">&ǩ<\0h& T]jl\\(hE}~5Y,)j0g_I۹[-~0\nL{&b^h ƪ	6:h^U]@栕Uv2O]7R;`z}E+D`S^J֬`pAt h5s~&mB!&PAgG@9\0Ynhfed<XI\"am]@~\r)˺	eA&:̩ؖ&dRDPO(k&\rn}Aq%#Bb-`kݪI}\rb`Q\'vi![ǥU\Z\nTB$<Wi+\r`Gݲ2!,ukH hܠ,!x~\0a	Ue$\n^GֺRyOjB`zYmiXdXȿ2\\֩a\nML18\0/.E&֢[M\rƝ<c]f\0aѷ^P1e\"+m+NRtU9ӈP8^\nxpKj:9jP	\"A r 6r `A$Nk&?{\0ԣ$`0ŬL\\nw/	gBU0!+<GJ<e`\0._,Xrk@mv]YaR4V0Ր&^2B=+8@XF53zhf°>A8IT됕4F~e8H$,	J0<B.{TL΀%\"Uzh/M (\\xy]UDFmBw!Nn!]!4JTV5kwDq4-UkҗǙ]zɦqqZlBt\rVu׹$v,fh*OEWMF:KY0\Zr\'Ԗyךu\"HZ^*0xQA` ϯ0-wV\nֲ`)	[`ג+u>MIIZГ?m|:\Z3RUIllFe&[)D05~!M6(cmMCݜ5T+P\'{ǒ0%RfVOc1KH*BWDW<!.棕EE^8.Nh2qG=Xo\"#V\ZJT*L2\"SMĄKU%mN6!79:mxpk$CS(YieT:6\"j&BFZ7͈(4Jh2:vG2B{@e2Y;1L\'|˹JL]	2\0\\E-}:N96li{IV/kQɢ<hDT6.\rʏBզ́ r1ࣽYxPfx.X6慃Š\niKz8-1hǢݼ`g7yYOHj%$Z/\'QA!Db(+-?@p\"L2OoFq+$4n_>k|UVeיi1:nuFR豈<h8c&c\"9@Q>])MsZH֚(3u~&`	UZdk5LMRUbct0kF?O \\31-G\"ee~2ҕϻ\nv[Ϥ\n\0n.[tGޅAp7/\rО>`y?t(>z߽F($tH\Zr[2DaaF!H\"Q5 \'z j]v-4!Hh	~}XnbL!gX[fhk.fN.޿`M\"X\ZuL\\N@P63xKM+[S_S	Kl<&\0\0IDAT W}\ra)0aЦQCƄ8\n2o3QLk	4~ݶf+ &M)`5魿)O>w4ǳ-M5K4P;o5t8W jZ笄!RT<TNAfs3LhĒ):3`D[MlGjb-:Z*,5t[$\\`*ÄBQ!XS$n~_)QtE9Zh@aрMƈ:52ûmYN\nj!_*vMojJLt!{\"S,	ZϓaSEj&C\\54T=!Qa)T2\\Ttkb-(S	t=^GW9i1%(KG.=&/\r\0_/^GkW)Y	!iۗ^Ғҵק6)_)5J\n3U(}nދ4jK_FO.yC>zz{C^mVJnh\r\rrPm>zbdY綎_#2UICn~ я@aw$ıVǻN0T\ZYWG|}]@6f`\Z;4Vuvs*c4	s&6`u\'sQ-9DJxn<Y鰻1*h&v/u\nB/<bc/eN0|ƅkN<%Wxon1\"(,-Dcn~\rzn;bA&%	\r[yF!Җn^Y.%y#4UpD_g݇rcXZ@=V[fD#9E4oWe=cD[+6ʈM1nl?7-KHڏ	b9\"vEltSگssWC\0$Rm|\rz~< ܯվw(X6xq~8_͘߅\rKek}Q3AFNԋԞ?ǕR7Q?8%Q^Gd\'-O%g7_f<4-DN 7O>1zYO*\rRA1o\rBm>3ZԺ~E2?wx4%iȐB1<~:sl6\Z˹1 v~dƛLh젟x5\0xPȄN,P1ۡqnm\ny?˺!p;cz>)R4l#ZNqIL$,Ќ <*v41XNB\npb\\U]*<v:Է\'=\nY]F%5Kcėt B٣#79µ8}K1\nZZ![bqJ6pThj:C<}[wnXZ&Zw&TVV7k#0Xڃ;DlL{Qiٮl{5`wmPe=	\n\nkN8T#Gvm џKfC=2\"AnYm`b!̈T]2J-1ܾǠRAFU>eMH*xWZ\rI-ChTj5n:֙jd\\\nBxSѾЙ9zQ.C,^ܯ;yFJXjͣ^_tI8BтA[0P?/\Z/\0=avK+Hf*\'R s-^\0r!CDq&d1)W]nK\Z(l?@׳H\Zr8Mqbq935<솷\n¿z:\'6A>ۦ*jk!X`[j	_Vi$1zfvdU\"-Tl\n5vV,7oy}l#)JQ!@T͟%W~SmKCƤa0ԅgy.NvAT %$Brߋm}D<88	*CPR])XJ(ĖkڇynQ&ڡ(Sgnbmp?La~eɗzH|b*OJmdPS[\ZP!+˩u4O?}!]~t\"X%r:>+6/miWA휊-1ѸB!Y4J|b..Φ]k &\r_D1e`GCD&;mO2SZDG1e_ݗ#-l}.X6=Ns0u\"[	f+`P!Ø\"R4<+!)e-:OvD_\n7317ib⭂:p!O٘#CbГحEnOP~}ofj={}l0Ġ}&$2-o(<]>t8$P	f4#Gֶ[J5\"_]wd[\\ӒBF͔bTWoWо\Z<6ajeZbZq$ HqQW)ҨΔA,}4O\"5:4\r槡Ƥ-/_oV* *6=fػT 7P{4*iAAz?SֆW:JP(/<!\\\'~sg-ck4[ZFC4!iTꜲyJ67!HA41*&rrRk]E?6fϽw.=I,MhAn3\'`R	ʼ$Z4(짆̆`}M%44O]D,!LQϣRZ%=S_]\'\0%5uSK?tKx`pâT=Q\"Ő?HhފTm $ Ug5ѰvY<6)IrOJӖfW,oTmM\":Y\Zeg-BA: e|BvkCմVP }RSOȸѦU4;8Tv\n Kr18VΠsjUTشZm\"aɔhD\\rg$V7F-ȳq@˃p7^.Aנp	!r}mn$~宧4z(Z>K\n`*v١FWI7:G4d\n|}?>\n(9vCRPuO2({gAb\Zm(\0c\";r$yApѰ{+glC!y@0xAx6:JZ>!<!q-b]el< 0v~c`BO:z_7w FJ40}RTwbi㢛Xy\'ZXO\rBaNz$NfPJkڨ!8iP\0eMdB<K]a\'\"T%_M&Z_|^=<4	!!\"tpCuW&۰%}d(,=\n6o^\n\'>o(^55X;1[:r_NzDTŗb^{Im~j+A>d\n}n\Z&0		UܖABWeO^ݨbJpǝt\n%ې)΋P&~P=oNFB}\\$LSD<fW\nvG3;?UbpPPn)Տv=lOB&I\n͞v4A+\r1΂H;ztB\r3duW ˰!⠺\Zpӧ`Tͬ-4Y8DY}*p%5!	?IcWFJU1N(Yڴ|pzч	&(lS+&; V\0F\"3˾^|=\ZͥWMQ ѝ*9*.=Utdh6Ta+a\r4 Ы!Sۙ!qm+p?k4˨wo=}2	^DjE.xtt9g/IM 4A&飚zPAj wEKDD:=A5B8oqi:>oB;k(*  @NNC.oG/5]z<h0޻\n~gUDeʛ(<6e>k	tHH`&2:Op\npůWٺ0]0Wm`[)ٍ ٝt\Zj뵚At) 89\ZѤAY=50jdW9	zn:sjZq(]Z8/Cd+Gd\"1C\\K55.dƚ|w{RZn,Ծix |tE#CYFnM!qV[9DKA$\rA9\"&i	<^VJђpE2j]\Z&V<%\n-J		A+oo7BA4$~Kg/0dX[ }Zӎd)X|BwHs^7Rp	qơ˧bLۂ*c4Ym1нUWAHOw}p֗Q0O;5]LJ=$rRjád#2\'ؖP\nBz:LeUvuɋC\"1Q#M\'wtYX$5\"oSv hCkx:2!oKօ\\8\rJ_`:9\riQp/efzW]xzn/cFx	1b	awq又nj|*cv\";,5ixĠ%.`ׄ9#,!s?Ֆy9\rf*ZF!$\Z#I7Hs>\'`i`9C-Ta}D&2P ©5HM4C(m\0c2<d6&@eKa0UUZކxfH|&]IY[]Bx[ihyUWA;zӭ4o׈\0A|J?o(\n$K\nG]C몂pͩa1wӤKGXB/ۊNUL_b,w^Gl46hWPBǩ@8,HA4M}j[u;lWAR\nj.E\rv:Wĸ26>x&7!xXuUA6솝햎F~x.\n+bS\nx@ㄿa|;z]U~3pvIdl*lh\0.JW>)oa(ik))>wWs?icJŷ^9=I/]-W¾h\'ڽ9W/(QX9\'QAӮTV`\"\"	(\"Ty]-@D\rX\Z\r/oHO݋\r]n |꩖xk;ld\"F0a.ӌ3+oVvʩ <MjG\'ѽ6tF*<\n`X %\0i:PERQOl\'(ҏumǻvGgؖi;+\'>FԹBVǭYۏ^t,\ZulP)yRjopY͝)\'?\0TS91HA\\jSn^Ɏ2P2{6\rt3jBu_lԏEL|Y<\r@K[獖6Pm4N\\#=VyGq@)l\0\'P;j%D6X.Q\"B\ra zOZf&ѫjdy\n%DlB|:7\"Ngi=sYo1լDH$-F00>u@\Z9m%osBgFVfYRM9{cv;>8rXq!Gٸ[aM_v\\D*$\"i$҅cd؅y55|.UnC9tڪ	w>oJKq:_mjSUWլӧN0Gu5~2\0kDNK2ܾdTkr=@4F}*XbRa!vh5ϭBЋ~N<w:H\"#ƈm;@aѢї֒o\rk8Z3:iѶWQL]i1a-k㕾ɲ\'M>-ZL(\0PB@^*=l1Χ4@@A1KP:ròb*m,$/Bh^$~:uoowQ~ĮYEZ8;et<=lr\ZI%#H}JPDJ.&\'K3M~̳oSs~#_7=K3`]dѹ5._[)Iq1 `h>\Z\rCYf3N	1}K>l?zP\'*9 #2jLNpl]&6mqLŧ:0]pb᳂ _i\0BPBP!TP!T*T*T@*T@* \n* \nB\nu\\R<\0\0\0\0IENDB`','699026'),(222,'cedula de ciudadania','gerente','mariana','castillo','3222231035','cra 11 n 19 - 31','castillorodriguezmariana2@gmail.com','$2y$10$9yq9.LUjO9IDFeQgapOpf.8.3qsAkeBUXT7Jmv3vGM5MKYRD4sHcS','activo','','187048'),(555,'cedula de ciudadania','gerente','marlen','salcedo','3214568458','sogamoso','marlen.salcedo.09@gmail.com','$2y$10$/iQ5cw6Fx5uWjlz5ko52c.yQ1I3.TXwRMHd0QAQgEdRmIbNgQZgcG','activo','','275916'),(777,'cedula de ciudadania','gerente','Gabriel','Rodriguez','3102659825','sogamoso','mejorarmlg@gmail.com','$2y$10$zJ7lKau1ZEJbLv2SC9GS3um0GhTpH1W6iPDNbbOEs1M3.zxYMwgaK','activo','',NULL),(1608,'cedula de ciudadania','gerente','Deicy','Caro','321','sogamoso','deicy.caro.v@gmail.com','$2y$10$HTn0GSbeoqVA7YQHzWavQ.FX1Khc2pB7Jj3B3y4gioM1ti2RuRvtC','activo','','524698'),(1941,'cedula de ciudadania','gerente','Daniel','Lopez','3004401797','CRA 16A n 19 - 30','juanperez123@gmail.com','$2y$10$Mi1TySDAzfq6CKzyLqYnXeIDkWZa9tNWRj9KigO5vucA0jir3Itu.','activo','',NULL);
/*!40000 ALTER TABLE `usuario` ENABLE KEYS */;
UNLOCK TABLES;

--
-- Table structure for table `usuario_permiso`
--

DROP TABLE IF EXISTS `usuario_permiso`;
/*!40101 SET @saved_cs_client     = @@character_set_client */;
/*!40101 SET character_set_client = utf8 */;
CREATE TABLE `usuario_permiso` (
  `usuario_id` int(11) NOT NULL,
  `permiso_id` int(11) NOT NULL,
  PRIMARY KEY (`usuario_id`,`permiso_id`),
  KEY `permiso_id` (`permiso_id`),
  CONSTRAINT `usuario_permiso_ibfk_1` FOREIGN KEY (`usuario_id`) REFERENCES `usuario` (`identificacion`),
  CONSTRAINT `usuario_permiso_ibfk_2` FOREIGN KEY (`permiso_id`) REFERENCES `permiso` (`id`)
) ENGINE=InnoDB DEFAULT CHARSET=utf8mb4 COLLATE=utf8mb4_general_ci;
/*!40101 SET character_set_client = @saved_cs_client */;

--
-- Dumping data for table `usuario_permiso`
--

LOCK TABLES `usuario_permiso` WRITE;
/*!40000 ALTER TABLE `usuario_permiso` DISABLE KEYS */;
/*!40000 ALTER TABLE `usuario_permiso` ENABLE KEYS */;
UNLOCK TABLES;

--
-- Table structure for table `venta`
--

DROP TABLE IF EXISTS `venta`;
/*!40101 SET @saved_cs_client     = @@character_set_client */;
/*!40101 SET character_set_client = utf8 */;
CREATE TABLE `venta` (
  `codigo` int(11) NOT NULL,
  `Usuario_identificacion` int(11) NOT NULL,
  `Producto_codigo` int(11) NOT NULL,
  `Factura_codigo` int(11) NOT NULL,
  PRIMARY KEY (`codigo`),
  UNIQUE KEY `Usuario_identificacion` (`Usuario_identificacion`),
  KEY `fk_Producto_has_Factura_Producto1_idx` (`Producto_codigo`)
) ENGINE=InnoDB DEFAULT CHARSET=utf8 COLLATE=utf8_general_ci;
/*!40101 SET character_set_client = @saved_cs_client */;

--
-- Dumping data for table `venta`
--

LOCK TABLES `venta` WRITE;
/*!40000 ALTER TABLE `venta` DISABLE KEYS */;
/*!40000 ALTER TABLE `venta` ENABLE KEYS */;
UNLOCK TABLES;

--
-- Table structure for table `verificaciones`
--

DROP TABLE IF EXISTS `verificaciones`;
/*!40101 SET @saved_cs_client     = @@character_set_client */;
/*!40101 SET character_set_client = utf8 */;
CREATE TABLE `verificaciones` (
  `id` int(11) NOT NULL AUTO_INCREMENT,
  `correo` varchar(45) NOT NULL,
  `codigo` varchar(6) NOT NULL,
  `fecha_envio` datetime DEFAULT current_timestamp(),
  PRIMARY KEY (`id`)
) ENGINE=InnoDB AUTO_INCREMENT=54 DEFAULT CHARSET=utf8mb4 COLLATE=utf8mb4_general_ci;
/*!40101 SET character_set_client = @saved_cs_client */;

--
-- Dumping data for table `verificaciones`
--

LOCK TABLES `verificaciones` WRITE;
/*!40000 ALTER TABLE `verificaciones` DISABLE KEYS */;
INSERT INTO `verificaciones` VALUES (3,'diuejh45','168482','2025-05-28 10:03:38'),(4,'diuejh45@gmail.com','334895','2025-05-28 10:03:51'),(17,'danielabron297@gmail.com','376459','2025-05-30 06:13:06'),(26,'marlen.salcedo.09@gmail.com','279947','2025-06-03 08:21:08'),(50,'ctskiller89gmailcom','711675','2025-06-04 10:56:08'),(51,'ctskiller@89gmail.com','710289','2025-06-04 10:59:11'),(52,'marlen.salcedo.09@gail.com','670445','2025-06-04 11:06:42');
/*!40000 ALTER TABLE `verificaciones` ENABLE KEYS */;
UNLOCK TABLES;
/*!40103 SET TIME_ZONE=@OLD_TIME_ZONE */;

/*!40101 SET SQL_MODE=@OLD_SQL_MODE */;
/*!40014 SET FOREIGN_KEY_CHECKS=@OLD_FOREIGN_KEY_CHECKS */;
/*!40014 SET UNIQUE_CHECKS=@OLD_UNIQUE_CHECKS */;
/*!40101 SET CHARACTER_SET_CLIENT=@OLD_CHARACTER_SET_CLIENT */;
/*!40101 SET CHARACTER_SET_RESULTS=@OLD_CHARACTER_SET_RESULTS */;
/*!40101 SET COLLATION_CONNECTION=@OLD_COLLATION_CONNECTION */;
/*!40111 SET SQL_NOTES=@OLD_SQL_NOTES */;

-- Dump completed on 2025-06-05  8:21:40
