-- MariaDB dump 10.19  Distrib 10.4.32-MariaDB, for Win64 (AMD64)
--
-- Host: localhost    Database: inventariomotoracer
-- ------------------------------------------------------
-- Server version	10.4.32-MariaDB

/*!40101 SET @OLD_CHARACTER_SET_CLIENT=@@CHARACTER_SET_CLIENT */;
/*!40101 SET @OLD_CHARACTER_SET_RESULTS=@@CHARACTER_SET_RESULTS */;
/*!40101 SET @OLD_COLLATION_CONNECTION=@@COLLATION_CONNECTION */;
/*!40101 SET NAMES utf8mb4 */;
/*!40103 SET @OLD_TIME_ZONE=@@TIME_ZONE */;
/*!40103 SET TIME_ZONE='+00:00' */;
/*!40014 SET @OLD_UNIQUE_CHECKS=@@UNIQUE_CHECKS, UNIQUE_CHECKS=0 */;
/*!40014 SET @OLD_FOREIGN_KEY_CHECKS=@@FOREIGN_KEY_CHECKS, FOREIGN_KEY_CHECKS=0 */;
/*!40101 SET @OLD_SQL_MODE=@@SQL_MODE, SQL_MODE='NO_AUTO_VALUE_ON_ZERO' */;
/*!40111 SET @OLD_SQL_NOTES=@@SQL_NOTES, SQL_NOTES=0 */;

--
-- Table structure for table `accesos`
--

DROP TABLE IF EXISTS `accesos`;
/*!40101 SET @saved_cs_client     = @@character_set_client */;
/*!40101 SET character_set_client = utf8 */;
CREATE TABLE `accesos` (
  `id` int(11) NOT NULL AUTO_INCREMENT,
  `id_usuario` int(20) NOT NULL,
  `seccion` varchar(100) NOT NULL,
  `sub_seccion` varchar(100) DEFAULT NULL,
  `permitido` tinyint(1) NOT NULL DEFAULT 1,
  PRIMARY KEY (`id`),
  KEY `fk_usuario` (`id_usuario`),
  CONSTRAINT `fk_usuario` FOREIGN KEY (`id_usuario`) REFERENCES `usuario` (`identificacion`) ON DELETE CASCADE
) ENGINE=InnoDB AUTO_INCREMENT=2284 DEFAULT CHARSET=utf8mb4 COLLATE=utf8mb4_general_ci;
/*!40101 SET character_set_client = @saved_cs_client */;

--
-- Dumping data for table `accesos`
--

LOCK TABLES `accesos` WRITE;
/*!40000 ALTER TABLE `accesos` DISABLE KEYS */;
INSERT INTO `accesos` VALUES (1,123,'PRODUCTO','Crear Producto',1),(2,123,'PRODUCTO','Actualizar Producto',1),(3,123,'PRODUCTO','Categorías',1),(4,123,'PRODUCTO','Ubicación',1),(5,123,'PRODUCTO','Marca',1),(6,123,'PROVEEDOR','Crear Proveedor',1),(7,123,'PROVEEDOR','Actualizar Proveedor',1),(8,123,'PROVEEDOR','Lista Proveedor',1),(9,123,'INVENTARIO','Lista de Productos',1),(10,123,'FACTURA','Venta',1),(11,123,'FACTURA','Reporte',1),(12,123,'USUARIO','Información',1),(13,123,'CONFIGURACIÓN','Stock',1),(14,123,'CONFIGURACIÓN','Gestión de Usuarios',1),(2268,159,'PRODUCTO','crear producto',0),(2269,159,'PRODUCTO','actualizar producto',0),(2270,159,'PRODUCTO','categorías',0),(2271,159,'PRODUCTO','ubicación',0),(2272,159,'PRODUCTO','marca',0),(2273,159,'PROVEEDOR','crear proveedor',1),(2274,159,'PROVEEDOR','actualizar proveedor',0),(2275,159,'PROVEEDOR','lista proveedor',0),(2276,159,'INVENTARIO','lista de productos',0),(2277,159,'FACTURA','venta',1),(2278,159,'FACTURA','reporte',0),(2279,159,'FACTURA','lista clientes',0),(2280,159,'USUARIO','información',1),(2281,159,'CONFIGURACIÓN','stock',0),(2282,159,'CONFIGURACIÓN','gestión de usuarios',0),(2283,159,'CONFIGURACIÓN','copia de seguridad',0);
/*!40000 ALTER TABLE `accesos` ENABLE KEYS */;
UNLOCK TABLES;

--
-- Table structure for table `categoria`
--

DROP TABLE IF EXISTS `categoria`;
/*!40101 SET @saved_cs_client     = @@character_set_client */;
/*!40101 SET character_set_client = utf8 */;
CREATE TABLE `categoria` (
  `codigo` int(11) NOT NULL,
  `nombre` varchar(45) NOT NULL,
  PRIMARY KEY (`codigo`)
) ENGINE=InnoDB DEFAULT CHARSET=utf8 COLLATE=utf8_general_ci;
/*!40101 SET character_set_client = @saved_cs_client */;

--
-- Dumping data for table `categoria`
--

LOCK TABLES `categoria` WRITE;
/*!40000 ALTER TABLE `categoria` DISABLE KEYS */;
INSERT INTO `categoria` VALUES (1,'Repuestos'),(2,'bateria'),(3,'carburador'),(4,'faros'),(5,'juego de pastillas de freno'),(8,'hola'),(9,'prueba'),(10,'prueba'),(123,'AKT');
/*!40000 ALTER TABLE `categoria` ENABLE KEYS */;
UNLOCK TABLES;

--
-- Table structure for table `cliente`
--

DROP TABLE IF EXISTS `cliente`;
/*!40101 SET @saved_cs_client     = @@character_set_client */;
/*!40101 SET character_set_client = utf8 */;
CREATE TABLE `cliente` (
  `codigo` int(20) NOT NULL,
  `identificacion` enum('CC','TI','NIT') NOT NULL,
  `nombre` varchar(45) NOT NULL,
  `apellido` varchar(45) DEFAULT NULL,
  `telefono` varchar(13) NOT NULL,
  `correo` varchar(45) NOT NULL,
  PRIMARY KEY (`codigo`) USING BTREE
) ENGINE=InnoDB DEFAULT CHARSET=utf8 COLLATE=utf8_general_ci;
/*!40101 SET character_set_client = @saved_cs_client */;

--
-- Dumping data for table `cliente`
--

LOCK TABLES `cliente` WRITE;
/*!40000 ALTER TABLE `cliente` DISABLE KEYS */;
INSERT INTO `cliente` VALUES (0,'CC','prueba','','',''),(123,'CC','daniel','Leonardo lo','159','danielleonardo@gmail.com'),(147,'NIT','EDWIN','castillo','123','edwincastillo@gmail.com'),(258,'CC','Nicolas','castillo','852','nicolascastillo@gmail.com'),(456,'NIT','Hector','leonardo','654','hectorleonardo@gmail.com'),(789,'CC','sandra','rodriguez','98765','sandrarodriguez@gmail.com'),(2222222,'CC','Consumidor','Final','12455','consumidorfinal@final.com');
/*!40000 ALTER TABLE `cliente` ENABLE KEYS */;
UNLOCK TABLES;

--
-- Table structure for table `compra`
--

DROP TABLE IF EXISTS `compra`;
/*!40101 SET @saved_cs_client     = @@character_set_client */;
/*!40101 SET character_set_client = utf8 */;
CREATE TABLE `compra` (
  `codigo` int(11) NOT NULL,
  `Usuario_identificacion` int(11) NOT NULL,
  `Producto_codigo` int(11) NOT NULL,
  `OrdenProveedor_codigo` int(11) NOT NULL,
  PRIMARY KEY (`codigo`),
  UNIQUE KEY `Usuario_identificacion` (`Usuario_identificacion`),
  KEY `fk_Producto_has_OrdenProveedor_OrdenProveedor1_idx` (`OrdenProveedor_codigo`),
  KEY `fk_Producto_has_OrdenProveedor_Producto1_idx` (`Producto_codigo`)
) ENGINE=InnoDB DEFAULT CHARSET=utf8 COLLATE=utf8_general_ci;
/*!40101 SET character_set_client = @saved_cs_client */;

--
-- Dumping data for table `compra`
--

LOCK TABLES `compra` WRITE;
/*!40000 ALTER TABLE `compra` DISABLE KEYS */;
/*!40000 ALTER TABLE `compra` ENABLE KEYS */;
UNLOCK TABLES;

--
-- Table structure for table `configuracion_stock`
--

DROP TABLE IF EXISTS `configuracion_stock`;
/*!40101 SET @saved_cs_client     = @@character_set_client */;
/*!40101 SET character_set_client = utf8 */;
CREATE TABLE `configuracion_stock` (
  `id` int(11) NOT NULL AUTO_INCREMENT,
  `min_quantity` int(11) NOT NULL,
  `alarm_time` time DEFAULT NULL,
  `notification_method` varchar(20) NOT NULL,
  PRIMARY KEY (`id`)
) ENGINE=InnoDB AUTO_INCREMENT=3 DEFAULT CHARSET=utf8mb4 COLLATE=utf8mb4_general_ci;
/*!40101 SET character_set_client = @saved_cs_client */;

--
-- Dumping data for table `configuracion_stock`
--

LOCK TABLES `configuracion_stock` WRITE;
/*!40000 ALTER TABLE `configuracion_stock` DISABLE KEYS */;
INSERT INTO `configuracion_stock` VALUES (1,5,'08:00:00','popup'),(2,60,'09:00:00','both');
/*!40000 ALTER TABLE `configuracion_stock` ENABLE KEYS */;
UNLOCK TABLES;

--
-- Table structure for table `factura`
--

DROP TABLE IF EXISTS `factura`;
/*!40101 SET @saved_cs_client     = @@character_set_client */;
/*!40101 SET character_set_client = utf8 */;
CREATE TABLE `factura` (
  `codigo` int(11) NOT NULL AUTO_INCREMENT,
  `fechaGeneracion` datetime NOT NULL,
  `Usuario_identificacion` int(11) NOT NULL,
  `Cliente_codigo` int(20) NOT NULL,
  `precioTotal` double NOT NULL,
  PRIMARY KEY (`codigo`),
  KEY `fk_Usuario_has_Producto_Usuario1_idx` (`Usuario_identificacion`),
  KEY `fk_Factura_Cliente1_idx` (`Cliente_codigo`),
  CONSTRAINT `fk_Factura_Cliente1_idx` FOREIGN KEY (`Cliente_codigo`) REFERENCES `cliente` (`codigo`),
  CONSTRAINT `fk_Usuario_has_Producto_Usuario1` FOREIGN KEY (`Usuario_identificacion`) REFERENCES `usuario` (`identificacion`) ON DELETE NO ACTION ON UPDATE NO ACTION
) ENGINE=InnoDB AUTO_INCREMENT=154 DEFAULT CHARSET=utf8 COLLATE=utf8_general_ci;
/*!40101 SET character_set_client = @saved_cs_client */;

--
-- Dumping data for table `factura`
--

LOCK TABLES `factura` WRITE;
/*!40000 ALTER TABLE `factura` DISABLE KEYS */;
INSERT INTO `factura` VALUES (16,'2025-03-18 13:54:06',123,0,1616),(17,'2025-03-18 14:06:28',123,2222222,7527),(18,'2025-03-18 14:07:02',123,2222222,7527),(19,'2025-03-18 14:07:21',123,2222222,7527),(20,'2025-03-18 19:12:27',123,2222222,7527),(21,'2025-03-18 19:16:12',123,2222222,7527),(22,'2025-03-18 19:16:30',123,2222222,7527),(23,'2025-03-18 19:19:44',123,2222222,7527),(24,'2025-03-18 19:23:18',123,2222222,7527),(25,'2025-03-18 19:23:44',123,2222222,7527),(26,'2025-03-18 19:36:26',123,2222222,7527),(27,'2025-03-18 19:46:13',123,0,7527),(28,'2025-03-18 20:01:52',123,2222222,7527),(29,'2025-03-18 20:49:39',123,2222222,7527),(30,'2025-03-18 20:54:30',123,2222222,54949),(31,'2025-03-18 20:58:44',123,2222222,54949),(32,'2025-03-18 21:01:07',123,2222222,54949),(33,'2025-03-18 21:09:42',123,2222222,7527),(34,'2025-03-19 06:12:13',123,2222222,15054),(35,'2025-03-19 06:13:50',123,2222222,15054),(36,'2025-03-19 07:21:27',123,2222222,15054),(37,'2025-03-19 07:26:08',123,2222222,22581),(38,'2025-03-19 07:39:29',123,2222222,15054),(39,'2025-03-19 07:58:53',123,2222222,15054),(40,'2025-03-19 08:00:35',123,2222222,15054),(42,'2025-03-19 09:07:49',123,2222222,65254),(43,'2025-03-19 09:11:48',123,2222222,109898),(44,'2025-03-19 09:30:29',123,2222222,1561),(45,'2025-03-19 09:31:14',123,2222222,1561),(46,'2025-03-19 10:34:22',123,2222222,22581),(47,'2025-03-19 10:44:39',123,2222222,15054),(48,'2025-03-19 10:46:14',123,789,8046),(49,'2025-03-19 10:57:39',123,2222222,22581),(50,'2025-03-19 11:02:49',123,2222222,650000),(51,'2025-03-19 11:06:36',123,2222222,30108),(52,'2025-03-19 11:12:35',123,2222222,2682),(53,'2025-03-20 09:54:21',123,2222222,115212),(54,'2025-03-21 09:51:24',123,2222222,1561),(55,'2025-03-26 08:17:45',123,2222222,321321),(56,'2025-03-26 08:17:58',123,2222222,321321),(57,'2025-03-26 08:18:26',123,2222222,321321),(58,'2025-03-26 09:16:58',123,2222222,321321),(59,'2025-03-26 09:26:30',123,2222222,321321),(60,'2025-03-26 18:40:28',123,2222222,321321),(61,'2025-03-26 18:48:14',123,2222222,321321),(62,'2025-03-26 18:59:01',123,2222222,321321),(63,'2025-03-26 19:08:20',123,2222222,321321),(64,'2025-03-27 09:02:34',123,123,185200),(65,'2025-03-28 09:10:47',123,2222222,321321),(66,'2025-03-28 09:12:02',123,2222222,321321),(67,'2025-03-28 09:30:16',123,2222222,321321),(68,'2025-03-28 10:44:57',123,2222222,321321),(69,'2025-03-28 10:46:19',123,2222222,321321),(70,'2025-04-07 13:57:17',123,0,2223),(71,'2025-04-11 09:28:32',123,789,14708),(72,'2025-04-21 11:37:26',123,0,6516),(73,'2025-04-23 11:34:17',123,123,24575),(74,'2025-04-23 11:34:19',123,123,24575),(75,'2025-04-23 11:34:20',123,123,24575),(76,'2025-04-23 11:34:21',123,123,24575),(77,'2025-04-23 11:34:21',123,123,24575),(78,'2025-04-23 11:34:21',123,123,24575),(79,'2025-04-23 11:34:21',123,123,24575),(80,'2025-04-23 11:34:22',123,123,24575),(81,'2025-04-23 11:34:24',123,123,24575),(82,'2025-04-23 11:34:24',123,123,24575),(83,'2025-04-23 11:34:24',123,123,24575),(84,'2025-04-23 11:34:24',123,123,24575),(85,'2025-04-23 11:34:24',123,123,24575),(86,'2025-04-23 11:34:25',123,123,24575),(87,'2025-04-23 11:34:25',123,123,24575),(88,'2025-04-23 11:34:25',123,123,24575),(89,'2025-04-23 11:34:25',123,123,24575),(90,'2025-04-23 11:34:25',123,123,24575),(91,'2025-04-23 11:34:26',123,123,24575),(92,'2025-04-23 11:34:47',123,123,652682),(93,'2025-04-23 11:34:50',123,123,652682),(94,'2025-04-23 11:34:52',123,123,652682),(95,'2025-04-23 11:34:53',123,123,652682),(96,'2025-04-23 11:34:53',123,123,652682),(97,'2025-04-23 11:38:08',123,123,24575),(98,'2025-04-23 11:38:08',123,123,24575),(99,'2025-04-23 11:38:08',123,123,24575),(100,'2025-04-23 11:38:08',123,123,24575),(101,'2025-04-23 11:38:09',123,123,24575),(102,'2025-04-23 11:38:09',123,123,24575),(103,'2025-04-23 11:38:09',123,123,24575),(104,'2025-04-23 11:38:09',123,123,24575),(105,'2025-04-23 11:38:12',123,123,24575),(106,'2025-04-23 11:38:12',123,123,24575),(107,'2025-04-23 11:38:36',123,258,650000),(108,'2025-04-23 11:38:37',123,258,650000),(109,'2025-04-23 11:38:37',123,258,650000),(110,'2025-04-23 11:38:37',123,258,650000),(111,'2025-04-23 11:38:37',123,258,650000),(112,'2025-04-23 11:38:38',123,258,650000),(113,'2025-04-23 11:38:38',123,258,650000),(114,'2025-04-23 11:38:38',123,258,650000),(115,'2025-04-23 11:38:38',123,258,650000),(116,'2025-04-23 11:38:38',123,258,650000),(117,'2025-04-23 11:38:39',123,258,650000),(118,'2025-04-23 11:38:39',123,258,650000),(119,'2025-04-23 11:41:14',123,147,109898),(120,'2025-04-23 11:41:15',123,147,109898),(121,'2025-04-23 11:41:16',123,147,109898),(122,'2025-04-23 11:41:16',123,147,109898),(123,'2025-04-23 11:41:16',123,147,109898),(124,'2025-04-23 11:41:16',123,147,109898),(125,'2025-04-23 11:41:16',123,147,109898),(126,'2025-04-23 11:41:16',123,147,109898),(127,'2025-04-23 11:41:17',123,147,109898),(128,'2025-04-23 11:41:17',123,147,109898),(129,'2025-04-23 11:41:17',123,147,109898),(130,'2025-04-23 11:41:17',123,147,109898),(131,'2025-04-23 11:41:18',123,147,109898),(132,'2025-04-23 11:41:18',123,147,109898),(133,'2025-04-23 11:41:18',123,147,109898),(134,'2025-04-23 11:41:18',123,147,109898),(135,'2025-04-23 11:43:36',123,147,13033),(136,'2025-04-23 11:44:36',123,258,6516),(137,'2025-04-23 11:44:36',123,258,6516),(138,'2025-04-23 11:44:36',123,258,6516),(139,'2025-04-23 11:44:36',123,258,6516),(140,'2025-04-23 11:44:37',123,258,6516),(141,'2025-04-23 11:44:37',123,258,6516),(142,'2025-04-23 11:44:38',123,258,6516),(143,'2025-04-23 11:45:08',123,147,2682),(144,'2025-04-24 11:24:36',123,789,876876),(145,'2025-04-24 11:24:49',123,789,876876),(146,'2025-04-24 11:31:44',123,258,876876),(147,'2025-04-29 06:45:18',123,258,38060),(148,'2025-04-29 06:52:31',123,123,650000),(149,'2025-04-29 06:55:12',123,789,2682),(150,'2025-04-29 06:57:07',123,258,7527),(151,'2025-04-29 06:58:34',123,258,7527),(152,'2025-04-29 06:59:47',123,123,7527),(153,'2025-04-29 07:00:30',123,258,7527);
/*!40000 ALTER TABLE `factura` ENABLE KEYS */;
UNLOCK TABLES;

--
-- Table structure for table `factura_metodo_pago`
--

DROP TABLE IF EXISTS `factura_metodo_pago`;
/*!40101 SET @saved_cs_client     = @@character_set_client */;
/*!40101 SET character_set_client = utf8 */;
CREATE TABLE `factura_metodo_pago` (
  `id` int(11) NOT NULL AUTO_INCREMENT,
  `Factura_codigo` int(11) NOT NULL,
  `metodoPago` enum('tarjeta','efectivo','transferencia') NOT NULL,
  `monto` double NOT NULL,
  PRIMARY KEY (`id`),
  KEY `Factura_codigo` (`Factura_codigo`),
  CONSTRAINT `factura_metodo_pago_ibfk_1` FOREIGN KEY (`Factura_codigo`) REFERENCES `factura` (`codigo`)
) ENGINE=InnoDB AUTO_INCREMENT=197 DEFAULT CHARSET=utf8mb4 COLLATE=utf8mb4_general_ci;
/*!40101 SET character_set_client = @saved_cs_client */;

--
-- Dumping data for table `factura_metodo_pago`
--

LOCK TABLES `factura_metodo_pago` WRITE;
/*!40000 ALTER TABLE `factura_metodo_pago` DISABLE KEYS */;
INSERT INTO `factura_metodo_pago` VALUES (26,16,'efectivo',100000),(27,16,'tarjeta',500000),(28,16,'transferencia',1016898),(29,17,'efectivo',5000),(30,17,'tarjeta',2527),(31,18,'efectivo',5000),(32,18,'tarjeta',2527),(33,19,'efectivo',5000),(34,19,'tarjeta',2527),(35,20,'efectivo',5000),(36,20,'transferencia',2527),(37,21,'efectivo',5000),(38,21,'transferencia',2527),(39,22,'efectivo',5000),(40,22,'transferencia',2527),(41,23,'efectivo',5000),(42,23,'tarjeta',2527),(43,24,'efectivo',7527),(44,25,'efectivo',7527),(45,26,'efectivo',7527),(46,27,'efectivo',5000),(47,27,'transferencia',2527),(48,28,'efectivo',7527),(49,29,'efectivo',7527),(50,30,'efectivo',54949),(51,31,'efectivo',54949),(52,32,'efectivo',54949),(53,33,'efectivo',7527),(54,34,'efectivo',5054),(55,34,'transferencia',10000),(56,35,'efectivo',5054),(57,35,'transferencia',5000),(58,35,'transferencia',5000),(59,36,'efectivo',15054),(60,37,'efectivo',22581),(61,38,'efectivo',15054),(62,39,'efectivo',15054),(63,40,'transferencia',15054),(65,42,'efectivo',65254),(66,43,'efectivo',50000),(67,43,'transferencia',59898),(68,44,'efectivo',1561949),(69,45,'efectivo',1561949),(70,46,'efectivo',22581),(71,47,'efectivo',15054),(72,48,'efectivo',8046),(73,49,'efectivo',22581),(74,50,'transferencia',650000),(75,51,'efectivo',30108),(76,52,'efectivo',2682),(77,53,'efectivo',115212),(78,54,'efectivo',1561949),(79,55,'efectivo',321321),(80,56,'efectivo',321321),(81,57,'efectivo',321321),(82,58,'efectivo',321321),(83,59,'efectivo',321321),(84,60,'efectivo',321321),(85,61,'efectivo',321321),(86,62,'efectivo',321321),(87,63,'efectivo',321321),(88,64,'efectivo',185200),(89,65,'efectivo',321321),(90,66,'efectivo',321321),(91,67,'efectivo',321321),(92,68,'efectivo',321321),(93,69,'efectivo',321321),(94,70,'efectivo',2223123),(95,71,'efectivo',14708487446),(96,72,'efectivo',100000),(97,72,'transferencia',6516471465),(98,73,'efectivo',24575747943),(99,74,'efectivo',24575747943),(100,75,'efectivo',24575747943),(101,76,'efectivo',24575747943),(102,77,'efectivo',24575747943),(103,78,'efectivo',24575747943),(104,79,'efectivo',24575747943),(105,80,'efectivo',24575747943),(106,81,'efectivo',24575747943),(107,82,'efectivo',24575747943),(108,83,'efectivo',24575747943),(109,84,'efectivo',24575747943),(110,85,'efectivo',24575747943),(111,86,'efectivo',24575747943),(112,87,'efectivo',24575747943),(113,88,'efectivo',24575747943),(114,89,'efectivo',24575747943),(115,90,'efectivo',24575747943),(116,91,'efectivo',24575747943),(117,92,'efectivo',30000),(118,92,'tarjeta',622682),(119,93,'efectivo',30000),(120,93,'tarjeta',622682),(121,94,'efectivo',30000),(122,94,'tarjeta',622682),(123,95,'efectivo',30000),(124,95,'tarjeta',622682),(125,96,'efectivo',30000),(126,96,'tarjeta',622682),(127,97,'efectivo',24575747943),(128,98,'efectivo',24575747943),(129,99,'efectivo',24575747943),(130,100,'efectivo',24575747943),(131,101,'efectivo',24575747943),(132,102,'efectivo',24575747943),(133,103,'efectivo',24575747943),(134,104,'efectivo',24575747943),(135,105,'efectivo',24575747943),(136,106,'efectivo',24575747943),(137,107,'efectivo',50000),(138,107,'tarjeta',600000),(139,108,'efectivo',50000),(140,108,'tarjeta',600000),(141,109,'efectivo',50000),(142,109,'tarjeta',600000),(143,110,'efectivo',50000),(144,110,'tarjeta',600000),(145,111,'efectivo',50000),(146,111,'tarjeta',600000),(147,112,'efectivo',50000),(148,112,'tarjeta',600000),(149,113,'efectivo',50000),(150,113,'tarjeta',600000),(151,114,'efectivo',50000),(152,114,'tarjeta',600000),(153,115,'efectivo',50000),(154,115,'tarjeta',600000),(155,116,'efectivo',50000),(156,116,'tarjeta',600000),(157,117,'efectivo',50000),(158,117,'tarjeta',600000),(159,118,'efectivo',50000),(160,118,'tarjeta',600000),(161,119,'efectivo',109898),(162,120,'efectivo',109898),(163,121,'efectivo',109898),(164,122,'efectivo',109898),(165,123,'efectivo',109898),(166,124,'efectivo',109898),(167,125,'efectivo',109898),(168,126,'efectivo',109898),(169,127,'efectivo',109898),(170,128,'efectivo',109898),(171,129,'efectivo',109898),(172,130,'efectivo',109898),(173,131,'efectivo',109898),(174,132,'efectivo',109898),(175,133,'efectivo',109898),(176,134,'efectivo',109898),(177,135,'efectivo',13033033032),(178,136,'efectivo',6516516516),(179,137,'efectivo',6516516516),(180,138,'efectivo',6516516516),(181,139,'efectivo',6516516516),(182,140,'efectivo',6516516516),(183,141,'efectivo',6516516516),(184,142,'efectivo',6516516516),(185,143,'efectivo',2682),(186,144,'efectivo',876876),(187,145,'efectivo',876876),(188,146,'efectivo',876876),(189,147,'efectivo',38060636),(190,148,'efectivo',100000),(191,148,'tarjeta',550000),(192,149,'tarjeta',2682),(193,150,'tarjeta',7527),(194,151,'tarjeta',7527),(195,152,'tarjeta',7527),(196,153,'tarjeta',7527);
/*!40000 ALTER TABLE `factura_metodo_pago` ENABLE KEYS */;
UNLOCK TABLES;

--
-- Table structure for table `marca`
--

DROP TABLE IF EXISTS `marca`;
/*!40101 SET @saved_cs_client     = @@character_set_client */;
/*!40101 SET character_set_client = utf8 */;
CREATE TABLE `marca` (
  `codigo` int(11) NOT NULL,
  `nombre` varchar(45) NOT NULL,
  PRIMARY KEY (`codigo`)
) ENGINE=InnoDB DEFAULT CHARSET=utf8 COLLATE=utf8_general_ci;
/*!40101 SET character_set_client = @saved_cs_client */;

--
-- Dumping data for table `marca`
--

LOCK TABLES `marca` WRITE;
/*!40000 ALTER TABLE `marca` DISABLE KEYS */;
INSERT INTO `marca` VALUES (1,'akt'),(2,'yamaha'),(3,'bajaj'),(4,'suzuki'),(5,'honda'),(6,'ninja'),(7,'ninja'),(8,'NKD'),(9,'nose');
/*!40000 ALTER TABLE `marca` ENABLE KEYS */;
UNLOCK TABLES;

--
-- Table structure for table `notificaciones`
--

DROP TABLE IF EXISTS `notificaciones`;
/*!40101 SET @saved_cs_client     = @@character_set_client */;
/*!40101 SET character_set_client = utf8 */;
CREATE TABLE `notificaciones` (
  `id` int(11) NOT NULL AUTO_INCREMENT,
  `mensaje` text NOT NULL,
  `fecha` timestamp NOT NULL DEFAULT current_timestamp(),
  `leida` tinyint(1) DEFAULT 0,
  PRIMARY KEY (`id`)
) ENGINE=InnoDB AUTO_INCREMENT=699 DEFAULT CHARSET=utf8mb4 COLLATE=utf8mb4_general_ci;
/*!40101 SET character_set_client = @saved_cs_client */;

--
-- Dumping data for table `notificaciones`
--

LOCK TABLES `notificaciones` WRITE;
/*!40000 ALTER TABLE `notificaciones` DISABLE KEYS */;
INSERT INTO `notificaciones` VALUES (1,'Producto nose bajo mínimo! Stock actual: 42','2025-03-26 23:59:01',1),(2,'Producto chazis bajo mínimo! Stock actual: 20','2025-03-26 23:59:01',1),(3,'Producto nose bajo mínimo! Stock actual: 41','2025-03-27 00:08:20',1),(4,'Producto chazis bajo mínimo! Stock actual: 20','2025-03-27 00:08:20',1),(5,'Producto nose bajo mínimo! Stock actual: 41','2025-03-27 14:02:34',1),(6,'Producto chazis bajo mínimo! Stock actual: 19','2025-03-27 14:02:34',1),(7,'Producto chaiz bajo mínimo! Stock actual: 49','2025-03-27 14:02:34',1),(8,'Producto nose bajo mínimo! Stock actual: 40','2025-03-28 14:10:47',1),(9,'Producto chazis bajo mínimo! Stock actual: 19','2025-03-28 14:10:47',1),(10,'Producto chaiz bajo mínimo! Stock actual: 49','2025-03-28 14:10:47',1),(11,'Producto nose bajo mínimo! Stock actual: 39','2025-03-28 14:12:02',1),(12,'Producto chazis bajo mínimo! Stock actual: 19','2025-03-28 14:12:02',1),(13,'Producto chaiz bajo mínimo! Stock actual: 49','2025-03-28 14:12:02',1),(14,'Producto nose bajo mínimo! Stock actual: 38','2025-03-28 14:30:16',1),(15,'Producto chazis bajo mínimo! Stock actual: 19','2025-03-28 14:30:16',1),(16,'Producto chaiz bajo mínimo! Stock actual: 49','2025-03-28 14:30:16',1),(17,'Producto nose bajo mínimo! Stock actual: 37','2025-03-28 15:44:57',1),(18,'Producto chazis bajo mínimo! Stock actual: 19','2025-03-28 15:44:57',1),(19,'Producto chaiz bajo mínimo! Stock actual: 49','2025-03-28 15:44:57',1),(20,'Producto nose bajo mínimo! Stock actual: 36','2025-03-28 15:46:19',1),(21,'Producto chazis bajo mínimo! Stock actual: 19','2025-03-28 15:46:19',1),(22,'Producto chaiz bajo mínimo! Stock actual: 49','2025-03-28 15:46:19',1),(23,'Producto fghdhf bajo mínimo! Stock actual: 36','2025-04-07 18:57:17',1),(24,'Producto chazis bajo mínimo! Stock actual: 19','2025-04-07 18:57:17',1),(25,'Producto efhedjh bajo mínimo! Stock actual: 1','2025-04-07 18:57:17',1),(26,'Producto rhefh bajo mínimo! Stock actual: 52','2025-04-07 18:57:17',1),(27,'Producto freno bajo mínimo! Stock actual: 25','2025-04-07 18:57:17',1),(28,'Producto filtro de aceite fz18 200 bajo mínimo! Stock actual: 4','2025-04-07 18:57:17',1),(29,'Producto pin pastilla freno set xt660 bajo mínimo! Stock actual: 5','2025-04-07 18:57:17',1),(30,'Producto foco bajo mínimo! Stock actual: 9','2025-04-07 18:57:17',1),(31,'Producto fhdh bajo mínimo! Stock actual: 19','2025-04-07 18:57:17',1),(32,'Producto kit de arrastre cb 190r honda original bajo mínimo! Stock actual: 6','2025-04-07 18:57:17',1),(33,'Producto dulce bajo mínimo! Stock actual: 7','2025-04-07 18:57:17',0),(34,'Producto sdgdjhfgj bajo mínimo! Stock actual: 45','2025-04-07 18:57:17',0),(35,'Producto rhefh bajo mínimo! Stock actual: 52','2025-04-11 14:28:32',1),(36,'Producto FRENO bajo mínimo! Stock actual: 25','2025-04-11 14:28:32',1),(37,'Producto filtro de aceite fz18 200 bajo mínimo! Stock actual: 4','2025-04-11 14:28:32',1),(38,'Producto pin pastilla freno set xt660 bajo mínimo! Stock actual: 4','2025-04-11 14:28:32',1),(39,'Producto fhdh bajo mínimo! Stock actual: 18','2025-04-11 14:28:32',1),(40,'Producto kit de arrastre cb 190r honda original bajo mínimo! Stock actual: 5','2025-04-11 14:28:32',1),(41,'Producto dulce bajo mínimo! Stock actual: 7','2025-04-11 14:28:32',1),(42,'Producto sdgdjhfgj bajo mínimo! Stock actual: 45','2025-04-11 14:28:32',1),(43,'Producto rhefh bajo mínimo! Stock actual: 52','2025-04-21 16:37:26',1),(44,'Producto FRENO bajo mínimo! Stock actual: 25','2025-04-21 16:37:26',1),(45,'Producto filtro de aceite fz18 200 bajo mínimo! Stock actual: 4','2025-04-21 16:37:26',1),(46,'Producto pin pastilla freno set xt660 bajo mínimo! Stock actual: 4','2025-04-21 16:37:26',1),(47,'Producto fhdh bajo mínimo! Stock actual: 17','2025-04-21 16:37:26',1),(48,'Producto kit de arrastre cb 190r honda original bajo mínimo! Stock actual: 4','2025-04-21 16:37:26',1),(49,'Producto dulce bajo mínimo! Stock actual: 7','2025-04-21 16:37:26',1),(50,'Producto sdgdjhfgj bajo mínimo! Stock actual: 45','2025-04-21 16:37:26',1),(51,'Producto rhefh bajo mínimo! Stock actual: 52','2025-04-23 16:34:17',0),(52,'Producto FRENO bajo mínimo! Stock actual: 25','2025-04-23 16:34:17',0),(53,'Producto filtro de aceite fz18 200 bajo mínimo! Stock actual: 4','2025-04-23 16:34:17',0),(54,'Producto pin pastilla freno set xt660 bajo mínimo! Stock actual: 1','2025-04-23 16:34:17',0),(55,'Producto fhdh bajo mínimo! Stock actual: 17','2025-04-23 16:34:17',0),(56,'Producto kit de arrastre cb 190r honda original bajo mínimo! Stock actual: 4','2025-04-23 16:34:17',0),(57,'Producto dulce bajo mínimo! Stock actual: 7','2025-04-23 16:34:17',0),(58,'Producto sdgdjhfgj bajo mínimo! Stock actual: 45','2025-04-23 16:34:17',0),(59,'Producto rhefh bajo mínimo! Stock actual: 52','2025-04-23 16:34:19',0),(60,'Producto FRENO bajo mínimo! Stock actual: 25','2025-04-23 16:34:19',0),(61,'Producto filtro de aceite fz18 200 bajo mínimo! Stock actual: 4','2025-04-23 16:34:19',0),(62,'Producto pin pastilla freno set xt660 bajo mínimo! Stock actual: -2','2025-04-23 16:34:19',0),(63,'Producto fhdh bajo mínimo! Stock actual: 17','2025-04-23 16:34:19',0),(64,'Producto kit de arrastre cb 190r honda original bajo mínimo! Stock actual: 4','2025-04-23 16:34:19',0),(65,'Producto dulce bajo mínimo! Stock actual: 7','2025-04-23 16:34:19',0),(66,'Producto sdgdjhfgj bajo mínimo! Stock actual: 45','2025-04-23 16:34:19',0),(67,'Producto rhefh bajo mínimo! Stock actual: 52','2025-04-23 16:34:20',0),(68,'Producto FRENO bajo mínimo! Stock actual: 25','2025-04-23 16:34:20',0),(69,'Producto filtro de aceite fz18 200 bajo mínimo! Stock actual: 4','2025-04-23 16:34:20',0),(70,'Producto pin pastilla freno set xt660 bajo mínimo! Stock actual: -5','2025-04-23 16:34:20',0),(71,'Producto fhdh bajo mínimo! Stock actual: 17','2025-04-23 16:34:20',0),(72,'Producto kit de arrastre cb 190r honda original bajo mínimo! Stock actual: 4','2025-04-23 16:34:20',0),(73,'Producto dulce bajo mínimo! Stock actual: 7','2025-04-23 16:34:20',0),(74,'Producto sdgdjhfgj bajo mínimo! Stock actual: 45','2025-04-23 16:34:20',0),(75,'Producto rhefh bajo mínimo! Stock actual: 52','2025-04-23 16:34:21',0),(76,'Producto FRENO bajo mínimo! Stock actual: 25','2025-04-23 16:34:21',0),(77,'Producto filtro de aceite fz18 200 bajo mínimo! Stock actual: 4','2025-04-23 16:34:21',0),(78,'Producto pin pastilla freno set xt660 bajo mínimo! Stock actual: -8','2025-04-23 16:34:21',0),(79,'Producto fhdh bajo mínimo! Stock actual: 17','2025-04-23 16:34:21',0),(80,'Producto kit de arrastre cb 190r honda original bajo mínimo! Stock actual: 4','2025-04-23 16:34:21',0),(81,'Producto dulce bajo mínimo! Stock actual: 7','2025-04-23 16:34:21',0),(82,'Producto sdgdjhfgj bajo mínimo! Stock actual: 45','2025-04-23 16:34:21',0),(83,'Producto rhefh bajo mínimo! Stock actual: 52','2025-04-23 16:34:21',0),(84,'Producto FRENO bajo mínimo! Stock actual: 25','2025-04-23 16:34:21',0),(85,'Producto filtro de aceite fz18 200 bajo mínimo! Stock actual: 4','2025-04-23 16:34:21',0),(86,'Producto pin pastilla freno set xt660 bajo mínimo! Stock actual: -11','2025-04-23 16:34:21',0),(87,'Producto fhdh bajo mínimo! Stock actual: 17','2025-04-23 16:34:21',0),(88,'Producto kit de arrastre cb 190r honda original bajo mínimo! Stock actual: 4','2025-04-23 16:34:21',0),(89,'Producto dulce bajo mínimo! Stock actual: 7','2025-04-23 16:34:21',0),(90,'Producto sdgdjhfgj bajo mínimo! Stock actual: 45','2025-04-23 16:34:21',0),(91,'Producto rhefh bajo mínimo! Stock actual: 52','2025-04-23 16:34:21',0),(92,'Producto FRENO bajo mínimo! Stock actual: 25','2025-04-23 16:34:21',0),(93,'Producto filtro de aceite fz18 200 bajo mínimo! Stock actual: 4','2025-04-23 16:34:21',0),(94,'Producto pin pastilla freno set xt660 bajo mínimo! Stock actual: -14','2025-04-23 16:34:21',0),(95,'Producto fhdh bajo mínimo! Stock actual: 17','2025-04-23 16:34:21',0),(96,'Producto kit de arrastre cb 190r honda original bajo mínimo! Stock actual: 4','2025-04-23 16:34:21',0),(97,'Producto dulce bajo mínimo! Stock actual: 7','2025-04-23 16:34:21',0),(98,'Producto sdgdjhfgj bajo mínimo! Stock actual: 45','2025-04-23 16:34:21',0),(99,'Producto rhefh bajo mínimo! Stock actual: 52','2025-04-23 16:34:21',0),(100,'Producto FRENO bajo mínimo! Stock actual: 25','2025-04-23 16:34:21',0),(101,'Producto filtro de aceite fz18 200 bajo mínimo! Stock actual: 4','2025-04-23 16:34:21',0),(102,'Producto pin pastilla freno set xt660 bajo mínimo! Stock actual: -17','2025-04-23 16:34:21',0),(103,'Producto fhdh bajo mínimo! Stock actual: 17','2025-04-23 16:34:21',0),(104,'Producto kit de arrastre cb 190r honda original bajo mínimo! Stock actual: 4','2025-04-23 16:34:21',0),(105,'Producto dulce bajo mínimo! Stock actual: 7','2025-04-23 16:34:21',0),(106,'Producto sdgdjhfgj bajo mínimo! Stock actual: 45','2025-04-23 16:34:21',0),(107,'Producto rhefh bajo mínimo! Stock actual: 52','2025-04-23 16:34:22',0),(108,'Producto FRENO bajo mínimo! Stock actual: 25','2025-04-23 16:34:22',0),(109,'Producto filtro de aceite fz18 200 bajo mínimo! Stock actual: 4','2025-04-23 16:34:22',0),(110,'Producto pin pastilla freno set xt660 bajo mínimo! Stock actual: -20','2025-04-23 16:34:22',0),(111,'Producto fhdh bajo mínimo! Stock actual: 17','2025-04-23 16:34:22',0),(112,'Producto kit de arrastre cb 190r honda original bajo mínimo! Stock actual: 4','2025-04-23 16:34:22',0),(113,'Producto dulce bajo mínimo! Stock actual: 7','2025-04-23 16:34:22',0),(114,'Producto sdgdjhfgj bajo mínimo! Stock actual: 45','2025-04-23 16:34:22',0),(115,'Producto rhefh bajo mínimo! Stock actual: 52','2025-04-23 16:34:24',0),(116,'Producto FRENO bajo mínimo! Stock actual: 25','2025-04-23 16:34:24',0),(117,'Producto filtro de aceite fz18 200 bajo mínimo! Stock actual: 4','2025-04-23 16:34:24',0),(118,'Producto pin pastilla freno set xt660 bajo mínimo! Stock actual: -23','2025-04-23 16:34:24',0),(119,'Producto fhdh bajo mínimo! Stock actual: 17','2025-04-23 16:34:24',0),(120,'Producto kit de arrastre cb 190r honda original bajo mínimo! Stock actual: 4','2025-04-23 16:34:24',0),(121,'Producto dulce bajo mínimo! Stock actual: 7','2025-04-23 16:34:24',0),(122,'Producto sdgdjhfgj bajo mínimo! Stock actual: 45','2025-04-23 16:34:24',0),(123,'Producto rhefh bajo mínimo! Stock actual: 52','2025-04-23 16:34:24',0),(124,'Producto FRENO bajo mínimo! Stock actual: 25','2025-04-23 16:34:24',0),(125,'Producto filtro de aceite fz18 200 bajo mínimo! Stock actual: 4','2025-04-23 16:34:24',0),(126,'Producto pin pastilla freno set xt660 bajo mínimo! Stock actual: -26','2025-04-23 16:34:24',0),(127,'Producto fhdh bajo mínimo! Stock actual: 17','2025-04-23 16:34:24',0),(128,'Producto kit de arrastre cb 190r honda original bajo mínimo! Stock actual: 4','2025-04-23 16:34:24',0),(129,'Producto dulce bajo mínimo! Stock actual: 7','2025-04-23 16:34:24',0),(130,'Producto sdgdjhfgj bajo mínimo! Stock actual: 45','2025-04-23 16:34:24',0),(131,'Producto rhefh bajo mínimo! Stock actual: 52','2025-04-23 16:34:24',0),(132,'Producto FRENO bajo mínimo! Stock actual: 25','2025-04-23 16:34:24',0),(133,'Producto filtro de aceite fz18 200 bajo mínimo! Stock actual: 4','2025-04-23 16:34:24',0),(134,'Producto pin pastilla freno set xt660 bajo mínimo! Stock actual: -29','2025-04-23 16:34:24',0),(135,'Producto fhdh bajo mínimo! Stock actual: 17','2025-04-23 16:34:24',0),(136,'Producto kit de arrastre cb 190r honda original bajo mínimo! Stock actual: 4','2025-04-23 16:34:24',0),(137,'Producto dulce bajo mínimo! Stock actual: 7','2025-04-23 16:34:24',0),(138,'Producto sdgdjhfgj bajo mínimo! Stock actual: 45','2025-04-23 16:34:24',0),(139,'Producto rhefh bajo mínimo! Stock actual: 52','2025-04-23 16:34:24',0),(140,'Producto FRENO bajo mínimo! Stock actual: 25','2025-04-23 16:34:24',0),(141,'Producto filtro de aceite fz18 200 bajo mínimo! Stock actual: 4','2025-04-23 16:34:24',0),(142,'Producto pin pastilla freno set xt660 bajo mínimo! Stock actual: -32','2025-04-23 16:34:24',0),(143,'Producto fhdh bajo mínimo! Stock actual: 17','2025-04-23 16:34:24',0),(144,'Producto kit de arrastre cb 190r honda original bajo mínimo! Stock actual: 4','2025-04-23 16:34:24',0),(145,'Producto dulce bajo mínimo! Stock actual: 7','2025-04-23 16:34:24',0),(146,'Producto sdgdjhfgj bajo mínimo! Stock actual: 45','2025-04-23 16:34:24',0),(147,'Producto rhefh bajo mínimo! Stock actual: 52','2025-04-23 16:34:24',0),(148,'Producto FRENO bajo mínimo! Stock actual: 25','2025-04-23 16:34:24',0),(149,'Producto filtro de aceite fz18 200 bajo mínimo! Stock actual: 4','2025-04-23 16:34:24',0),(150,'Producto pin pastilla freno set xt660 bajo mínimo! Stock actual: -35','2025-04-23 16:34:24',0),(151,'Producto fhdh bajo mínimo! Stock actual: 17','2025-04-23 16:34:24',0),(152,'Producto kit de arrastre cb 190r honda original bajo mínimo! Stock actual: 4','2025-04-23 16:34:24',0),(153,'Producto dulce bajo mínimo! Stock actual: 7','2025-04-23 16:34:24',0),(154,'Producto sdgdjhfgj bajo mínimo! Stock actual: 45','2025-04-23 16:34:24',0),(155,'Producto rhefh bajo mínimo! Stock actual: 52','2025-04-23 16:34:25',0),(156,'Producto FRENO bajo mínimo! Stock actual: 25','2025-04-23 16:34:25',0),(157,'Producto filtro de aceite fz18 200 bajo mínimo! Stock actual: 4','2025-04-23 16:34:25',0),(158,'Producto pin pastilla freno set xt660 bajo mínimo! Stock actual: -38','2025-04-23 16:34:25',0),(159,'Producto fhdh bajo mínimo! Stock actual: 17','2025-04-23 16:34:25',0),(160,'Producto kit de arrastre cb 190r honda original bajo mínimo! Stock actual: 4','2025-04-23 16:34:25',0),(161,'Producto dulce bajo mínimo! Stock actual: 7','2025-04-23 16:34:25',0),(162,'Producto sdgdjhfgj bajo mínimo! Stock actual: 45','2025-04-23 16:34:25',0),(163,'Producto rhefh bajo mínimo! Stock actual: 52','2025-04-23 16:34:25',0),(164,'Producto FRENO bajo mínimo! Stock actual: 25','2025-04-23 16:34:25',0),(165,'Producto filtro de aceite fz18 200 bajo mínimo! Stock actual: 4','2025-04-23 16:34:25',0),(166,'Producto pin pastilla freno set xt660 bajo mínimo! Stock actual: -41','2025-04-23 16:34:25',0),(167,'Producto fhdh bajo mínimo! Stock actual: 17','2025-04-23 16:34:25',0),(168,'Producto kit de arrastre cb 190r honda original bajo mínimo! Stock actual: 4','2025-04-23 16:34:25',0),(169,'Producto dulce bajo mínimo! Stock actual: 7','2025-04-23 16:34:25',0),(170,'Producto sdgdjhfgj bajo mínimo! Stock actual: 45','2025-04-23 16:34:25',0),(171,'Producto rhefh bajo mínimo! Stock actual: 52','2025-04-23 16:34:25',0),(172,'Producto FRENO bajo mínimo! Stock actual: 25','2025-04-23 16:34:25',0),(173,'Producto filtro de aceite fz18 200 bajo mínimo! Stock actual: 4','2025-04-23 16:34:25',0),(174,'Producto pin pastilla freno set xt660 bajo mínimo! Stock actual: -44','2025-04-23 16:34:25',0),(175,'Producto fhdh bajo mínimo! Stock actual: 17','2025-04-23 16:34:25',0),(176,'Producto kit de arrastre cb 190r honda original bajo mínimo! Stock actual: 4','2025-04-23 16:34:25',0),(177,'Producto dulce bajo mínimo! Stock actual: 7','2025-04-23 16:34:25',0),(178,'Producto sdgdjhfgj bajo mínimo! Stock actual: 45','2025-04-23 16:34:25',0),(179,'Producto rhefh bajo mínimo! Stock actual: 52','2025-04-23 16:34:25',0),(180,'Producto FRENO bajo mínimo! Stock actual: 25','2025-04-23 16:34:25',0),(181,'Producto filtro de aceite fz18 200 bajo mínimo! Stock actual: 4','2025-04-23 16:34:25',0),(182,'Producto pin pastilla freno set xt660 bajo mínimo! Stock actual: -47','2025-04-23 16:34:25',0),(183,'Producto fhdh bajo mínimo! Stock actual: 17','2025-04-23 16:34:25',0),(184,'Producto kit de arrastre cb 190r honda original bajo mínimo! Stock actual: 4','2025-04-23 16:34:25',0),(185,'Producto dulce bajo mínimo! Stock actual: 7','2025-04-23 16:34:25',0),(186,'Producto sdgdjhfgj bajo mínimo! Stock actual: 45','2025-04-23 16:34:25',0),(187,'Producto rhefh bajo mínimo! Stock actual: 52','2025-04-23 16:34:25',0),(188,'Producto FRENO bajo mínimo! Stock actual: 25','2025-04-23 16:34:25',0),(189,'Producto filtro de aceite fz18 200 bajo mínimo! Stock actual: 4','2025-04-23 16:34:25',0),(190,'Producto pin pastilla freno set xt660 bajo mínimo! Stock actual: -50','2025-04-23 16:34:25',0),(191,'Producto fhdh bajo mínimo! Stock actual: 17','2025-04-23 16:34:25',0),(192,'Producto kit de arrastre cb 190r honda original bajo mínimo! Stock actual: 4','2025-04-23 16:34:25',0),(193,'Producto dulce bajo mínimo! Stock actual: 7','2025-04-23 16:34:25',0),(194,'Producto sdgdjhfgj bajo mínimo! Stock actual: 45','2025-04-23 16:34:25',0),(195,'Producto rhefh bajo mínimo! Stock actual: 52','2025-04-23 16:34:26',0),(196,'Producto FRENO bajo mínimo! Stock actual: 25','2025-04-23 16:34:26',0),(197,'Producto filtro de aceite fz18 200 bajo mínimo! Stock actual: 4','2025-04-23 16:34:26',0),(198,'Producto pin pastilla freno set xt660 bajo mínimo! Stock actual: -53','2025-04-23 16:34:26',0),(199,'Producto fhdh bajo mínimo! Stock actual: 17','2025-04-23 16:34:26',0),(200,'Producto kit de arrastre cb 190r honda original bajo mínimo! Stock actual: 4','2025-04-23 16:34:26',0),(201,'Producto dulce bajo mínimo! Stock actual: 7','2025-04-23 16:34:26',0),(202,'Producto sdgdjhfgj bajo mínimo! Stock actual: 45','2025-04-23 16:34:26',0),(203,'Producto rhefh bajo mínimo! Stock actual: 51','2025-04-23 16:34:48',0),(204,'Producto FRENO bajo mínimo! Stock actual: 24','2025-04-23 16:34:48',0),(205,'Producto filtro de aceite fz18 200 bajo mínimo! Stock actual: 4','2025-04-23 16:34:48',0),(206,'Producto pin pastilla freno set xt660 bajo mínimo! Stock actual: -53','2025-04-23 16:34:48',0),(207,'Producto fhdh bajo mínimo! Stock actual: 17','2025-04-23 16:34:48',0),(208,'Producto kit de arrastre cb 190r honda original bajo mínimo! Stock actual: 4','2025-04-23 16:34:48',0),(209,'Producto dulce bajo mínimo! Stock actual: 7','2025-04-23 16:34:48',0),(210,'Producto sdgdjhfgj bajo mínimo! Stock actual: 45','2025-04-23 16:34:48',0),(211,'Producto rhefh bajo mínimo! Stock actual: 50','2025-04-23 16:34:50',0),(212,'Producto FRENO bajo mínimo! Stock actual: 23','2025-04-23 16:34:50',0),(213,'Producto filtro de aceite fz18 200 bajo mínimo! Stock actual: 4','2025-04-23 16:34:50',0),(214,'Producto pin pastilla freno set xt660 bajo mínimo! Stock actual: -53','2025-04-23 16:34:50',0),(215,'Producto fhdh bajo mínimo! Stock actual: 17','2025-04-23 16:34:50',0),(216,'Producto kit de arrastre cb 190r honda original bajo mínimo! Stock actual: 4','2025-04-23 16:34:50',0),(217,'Producto dulce bajo mínimo! Stock actual: 7','2025-04-23 16:34:50',0),(218,'Producto sdgdjhfgj bajo mínimo! Stock actual: 45','2025-04-23 16:34:50',0),(219,'Producto rhefh bajo mínimo! Stock actual: 49','2025-04-23 16:34:52',0),(220,'Producto FRENO bajo mínimo! Stock actual: 22','2025-04-23 16:34:52',0),(221,'Producto filtro de aceite fz18 200 bajo mínimo! Stock actual: 4','2025-04-23 16:34:52',0),(222,'Producto pin pastilla freno set xt660 bajo mínimo! Stock actual: -53','2025-04-23 16:34:52',0),(223,'Producto fhdh bajo mínimo! Stock actual: 17','2025-04-23 16:34:52',0),(224,'Producto kit de arrastre cb 190r honda original bajo mínimo! Stock actual: 4','2025-04-23 16:34:52',0),(225,'Producto dulce bajo mínimo! Stock actual: 7','2025-04-23 16:34:52',0),(226,'Producto sdgdjhfgj bajo mínimo! Stock actual: 45','2025-04-23 16:34:52',0),(227,'Producto rhefh bajo mínimo! Stock actual: 48','2025-04-23 16:34:53',0),(228,'Producto FRENO bajo mínimo! Stock actual: 21','2025-04-23 16:34:53',0),(229,'Producto filtro de aceite fz18 200 bajo mínimo! Stock actual: 4','2025-04-23 16:34:53',0),(230,'Producto pin pastilla freno set xt660 bajo mínimo! Stock actual: -53','2025-04-23 16:34:53',0),(231,'Producto fhdh bajo mínimo! Stock actual: 17','2025-04-23 16:34:53',0),(232,'Producto kit de arrastre cb 190r honda original bajo mínimo! Stock actual: 4','2025-04-23 16:34:53',0),(233,'Producto dulce bajo mínimo! Stock actual: 7','2025-04-23 16:34:53',0),(234,'Producto sdgdjhfgj bajo mínimo! Stock actual: 45','2025-04-23 16:34:53',0),(235,'Producto rhefh bajo mínimo! Stock actual: 47','2025-04-23 16:34:53',0),(236,'Producto FRENO bajo mínimo! Stock actual: 20','2025-04-23 16:34:53',0),(237,'Producto filtro de aceite fz18 200 bajo mínimo! Stock actual: 4','2025-04-23 16:34:53',0),(238,'Producto pin pastilla freno set xt660 bajo mínimo! Stock actual: -53','2025-04-23 16:34:53',0),(239,'Producto fhdh bajo mínimo! Stock actual: 17','2025-04-23 16:34:53',0),(240,'Producto kit de arrastre cb 190r honda original bajo mínimo! Stock actual: 4','2025-04-23 16:34:53',0),(241,'Producto dulce bajo mínimo! Stock actual: 7','2025-04-23 16:34:53',0),(242,'Producto sdgdjhfgj bajo mínimo! Stock actual: 45','2025-04-23 16:34:53',0),(243,'Producto rhefh bajo mínimo! Stock actual: 47','2025-04-23 16:38:08',0),(244,'Producto FRENO bajo mínimo! Stock actual: 20','2025-04-23 16:38:08',0),(245,'Producto filtro de aceite fz18 200 bajo mínimo! Stock actual: 4','2025-04-23 16:38:08',0),(246,'Producto pin pastilla freno set xt660 bajo mínimo! Stock actual: -56','2025-04-23 16:38:08',0),(247,'Producto fhdh bajo mínimo! Stock actual: 17','2025-04-23 16:38:08',0),(248,'Producto kit de arrastre cb 190r honda original bajo mínimo! Stock actual: 4','2025-04-23 16:38:08',0),(249,'Producto dulce bajo mínimo! Stock actual: 7','2025-04-23 16:38:08',0),(250,'Producto sdgdjhfgj bajo mínimo! Stock actual: 45','2025-04-23 16:38:08',0),(251,'Producto rhefh bajo mínimo! Stock actual: 47','2025-04-23 16:38:08',0),(252,'Producto FRENO bajo mínimo! Stock actual: 20','2025-04-23 16:38:08',0),(253,'Producto filtro de aceite fz18 200 bajo mínimo! Stock actual: 4','2025-04-23 16:38:08',0),(254,'Producto pin pastilla freno set xt660 bajo mínimo! Stock actual: -59','2025-04-23 16:38:08',0),(255,'Producto fhdh bajo mínimo! Stock actual: 17','2025-04-23 16:38:08',0),(256,'Producto kit de arrastre cb 190r honda original bajo mínimo! Stock actual: 4','2025-04-23 16:38:08',0),(257,'Producto dulce bajo mínimo! Stock actual: 7','2025-04-23 16:38:08',0),(258,'Producto sdgdjhfgj bajo mínimo! Stock actual: 45','2025-04-23 16:38:08',0),(259,'Producto rhefh bajo mínimo! Stock actual: 47','2025-04-23 16:38:08',0),(260,'Producto FRENO bajo mínimo! Stock actual: 20','2025-04-23 16:38:08',0),(261,'Producto filtro de aceite fz18 200 bajo mínimo! Stock actual: 4','2025-04-23 16:38:08',0),(262,'Producto pin pastilla freno set xt660 bajo mínimo! Stock actual: -62','2025-04-23 16:38:08',0),(263,'Producto fhdh bajo mínimo! Stock actual: 17','2025-04-23 16:38:08',0),(264,'Producto kit de arrastre cb 190r honda original bajo mínimo! Stock actual: 4','2025-04-23 16:38:08',0),(265,'Producto dulce bajo mínimo! Stock actual: 7','2025-04-23 16:38:08',0),(266,'Producto sdgdjhfgj bajo mínimo! Stock actual: 45','2025-04-23 16:38:08',0),(267,'Producto rhefh bajo mínimo! Stock actual: 47','2025-04-23 16:38:08',0),(268,'Producto FRENO bajo mínimo! Stock actual: 20','2025-04-23 16:38:08',0),(269,'Producto filtro de aceite fz18 200 bajo mínimo! Stock actual: 4','2025-04-23 16:38:08',0),(270,'Producto pin pastilla freno set xt660 bajo mínimo! Stock actual: -65','2025-04-23 16:38:08',0),(271,'Producto fhdh bajo mínimo! Stock actual: 17','2025-04-23 16:38:08',0),(272,'Producto kit de arrastre cb 190r honda original bajo mínimo! Stock actual: 4','2025-04-23 16:38:08',0),(273,'Producto dulce bajo mínimo! Stock actual: 7','2025-04-23 16:38:08',0),(274,'Producto sdgdjhfgj bajo mínimo! Stock actual: 45','2025-04-23 16:38:08',0),(275,'Producto rhefh bajo mínimo! Stock actual: 47','2025-04-23 16:38:09',0),(276,'Producto FRENO bajo mínimo! Stock actual: 20','2025-04-23 16:38:09',0),(277,'Producto filtro de aceite fz18 200 bajo mínimo! Stock actual: 4','2025-04-23 16:38:09',0),(278,'Producto pin pastilla freno set xt660 bajo mínimo! Stock actual: -68','2025-04-23 16:38:09',0),(279,'Producto fhdh bajo mínimo! Stock actual: 17','2025-04-23 16:38:09',0),(280,'Producto kit de arrastre cb 190r honda original bajo mínimo! Stock actual: 4','2025-04-23 16:38:09',0),(281,'Producto dulce bajo mínimo! Stock actual: 7','2025-04-23 16:38:09',0),(282,'Producto sdgdjhfgj bajo mínimo! Stock actual: 45','2025-04-23 16:38:09',0),(283,'Producto rhefh bajo mínimo! Stock actual: 47','2025-04-23 16:38:09',0),(284,'Producto FRENO bajo mínimo! Stock actual: 20','2025-04-23 16:38:09',0),(285,'Producto filtro de aceite fz18 200 bajo mínimo! Stock actual: 4','2025-04-23 16:38:09',0),(286,'Producto pin pastilla freno set xt660 bajo mínimo! Stock actual: -71','2025-04-23 16:38:09',0),(287,'Producto fhdh bajo mínimo! Stock actual: 17','2025-04-23 16:38:09',0),(288,'Producto kit de arrastre cb 190r honda original bajo mínimo! Stock actual: 4','2025-04-23 16:38:09',0),(289,'Producto dulce bajo mínimo! Stock actual: 7','2025-04-23 16:38:09',0),(290,'Producto sdgdjhfgj bajo mínimo! Stock actual: 45','2025-04-23 16:38:09',0),(291,'Producto rhefh bajo mínimo! Stock actual: 47','2025-04-23 16:38:09',0),(292,'Producto FRENO bajo mínimo! Stock actual: 20','2025-04-23 16:38:09',0),(293,'Producto filtro de aceite fz18 200 bajo mínimo! Stock actual: 4','2025-04-23 16:38:09',0),(294,'Producto pin pastilla freno set xt660 bajo mínimo! Stock actual: -74','2025-04-23 16:38:09',0),(295,'Producto fhdh bajo mínimo! Stock actual: 17','2025-04-23 16:38:09',0),(296,'Producto kit de arrastre cb 190r honda original bajo mínimo! Stock actual: 4','2025-04-23 16:38:09',0),(297,'Producto dulce bajo mínimo! Stock actual: 7','2025-04-23 16:38:09',0),(298,'Producto sdgdjhfgj bajo mínimo! Stock actual: 45','2025-04-23 16:38:09',0),(299,'Producto rhefh bajo mínimo! Stock actual: 47','2025-04-23 16:38:09',0),(300,'Producto FRENO bajo mínimo! Stock actual: 20','2025-04-23 16:38:09',0),(301,'Producto filtro de aceite fz18 200 bajo mínimo! Stock actual: 4','2025-04-23 16:38:09',0),(302,'Producto pin pastilla freno set xt660 bajo mínimo! Stock actual: -77','2025-04-23 16:38:09',0),(303,'Producto fhdh bajo mínimo! Stock actual: 17','2025-04-23 16:38:09',0),(304,'Producto kit de arrastre cb 190r honda original bajo mínimo! Stock actual: 4','2025-04-23 16:38:09',0),(305,'Producto dulce bajo mínimo! Stock actual: 7','2025-04-23 16:38:09',0),(306,'Producto sdgdjhfgj bajo mínimo! Stock actual: 45','2025-04-23 16:38:09',0),(307,'Producto rhefh bajo mínimo! Stock actual: 47','2025-04-23 16:38:12',0),(308,'Producto FRENO bajo mínimo! Stock actual: 20','2025-04-23 16:38:12',0),(309,'Producto filtro de aceite fz18 200 bajo mínimo! Stock actual: 4','2025-04-23 16:38:12',0),(310,'Producto pin pastilla freno set xt660 bajo mínimo! Stock actual: -80','2025-04-23 16:38:12',0),(311,'Producto fhdh bajo mínimo! Stock actual: 17','2025-04-23 16:38:12',0),(312,'Producto kit de arrastre cb 190r honda original bajo mínimo! Stock actual: 4','2025-04-23 16:38:12',0),(313,'Producto dulce bajo mínimo! Stock actual: 7','2025-04-23 16:38:12',0),(314,'Producto sdgdjhfgj bajo mínimo! Stock actual: 45','2025-04-23 16:38:12',0),(315,'Producto rhefh bajo mínimo! Stock actual: 47','2025-04-23 16:38:12',0),(316,'Producto FRENO bajo mínimo! Stock actual: 20','2025-04-23 16:38:12',0),(317,'Producto filtro de aceite fz18 200 bajo mínimo! Stock actual: 4','2025-04-23 16:38:12',1),(318,'Producto pin pastilla freno set xt660 bajo mínimo! Stock actual: -83','2025-04-23 16:38:12',0),(319,'Producto fhdh bajo mínimo! Stock actual: 17','2025-04-23 16:38:12',0),(320,'Producto kit de arrastre cb 190r honda original bajo mínimo! Stock actual: 4','2025-04-23 16:38:12',0),(321,'Producto dulce bajo mínimo! Stock actual: 7','2025-04-23 16:38:12',0),(322,'Producto sdgdjhfgj bajo mínimo! Stock actual: 45','2025-04-23 16:38:12',0),(323,'Producto rhefh bajo mínimo! Stock actual: 47','2025-04-23 16:38:36',0),(324,'Producto FRENO bajo mínimo! Stock actual: 19','2025-04-23 16:38:36',0),(325,'Producto filtro de aceite fz18 200 bajo mínimo! Stock actual: 4','2025-04-23 16:38:36',0),(326,'Producto pin pastilla freno set xt660 bajo mínimo! Stock actual: -83','2025-04-23 16:38:36',0),(327,'Producto fhdh bajo mínimo! Stock actual: 17','2025-04-23 16:38:36',0),(328,'Producto kit de arrastre cb 190r honda original bajo mínimo! Stock actual: 4','2025-04-23 16:38:36',0),(329,'Producto dulce bajo mínimo! Stock actual: 7','2025-04-23 16:38:36',0),(330,'Producto sdgdjhfgj bajo mínimo! Stock actual: 45','2025-04-23 16:38:36',0),(331,'Producto rhefh bajo mínimo! Stock actual: 47','2025-04-23 16:38:37',0),(332,'Producto FRENO bajo mínimo! Stock actual: 18','2025-04-23 16:38:37',0),(333,'Producto filtro de aceite fz18 200 bajo mínimo! Stock actual: 4','2025-04-23 16:38:37',0),(334,'Producto pin pastilla freno set xt660 bajo mínimo! Stock actual: -83','2025-04-23 16:38:37',0),(335,'Producto fhdh bajo mínimo! Stock actual: 17','2025-04-23 16:38:37',0),(336,'Producto kit de arrastre cb 190r honda original bajo mínimo! Stock actual: 4','2025-04-23 16:38:37',0),(337,'Producto dulce bajo mínimo! Stock actual: 7','2025-04-23 16:38:37',0),(338,'Producto sdgdjhfgj bajo mínimo! Stock actual: 45','2025-04-23 16:38:37',0),(339,'Producto rhefh bajo mínimo! Stock actual: 47','2025-04-23 16:38:37',0),(340,'Producto FRENO bajo mínimo! Stock actual: 17','2025-04-23 16:38:37',0),(341,'Producto filtro de aceite fz18 200 bajo mínimo! Stock actual: 4','2025-04-23 16:38:37',0),(342,'Producto pin pastilla freno set xt660 bajo mínimo! Stock actual: -83','2025-04-23 16:38:37',0),(343,'Producto fhdh bajo mínimo! Stock actual: 17','2025-04-23 16:38:37',0),(344,'Producto kit de arrastre cb 190r honda original bajo mínimo! Stock actual: 4','2025-04-23 16:38:37',0),(345,'Producto dulce bajo mínimo! Stock actual: 7','2025-04-23 16:38:37',0),(346,'Producto sdgdjhfgj bajo mínimo! Stock actual: 45','2025-04-23 16:38:37',0),(347,'Producto rhefh bajo mínimo! Stock actual: 47','2025-04-23 16:38:37',0),(348,'Producto FRENO bajo mínimo! Stock actual: 16','2025-04-23 16:38:37',0),(349,'Producto filtro de aceite fz18 200 bajo mínimo! Stock actual: 4','2025-04-23 16:38:37',0),(350,'Producto pin pastilla freno set xt660 bajo mínimo! Stock actual: -83','2025-04-23 16:38:37',0),(351,'Producto fhdh bajo mínimo! Stock actual: 17','2025-04-23 16:38:37',0),(352,'Producto kit de arrastre cb 190r honda original bajo mínimo! Stock actual: 4','2025-04-23 16:38:37',0),(353,'Producto dulce bajo mínimo! Stock actual: 7','2025-04-23 16:38:37',0),(354,'Producto sdgdjhfgj bajo mínimo! Stock actual: 45','2025-04-23 16:38:37',0),(355,'Producto rhefh bajo mínimo! Stock actual: 47','2025-04-23 16:38:37',0),(356,'Producto FRENO bajo mínimo! Stock actual: 15','2025-04-23 16:38:37',0),(357,'Producto filtro de aceite fz18 200 bajo mínimo! Stock actual: 4','2025-04-23 16:38:37',0),(358,'Producto pin pastilla freno set xt660 bajo mínimo! Stock actual: -83','2025-04-23 16:38:37',0),(359,'Producto fhdh bajo mínimo! Stock actual: 17','2025-04-23 16:38:37',0),(360,'Producto kit de arrastre cb 190r honda original bajo mínimo! Stock actual: 4','2025-04-23 16:38:37',0),(361,'Producto dulce bajo mínimo! Stock actual: 7','2025-04-23 16:38:37',0),(362,'Producto sdgdjhfgj bajo mínimo! Stock actual: 45','2025-04-23 16:38:37',0),(363,'Producto rhefh bajo mínimo! Stock actual: 47','2025-04-23 16:38:38',0),(364,'Producto FRENO bajo mínimo! Stock actual: 14','2025-04-23 16:38:38',0),(365,'Producto filtro de aceite fz18 200 bajo mínimo! Stock actual: 4','2025-04-23 16:38:38',0),(366,'Producto pin pastilla freno set xt660 bajo mínimo! Stock actual: -83','2025-04-23 16:38:38',0),(367,'Producto fhdh bajo mínimo! Stock actual: 17','2025-04-23 16:38:38',0),(368,'Producto kit de arrastre cb 190r honda original bajo mínimo! Stock actual: 4','2025-04-23 16:38:38',0),(369,'Producto dulce bajo mínimo! Stock actual: 7','2025-04-23 16:38:38',0),(370,'Producto sdgdjhfgj bajo mínimo! Stock actual: 45','2025-04-23 16:38:38',0),(371,'Producto rhefh bajo mínimo! Stock actual: 47','2025-04-23 16:38:38',0),(372,'Producto FRENO bajo mínimo! Stock actual: 13','2025-04-23 16:38:38',0),(373,'Producto filtro de aceite fz18 200 bajo mínimo! Stock actual: 4','2025-04-23 16:38:38',0),(374,'Producto pin pastilla freno set xt660 bajo mínimo! Stock actual: -83','2025-04-23 16:38:38',0),(375,'Producto fhdh bajo mínimo! Stock actual: 17','2025-04-23 16:38:38',0),(376,'Producto kit de arrastre cb 190r honda original bajo mínimo! Stock actual: 4','2025-04-23 16:38:38',0),(377,'Producto dulce bajo mínimo! Stock actual: 7','2025-04-23 16:38:38',0),(378,'Producto sdgdjhfgj bajo mínimo! Stock actual: 45','2025-04-23 16:38:38',0),(379,'Producto rhefh bajo mínimo! Stock actual: 47','2025-04-23 16:38:38',0),(380,'Producto FRENO bajo mínimo! Stock actual: 12','2025-04-23 16:38:38',0),(381,'Producto filtro de aceite fz18 200 bajo mínimo! Stock actual: 4','2025-04-23 16:38:38',0),(382,'Producto pin pastilla freno set xt660 bajo mínimo! Stock actual: -83','2025-04-23 16:38:38',0),(383,'Producto fhdh bajo mínimo! Stock actual: 17','2025-04-23 16:38:38',0),(384,'Producto kit de arrastre cb 190r honda original bajo mínimo! Stock actual: 4','2025-04-23 16:38:38',0),(385,'Producto dulce bajo mínimo! Stock actual: 7','2025-04-23 16:38:38',0),(386,'Producto sdgdjhfgj bajo mínimo! Stock actual: 45','2025-04-23 16:38:38',0),(387,'Producto rhefh bajo mínimo! Stock actual: 47','2025-04-23 16:38:38',0),(388,'Producto FRENO bajo mínimo! Stock actual: 11','2025-04-23 16:38:38',0),(389,'Producto filtro de aceite fz18 200 bajo mínimo! Stock actual: 4','2025-04-23 16:38:38',0),(390,'Producto pin pastilla freno set xt660 bajo mínimo! Stock actual: -83','2025-04-23 16:38:38',0),(391,'Producto fhdh bajo mínimo! Stock actual: 17','2025-04-23 16:38:38',0),(392,'Producto kit de arrastre cb 190r honda original bajo mínimo! Stock actual: 4','2025-04-23 16:38:38',0),(393,'Producto dulce bajo mínimo! Stock actual: 7','2025-04-23 16:38:38',0),(394,'Producto sdgdjhfgj bajo mínimo! Stock actual: 45','2025-04-23 16:38:38',0),(395,'Producto rhefh bajo mínimo! Stock actual: 47','2025-04-23 16:38:38',0),(396,'Producto FRENO bajo mínimo! Stock actual: 10','2025-04-23 16:38:38',0),(397,'Producto filtro de aceite fz18 200 bajo mínimo! Stock actual: 4','2025-04-23 16:38:38',0),(398,'Producto pin pastilla freno set xt660 bajo mínimo! Stock actual: -83','2025-04-23 16:38:38',0),(399,'Producto fhdh bajo mínimo! Stock actual: 17','2025-04-23 16:38:38',0),(400,'Producto kit de arrastre cb 190r honda original bajo mínimo! Stock actual: 4','2025-04-23 16:38:38',0),(401,'Producto dulce bajo mínimo! Stock actual: 7','2025-04-23 16:38:38',0),(402,'Producto sdgdjhfgj bajo mínimo! Stock actual: 45','2025-04-23 16:38:38',0),(403,'Producto rhefh bajo mínimo! Stock actual: 47','2025-04-23 16:38:39',0),(404,'Producto FRENO bajo mínimo! Stock actual: 9','2025-04-23 16:38:39',0),(405,'Producto filtro de aceite fz18 200 bajo mínimo! Stock actual: 4','2025-04-23 16:38:39',1),(406,'Producto pin pastilla freno set xt660 bajo mínimo! Stock actual: -83','2025-04-23 16:38:39',0),(407,'Producto fhdh bajo mínimo! Stock actual: 17','2025-04-23 16:38:39',0),(408,'Producto kit de arrastre cb 190r honda original bajo mínimo! Stock actual: 4','2025-04-23 16:38:39',0),(409,'Producto dulce bajo mínimo! Stock actual: 7','2025-04-23 16:38:39',0),(410,'Producto sdgdjhfgj bajo mínimo! Stock actual: 45','2025-04-23 16:38:39',0),(411,'Producto rhefh bajo mínimo! Stock actual: 47','2025-04-23 16:38:39',0),(412,'Producto FRENO bajo mínimo! Stock actual: 8','2025-04-23 16:38:39',0),(413,'Producto filtro de aceite fz18 200 bajo mínimo! Stock actual: 4','2025-04-23 16:38:39',0),(414,'Producto pin pastilla freno set xt660 bajo mínimo! Stock actual: -83','2025-04-23 16:38:39',0),(415,'Producto fhdh bajo mínimo! Stock actual: 17','2025-04-23 16:38:39',0),(416,'Producto kit de arrastre cb 190r honda original bajo mínimo! Stock actual: 4','2025-04-23 16:38:39',0),(417,'Producto dulce bajo mínimo! Stock actual: 7','2025-04-23 16:38:39',0),(418,'Producto sdgdjhfgj bajo mínimo! Stock actual: 45','2025-04-23 16:38:39',0),(419,'Producto rhefh bajo mínimo! Stock actual: 47','2025-04-23 16:41:14',0),(420,'Producto FRENO bajo mínimo! Stock actual: 8','2025-04-23 16:41:14',0),(421,'Producto filtro de aceite fz18 200 bajo mínimo! Stock actual: 4','2025-04-23 16:41:14',0),(422,'Producto pin pastilla freno set xt660 bajo mínimo! Stock actual: -83','2025-04-23 16:41:14',0),(423,'Producto fhdh bajo mínimo! Stock actual: 15','2025-04-23 16:41:14',0),(424,'Producto kit de arrastre cb 190r honda original bajo mínimo! Stock actual: 4','2025-04-23 16:41:14',0),(425,'Producto dulce bajo mínimo! Stock actual: 7','2025-04-23 16:41:14',0),(426,'Producto sdgdjhfgj bajo mínimo! Stock actual: 45','2025-04-23 16:41:14',0),(427,'Producto rhefh bajo mínimo! Stock actual: 47','2025-04-23 16:41:15',0),(428,'Producto FRENO bajo mínimo! Stock actual: 8','2025-04-23 16:41:15',0),(429,'Producto filtro de aceite fz18 200 bajo mínimo! Stock actual: 4','2025-04-23 16:41:15',0),(430,'Producto pin pastilla freno set xt660 bajo mínimo! Stock actual: -83','2025-04-23 16:41:15',0),(431,'Producto fhdh bajo mínimo! Stock actual: 13','2025-04-23 16:41:15',0),(432,'Producto kit de arrastre cb 190r honda original bajo mínimo! Stock actual: 4','2025-04-23 16:41:15',0),(433,'Producto dulce bajo mínimo! Stock actual: 7','2025-04-23 16:41:15',0),(434,'Producto sdgdjhfgj bajo mínimo! Stock actual: 45','2025-04-23 16:41:15',0),(435,'Producto rhefh bajo mínimo! Stock actual: 47','2025-04-23 16:41:16',0),(436,'Producto FRENO bajo mínimo! Stock actual: 8','2025-04-23 16:41:16',0),(437,'Producto filtro de aceite fz18 200 bajo mínimo! Stock actual: 4','2025-04-23 16:41:16',0),(438,'Producto pin pastilla freno set xt660 bajo mínimo! Stock actual: -83','2025-04-23 16:41:16',0),(439,'Producto fhdh bajo mínimo! Stock actual: 11','2025-04-23 16:41:16',0),(440,'Producto kit de arrastre cb 190r honda original bajo mínimo! Stock actual: 4','2025-04-23 16:41:16',0),(441,'Producto dulce bajo mínimo! Stock actual: 7','2025-04-23 16:41:16',0),(442,'Producto sdgdjhfgj bajo mínimo! Stock actual: 45','2025-04-23 16:41:16',0),(443,'Producto rhefh bajo mínimo! Stock actual: 47','2025-04-23 16:41:16',0),(444,'Producto FRENO bajo mínimo! Stock actual: 8','2025-04-23 16:41:16',0),(445,'Producto filtro de aceite fz18 200 bajo mínimo! Stock actual: 4','2025-04-23 16:41:16',0),(446,'Producto pin pastilla freno set xt660 bajo mínimo! Stock actual: -83','2025-04-23 16:41:16',0),(447,'Producto fhdh bajo mínimo! Stock actual: 9','2025-04-23 16:41:16',0),(448,'Producto kit de arrastre cb 190r honda original bajo mínimo! Stock actual: 4','2025-04-23 16:41:16',0),(449,'Producto dulce bajo mínimo! Stock actual: 7','2025-04-23 16:41:16',0),(450,'Producto sdgdjhfgj bajo mínimo! Stock actual: 45','2025-04-23 16:41:16',0),(451,'Producto rhefh bajo mínimo! Stock actual: 47','2025-04-23 16:41:16',0),(452,'Producto FRENO bajo mínimo! Stock actual: 8','2025-04-23 16:41:16',0),(453,'Producto filtro de aceite fz18 200 bajo mínimo! Stock actual: 4','2025-04-23 16:41:16',0),(454,'Producto pin pastilla freno set xt660 bajo mínimo! Stock actual: -83','2025-04-23 16:41:16',0),(455,'Producto fhdh bajo mínimo! Stock actual: 7','2025-04-23 16:41:16',0),(456,'Producto kit de arrastre cb 190r honda original bajo mínimo! Stock actual: 4','2025-04-23 16:41:16',0),(457,'Producto dulce bajo mínimo! Stock actual: 7','2025-04-23 16:41:16',0),(458,'Producto sdgdjhfgj bajo mínimo! Stock actual: 45','2025-04-23 16:41:16',0),(459,'Producto rhefh bajo mínimo! Stock actual: 47','2025-04-23 16:41:16',0),(460,'Producto FRENO bajo mínimo! Stock actual: 8','2025-04-23 16:41:16',0),(461,'Producto filtro de aceite fz18 200 bajo mínimo! Stock actual: 4','2025-04-23 16:41:16',0),(462,'Producto pin pastilla freno set xt660 bajo mínimo! Stock actual: -83','2025-04-23 16:41:16',0),(463,'Producto fhdh bajo mínimo! Stock actual: 5','2025-04-23 16:41:16',0),(464,'Producto kit de arrastre cb 190r honda original bajo mínimo! Stock actual: 4','2025-04-23 16:41:16',0),(465,'Producto dulce bajo mínimo! Stock actual: 7','2025-04-23 16:41:16',0),(466,'Producto sdgdjhfgj bajo mínimo! Stock actual: 45','2025-04-23 16:41:16',0),(467,'Producto rhefh bajo mínimo! Stock actual: 47','2025-04-23 16:41:16',0),(468,'Producto FRENO bajo mínimo! Stock actual: 8','2025-04-23 16:41:16',0),(469,'Producto filtro de aceite fz18 200 bajo mínimo! Stock actual: 4','2025-04-23 16:41:16',0),(470,'Producto pin pastilla freno set xt660 bajo mínimo! Stock actual: -83','2025-04-23 16:41:16',0),(471,'Producto fhdh bajo mínimo! Stock actual: 3','2025-04-23 16:41:16',0),(472,'Producto kit de arrastre cb 190r honda original bajo mínimo! Stock actual: 4','2025-04-23 16:41:16',0),(473,'Producto dulce bajo mínimo! Stock actual: 7','2025-04-23 16:41:16',0),(474,'Producto sdgdjhfgj bajo mínimo! Stock actual: 45','2025-04-23 16:41:16',0),(475,'Producto rhefh bajo mínimo! Stock actual: 47','2025-04-23 16:41:16',0),(476,'Producto FRENO bajo mínimo! Stock actual: 8','2025-04-23 16:41:16',0),(477,'Producto filtro de aceite fz18 200 bajo mínimo! Stock actual: 4','2025-04-23 16:41:16',0),(478,'Producto pin pastilla freno set xt660 bajo mínimo! Stock actual: -83','2025-04-23 16:41:16',0),(479,'Producto fhdh bajo mínimo! Stock actual: 1','2025-04-23 16:41:16',0),(480,'Producto kit de arrastre cb 190r honda original bajo mínimo! Stock actual: 4','2025-04-23 16:41:16',0),(481,'Producto dulce bajo mínimo! Stock actual: 7','2025-04-23 16:41:16',0),(482,'Producto sdgdjhfgj bajo mínimo! Stock actual: 45','2025-04-23 16:41:16',0),(483,'Producto rhefh bajo mínimo! Stock actual: 47','2025-04-23 16:41:17',0),(484,'Producto FRENO bajo mínimo! Stock actual: 8','2025-04-23 16:41:17',0),(485,'Producto filtro de aceite fz18 200 bajo mínimo! Stock actual: 4','2025-04-23 16:41:17',0),(486,'Producto pin pastilla freno set xt660 bajo mínimo! Stock actual: -83','2025-04-23 16:41:17',0),(487,'Producto fhdh bajo mínimo! Stock actual: -1','2025-04-23 16:41:17',0),(488,'Producto kit de arrastre cb 190r honda original bajo mínimo! Stock actual: 4','2025-04-23 16:41:17',0),(489,'Producto dulce bajo mínimo! Stock actual: 7','2025-04-23 16:41:17',0),(490,'Producto sdgdjhfgj bajo mínimo! Stock actual: 45','2025-04-23 16:41:17',0),(491,'Producto rhefh bajo mínimo! Stock actual: 47','2025-04-23 16:41:17',0),(492,'Producto FRENO bajo mínimo! Stock actual: 8','2025-04-23 16:41:17',0),(493,'Producto filtro de aceite fz18 200 bajo mínimo! Stock actual: 4','2025-04-23 16:41:17',0),(494,'Producto pin pastilla freno set xt660 bajo mínimo! Stock actual: -83','2025-04-23 16:41:17',0),(495,'Producto fhdh bajo mínimo! Stock actual: -3','2025-04-23 16:41:17',0),(496,'Producto kit de arrastre cb 190r honda original bajo mínimo! Stock actual: 4','2025-04-23 16:41:17',0),(497,'Producto dulce bajo mínimo! Stock actual: 7','2025-04-23 16:41:17',0),(498,'Producto sdgdjhfgj bajo mínimo! Stock actual: 45','2025-04-23 16:41:17',0),(499,'Producto rhefh bajo mínimo! Stock actual: 47','2025-04-23 16:41:17',0),(500,'Producto FRENO bajo mínimo! Stock actual: 8','2025-04-23 16:41:17',0),(501,'Producto filtro de aceite fz18 200 bajo mínimo! Stock actual: 4','2025-04-23 16:41:17',0),(502,'Producto pin pastilla freno set xt660 bajo mínimo! Stock actual: -83','2025-04-23 16:41:17',0),(503,'Producto fhdh bajo mínimo! Stock actual: -5','2025-04-23 16:41:17',0),(504,'Producto kit de arrastre cb 190r honda original bajo mínimo! Stock actual: 4','2025-04-23 16:41:17',0),(505,'Producto dulce bajo mínimo! Stock actual: 7','2025-04-23 16:41:17',0),(506,'Producto sdgdjhfgj bajo mínimo! Stock actual: 45','2025-04-23 16:41:17',0),(507,'Producto rhefh bajo mínimo! Stock actual: 47','2025-04-23 16:41:17',0),(508,'Producto FRENO bajo mínimo! Stock actual: 8','2025-04-23 16:41:17',0),(509,'Producto filtro de aceite fz18 200 bajo mínimo! Stock actual: 4','2025-04-23 16:41:17',0),(510,'Producto pin pastilla freno set xt660 bajo mínimo! Stock actual: -83','2025-04-23 16:41:17',0),(511,'Producto fhdh bajo mínimo! Stock actual: -7','2025-04-23 16:41:17',0),(512,'Producto kit de arrastre cb 190r honda original bajo mínimo! Stock actual: 4','2025-04-23 16:41:17',0),(513,'Producto dulce bajo mínimo! Stock actual: 7','2025-04-23 16:41:17',0),(514,'Producto sdgdjhfgj bajo mínimo! Stock actual: 45','2025-04-23 16:41:17',0),(515,'Producto rhefh bajo mínimo! Stock actual: 47','2025-04-23 16:41:18',0),(516,'Producto FRENO bajo mínimo! Stock actual: 8','2025-04-23 16:41:18',0),(517,'Producto filtro de aceite fz18 200 bajo mínimo! Stock actual: 4','2025-04-23 16:41:18',0),(518,'Producto pin pastilla freno set xt660 bajo mínimo! Stock actual: -83','2025-04-23 16:41:18',0),(519,'Producto fhdh bajo mínimo! Stock actual: -9','2025-04-23 16:41:18',0),(520,'Producto kit de arrastre cb 190r honda original bajo mínimo! Stock actual: 4','2025-04-23 16:41:18',0),(521,'Producto dulce bajo mínimo! Stock actual: 7','2025-04-23 16:41:18',0),(522,'Producto sdgdjhfgj bajo mínimo! Stock actual: 45','2025-04-23 16:41:18',0),(523,'Producto rhefh bajo mínimo! Stock actual: 47','2025-04-23 16:41:18',0),(524,'Producto FRENO bajo mínimo! Stock actual: 8','2025-04-23 16:41:18',0),(525,'Producto filtro de aceite fz18 200 bajo mínimo! Stock actual: 4','2025-04-23 16:41:18',0),(526,'Producto pin pastilla freno set xt660 bajo mínimo! Stock actual: -83','2025-04-23 16:41:18',0),(527,'Producto fhdh bajo mínimo! Stock actual: -11','2025-04-23 16:41:18',0),(528,'Producto kit de arrastre cb 190r honda original bajo mínimo! Stock actual: 4','2025-04-23 16:41:18',0),(529,'Producto dulce bajo mínimo! Stock actual: 7','2025-04-23 16:41:18',0),(530,'Producto sdgdjhfgj bajo mínimo! Stock actual: 45','2025-04-23 16:41:18',0),(531,'Producto rhefh bajo mínimo! Stock actual: 47','2025-04-23 16:41:18',0),(532,'Producto FRENO bajo mínimo! Stock actual: 8','2025-04-23 16:41:18',0),(533,'Producto filtro de aceite fz18 200 bajo mínimo! Stock actual: 4','2025-04-23 16:41:18',0),(534,'Producto pin pastilla freno set xt660 bajo mínimo! Stock actual: -83','2025-04-23 16:41:18',0),(535,'Producto fhdh bajo mínimo! Stock actual: -13','2025-04-23 16:41:18',0),(536,'Producto kit de arrastre cb 190r honda original bajo mínimo! Stock actual: 4','2025-04-23 16:41:18',0),(537,'Producto dulce bajo mínimo! Stock actual: 7','2025-04-23 16:41:18',0),(538,'Producto sdgdjhfgj bajo mínimo! Stock actual: 45','2025-04-23 16:41:18',0),(539,'Producto rhefh bajo mínimo! Stock actual: 47','2025-04-23 16:41:18',0),(540,'Producto FRENO bajo mínimo! Stock actual: 8','2025-04-23 16:41:18',0),(541,'Producto filtro de aceite fz18 200 bajo mínimo! Stock actual: 4','2025-04-23 16:41:18',0),(542,'Producto pin pastilla freno set xt660 bajo mínimo! Stock actual: -83','2025-04-23 16:41:18',0),(543,'Producto fhdh bajo mínimo! Stock actual: -15','2025-04-23 16:41:18',0),(544,'Producto kit de arrastre cb 190r honda original bajo mínimo! Stock actual: 4','2025-04-23 16:41:18',0),(545,'Producto dulce bajo mínimo! Stock actual: 7','2025-04-23 16:41:18',0),(546,'Producto sdgdjhfgj bajo mínimo! Stock actual: 45','2025-04-23 16:41:18',0),(547,'Producto rhefh bajo mínimo! Stock actual: 47','2025-04-23 16:43:36',0),(548,'Producto FRENO bajo mínimo! Stock actual: 8','2025-04-23 16:43:36',0),(549,'Producto filtro de aceite fz18 200 bajo mínimo! Stock actual: 4','2025-04-23 16:43:36',0),(550,'Producto pin pastilla freno set xt660 bajo mínimo! Stock actual: -83','2025-04-23 16:43:36',0),(551,'Producto fhdh bajo mínimo! Stock actual: -15','2025-04-23 16:43:36',0),(552,'Producto kit de arrastre cb 190r honda original bajo mínimo! Stock actual: 2','2025-04-23 16:43:36',0),(553,'Producto dulce bajo mínimo! Stock actual: 7','2025-04-23 16:43:36',0),(554,'Producto sdgdjhfgj bajo mínimo! Stock actual: 45','2025-04-23 16:43:36',0),(555,'Producto rhefh bajo mínimo! Stock actual: 47','2025-04-23 16:44:36',0),(556,'Producto FRENO bajo mínimo! Stock actual: 8','2025-04-23 16:44:36',0),(557,'Producto filtro de aceite fz18 200 bajo mínimo! Stock actual: 4','2025-04-23 16:44:36',0),(558,'Producto pin pastilla freno set xt660 bajo mínimo! Stock actual: -83','2025-04-23 16:44:36',0),(559,'Producto fhdh bajo mínimo! Stock actual: -15','2025-04-23 16:44:36',0),(560,'Producto kit de arrastre cb 190r honda original bajo mínimo! Stock actual: 1','2025-04-23 16:44:36',0),(561,'Producto dulce bajo mínimo! Stock actual: 7','2025-04-23 16:44:36',0),(562,'Producto sdgdjhfgj bajo mínimo! Stock actual: 45','2025-04-23 16:44:36',0),(563,'Producto rhefh bajo mínimo! Stock actual: 47','2025-04-23 16:44:36',0),(564,'Producto FRENO bajo mínimo! Stock actual: 8','2025-04-23 16:44:36',0),(565,'Producto filtro de aceite fz18 200 bajo mínimo! Stock actual: 4','2025-04-23 16:44:36',0),(566,'Producto pin pastilla freno set xt660 bajo mínimo! Stock actual: -83','2025-04-23 16:44:36',0),(567,'Producto fhdh bajo mínimo! Stock actual: -15','2025-04-23 16:44:36',0),(568,'Producto kit de arrastre cb 190r honda original bajo mínimo! Stock actual: 0','2025-04-23 16:44:36',0),(569,'Producto dulce bajo mínimo! Stock actual: 7','2025-04-23 16:44:36',0),(570,'Producto sdgdjhfgj bajo mínimo! Stock actual: 45','2025-04-23 16:44:36',0),(571,'Producto rhefh bajo mínimo! Stock actual: 47','2025-04-23 16:44:36',0),(572,'Producto FRENO bajo mínimo! Stock actual: 8','2025-04-23 16:44:36',0),(573,'Producto filtro de aceite fz18 200 bajo mínimo! Stock actual: 4','2025-04-23 16:44:36',0),(574,'Producto pin pastilla freno set xt660 bajo mínimo! Stock actual: -83','2025-04-23 16:44:36',0),(575,'Producto fhdh bajo mínimo! Stock actual: -15','2025-04-23 16:44:36',0),(576,'Producto kit de arrastre cb 190r honda original bajo mínimo! Stock actual: -1','2025-04-23 16:44:36',0),(577,'Producto dulce bajo mínimo! Stock actual: 7','2025-04-23 16:44:36',0),(578,'Producto sdgdjhfgj bajo mínimo! Stock actual: 45','2025-04-23 16:44:36',0),(579,'Producto rhefh bajo mínimo! Stock actual: 47','2025-04-23 16:44:36',0),(580,'Producto FRENO bajo mínimo! Stock actual: 8','2025-04-23 16:44:36',0),(581,'Producto filtro de aceite fz18 200 bajo mínimo! Stock actual: 4','2025-04-23 16:44:36',0),(582,'Producto pin pastilla freno set xt660 bajo mínimo! Stock actual: -83','2025-04-23 16:44:36',0),(583,'Producto fhdh bajo mínimo! Stock actual: -15','2025-04-23 16:44:36',0),(584,'Producto kit de arrastre cb 190r honda original bajo mínimo! Stock actual: -2','2025-04-23 16:44:36',0),(585,'Producto dulce bajo mínimo! Stock actual: 7','2025-04-23 16:44:36',0),(586,'Producto sdgdjhfgj bajo mínimo! Stock actual: 45','2025-04-23 16:44:36',0),(587,'Producto rhefh bajo mínimo! Stock actual: 47','2025-04-23 16:44:37',0),(588,'Producto FRENO bajo mínimo! Stock actual: 8','2025-04-23 16:44:37',0),(589,'Producto filtro de aceite fz18 200 bajo mínimo! Stock actual: 4','2025-04-23 16:44:37',0),(590,'Producto pin pastilla freno set xt660 bajo mínimo! Stock actual: -83','2025-04-23 16:44:37',0),(591,'Producto fhdh bajo mínimo! Stock actual: -15','2025-04-23 16:44:37',0),(592,'Producto kit de arrastre cb 190r honda original bajo mínimo! Stock actual: -3','2025-04-23 16:44:37',0),(593,'Producto dulce bajo mínimo! Stock actual: 7','2025-04-23 16:44:37',0),(594,'Producto sdgdjhfgj bajo mínimo! Stock actual: 45','2025-04-23 16:44:37',0),(595,'Producto rhefh bajo mínimo! Stock actual: 47','2025-04-23 16:44:37',0),(596,'Producto FRENO bajo mínimo! Stock actual: 8','2025-04-23 16:44:37',0),(597,'Producto filtro de aceite fz18 200 bajo mínimo! Stock actual: 4','2025-04-23 16:44:37',0),(598,'Producto pin pastilla freno set xt660 bajo mínimo! Stock actual: -83','2025-04-23 16:44:37',0),(599,'Producto fhdh bajo mínimo! Stock actual: -15','2025-04-23 16:44:37',0),(600,'Producto kit de arrastre cb 190r honda original bajo mínimo! Stock actual: -4','2025-04-23 16:44:37',0),(601,'Producto dulce bajo mínimo! Stock actual: 7','2025-04-23 16:44:37',0),(602,'Producto sdgdjhfgj bajo mínimo! Stock actual: 45','2025-04-23 16:44:37',0),(603,'Producto rhefh bajo mínimo! Stock actual: 47','2025-04-23 16:44:38',0),(604,'Producto FRENO bajo mínimo! Stock actual: 8','2025-04-23 16:44:38',0),(605,'Producto filtro de aceite fz18 200 bajo mínimo! Stock actual: 4','2025-04-23 16:44:38',0),(606,'Producto pin pastilla freno set xt660 bajo mínimo! Stock actual: -83','2025-04-23 16:44:38',0),(607,'Producto fhdh bajo mínimo! Stock actual: -15','2025-04-23 16:44:38',0),(608,'Producto kit de arrastre cb 190r honda original bajo mínimo! Stock actual: -5','2025-04-23 16:44:38',0),(609,'Producto dulce bajo mínimo! Stock actual: 7','2025-04-23 16:44:38',0),(610,'Producto sdgdjhfgj bajo mínimo! Stock actual: 45','2025-04-23 16:44:38',0),(611,'Producto rhefh bajo mínimo! Stock actual: 46','2025-04-23 16:45:08',1),(612,'Producto FRENO bajo mínimo! Stock actual: 8','2025-04-23 16:45:08',0),(613,'Producto filtro de aceite fz18 200 bajo mínimo! Stock actual: 4','2025-04-23 16:45:08',0),(614,'Producto pin pastilla freno set xt660 bajo mínimo! Stock actual: -83','2025-04-23 16:45:08',0),(615,'Producto fhdh bajo mínimo! Stock actual: -15','2025-04-23 16:45:08',0),(616,'Producto kit de arrastre cb 190r honda original bajo mínimo! Stock actual: -5','2025-04-23 16:45:08',0),(617,'Producto dulce bajo mínimo! Stock actual: 7','2025-04-23 16:45:08',0),(618,'Producto sdgdjhfgj bajo mínimo! Stock actual: 45','2025-04-23 16:45:08',0),(619,'Producto rhefh bajo mínimo! Stock actual: 46','2025-04-24 16:24:36',1),(620,'Producto FRENO bajo mínimo! Stock actual: 8','2025-04-24 16:24:36',1),(621,'Producto filtro de aceite fz18 200 bajo mínimo! Stock actual: 4','2025-04-24 16:24:36',1),(622,'Producto pin pastilla freno set xt660 bajo mínimo! Stock actual: -83','2025-04-24 16:24:36',1),(623,'Producto fhdh bajo mínimo! Stock actual: -15','2025-04-24 16:24:36',0),(624,'Producto kit de arrastre cb 190r honda original bajo mínimo! Stock actual: -5','2025-04-24 16:24:36',0),(625,'Producto dulce bajo mínimo! Stock actual: 6','2025-04-24 16:24:36',0),(626,'Producto sdgdjhfgj bajo mínimo! Stock actual: 45','2025-04-24 16:24:36',0),(627,'Producto rhefh bajo mínimo! Stock actual: 46','2025-04-24 16:24:49',1),(628,'Producto FRENO bajo mínimo! Stock actual: 8','2025-04-24 16:24:49',1),(629,'Producto filtro de aceite fz18 200 bajo mínimo! Stock actual: 4','2025-04-24 16:24:49',1),(630,'Producto pin pastilla freno set xt660 bajo mínimo! Stock actual: -83','2025-04-24 16:24:49',1),(631,'Producto fhdh bajo mínimo! Stock actual: -15','2025-04-24 16:24:49',1),(632,'Producto kit de arrastre cb 190r honda original bajo mínimo! Stock actual: -5','2025-04-24 16:24:49',1),(633,'Producto dulce bajo mínimo! Stock actual: 5','2025-04-24 16:24:49',1),(634,'Producto sdgdjhfgj bajo mínimo! Stock actual: 45','2025-04-24 16:24:49',1),(635,'Producto rhefh bajo mínimo! Stock actual: 46','2025-04-24 16:31:44',1),(636,'Producto FRENO bajo mínimo! Stock actual: 8','2025-04-24 16:31:44',1),(637,'Producto filtro de aceite fz18 200 bajo mínimo! Stock actual: 4','2025-04-24 16:31:44',1),(638,'Producto pin pastilla freno set xt660 bajo mínimo! Stock actual: -83','2025-04-24 16:31:44',1),(639,'Producto fhdh bajo mínimo! Stock actual: -15','2025-04-24 16:31:44',1),(640,'Producto kit de arrastre cb 190r honda original bajo mínimo! Stock actual: -5','2025-04-24 16:31:44',1),(641,'Producto dulce bajo mínimo! Stock actual: 4','2025-04-24 16:31:44',1),(642,'Producto sdgdjhfgj bajo mínimo! Stock actual: 45','2025-04-24 16:31:44',1),(643,'Producto rhefh bajo mínimo! Stock actual: 46','2025-04-29 11:45:18',0),(644,'Producto FRENO bajo mínimo! Stock actual: 8','2025-04-29 11:45:18',0),(645,'Producto filtro de aceite fz18 200 bajo mínimo! Stock actual: 0','2025-04-29 11:45:18',0),(646,'Producto pin pastilla freno set xt660 bajo mínimo! Stock actual: -83','2025-04-29 11:45:18',0),(647,'Producto fhdh bajo mínimo! Stock actual: -15','2025-04-29 11:45:18',0),(648,'Producto kit de arrastre cb 190r honda original bajo mínimo! Stock actual: -5','2025-04-29 11:45:18',0),(649,'Producto dulce bajo mínimo! Stock actual: 4','2025-04-29 11:45:18',0),(650,'Producto sdgdjhfgj bajo mínimo! Stock actual: 45','2025-04-29 11:45:18',0),(651,'Producto rhefh bajo mínimo! Stock actual: 46','2025-04-29 11:52:31',0),(652,'Producto FRENO bajo mínimo! Stock actual: 7','2025-04-29 11:52:31',0),(653,'Producto filtro de aceite fz18 200 bajo mínimo! Stock actual: 0','2025-04-29 11:52:31',0),(654,'Producto pin pastilla freno set xt660 bajo mínimo! Stock actual: -83','2025-04-29 11:52:31',0),(655,'Producto fhdh bajo mínimo! Stock actual: -15','2025-04-29 11:52:31',0),(656,'Producto kit de arrastre cb 190r honda original bajo mínimo! Stock actual: -5','2025-04-29 11:52:31',0),(657,'Producto dulce bajo mínimo! Stock actual: 4','2025-04-29 11:52:31',0),(658,'Producto sdgdjhfgj bajo mínimo! Stock actual: 45','2025-04-29 11:52:31',0),(659,'Producto rhefh bajo mínimo! Stock actual: 45','2025-04-29 11:55:12',0),(660,'Producto FRENO bajo mínimo! Stock actual: 7','2025-04-29 11:55:12',0),(661,'Producto filtro de aceite fz18 200 bajo mínimo! Stock actual: 0','2025-04-29 11:55:12',0),(662,'Producto pin pastilla freno set xt660 bajo mínimo! Stock actual: -83','2025-04-29 11:55:12',0),(663,'Producto fhdh bajo mínimo! Stock actual: -15','2025-04-29 11:55:12',0),(664,'Producto kit de arrastre cb 190r honda original bajo mínimo! Stock actual: -5','2025-04-29 11:55:12',0),(665,'Producto dulce bajo mínimo! Stock actual: 4','2025-04-29 11:55:12',0),(666,'Producto sdgdjhfgj bajo mínimo! Stock actual: 45','2025-04-29 11:55:12',0),(667,'Producto rhefh bajo mínimo! Stock actual: 45','2025-04-29 11:57:07',0),(668,'Producto FRENO bajo mínimo! Stock actual: 7','2025-04-29 11:57:07',0),(669,'Producto filtro de aceite fz18 200 bajo mínimo! Stock actual: 0','2025-04-29 11:57:07',0),(670,'Producto pin pastilla freno set xt660 bajo mínimo! Stock actual: -83','2025-04-29 11:57:07',0),(671,'Producto fhdh bajo mínimo! Stock actual: -15','2025-04-29 11:57:07',0),(672,'Producto kit de arrastre cb 190r honda original bajo mínimo! Stock actual: -5','2025-04-29 11:57:07',0),(673,'Producto dulce bajo mínimo! Stock actual: 4','2025-04-29 11:57:07',0),(674,'Producto sdgdjhfgj bajo mínimo! Stock actual: 45','2025-04-29 11:57:07',0),(675,'Producto rhefh bajo mínimo! Stock actual: 45','2025-04-29 11:58:34',1),(676,'Producto FRENO bajo mínimo! Stock actual: 7','2025-04-29 11:58:34',1),(677,'Producto filtro de aceite fz18 200 bajo mínimo! Stock actual: 0','2025-04-29 11:58:34',1),(678,'Producto pin pastilla freno set xt660 bajo mínimo! Stock actual: -83','2025-04-29 11:58:34',1),(679,'Producto fhdh bajo mínimo! Stock actual: -15','2025-04-29 11:58:34',0),(680,'Producto kit de arrastre cb 190r honda original bajo mínimo! Stock actual: -5','2025-04-29 11:58:34',0),(681,'Producto dulce bajo mínimo! Stock actual: 4','2025-04-29 11:58:34',0),(682,'Producto sdgdjhfgj bajo mínimo! Stock actual: 45','2025-04-29 11:58:34',0),(683,'Producto rhefh bajo mínimo! Stock actual: 45','2025-04-29 11:59:47',1),(684,'Producto FRENO bajo mínimo! Stock actual: 7','2025-04-29 11:59:47',1),(685,'Producto filtro de aceite fz18 200 bajo mínimo! Stock actual: 0','2025-04-29 11:59:47',1),(686,'Producto pin pastilla freno set xt660 bajo mínimo! Stock actual: -83','2025-04-29 11:59:47',1),(687,'Producto fhdh bajo mínimo! Stock actual: -15','2025-04-29 11:59:47',1),(688,'Producto kit de arrastre cb 190r honda original bajo mínimo! Stock actual: -5','2025-04-29 11:59:47',1),(689,'Producto dulce bajo mínimo! Stock actual: 4','2025-04-29 11:59:47',1),(690,'Producto sdgdjhfgj bajo mínimo! Stock actual: 45','2025-04-29 11:59:47',1),(691,'Producto rhefh bajo mínimo! Stock actual: 45','2025-04-29 12:00:30',1),(692,'Producto FRENO bajo mínimo! Stock actual: 7','2025-04-29 12:00:30',1),(693,'Producto filtro de aceite fz18 200 bajo mínimo! Stock actual: 0','2025-04-29 12:00:30',1),(694,'Producto pin pastilla freno set xt660 bajo mínimo! Stock actual: -83','2025-04-29 12:00:30',1),(695,'Producto fhdh bajo mínimo! Stock actual: -15','2025-04-29 12:00:30',1),(696,'Producto kit de arrastre cb 190r honda original bajo mínimo! Stock actual: -5','2025-04-29 12:00:30',1),(697,'Producto dulce bajo mínimo! Stock actual: 4','2025-04-29 12:00:30',1),(698,'Producto sdgdjhfgj bajo mínimo! Stock actual: 45','2025-04-29 12:00:30',1);
/*!40000 ALTER TABLE `notificaciones` ENABLE KEYS */;
UNLOCK TABLES;

--
-- Table structure for table `permiso`
--

DROP TABLE IF EXISTS `permiso`;
/*!40101 SET @saved_cs_client     = @@character_set_client */;
/*!40101 SET character_set_client = utf8 */;
CREATE TABLE `permiso` (
  `id` int(11) NOT NULL AUTO_INCREMENT,
  `nombre` varchar(50) NOT NULL,
  PRIMARY KEY (`id`)
) ENGINE=InnoDB AUTO_INCREMENT=24 DEFAULT CHARSET=utf8mb4 COLLATE=utf8mb4_general_ci;
/*!40101 SET character_set_client = @saved_cs_client */;

--
-- Dumping data for table `permiso`
--

LOCK TABLES `permiso` WRITE;
/*!40000 ALTER TABLE `permiso` DISABLE KEYS */;
INSERT INTO `permiso` VALUES (1,'PRODUCTO'),(2,'Crear Producto'),(3,'Actualizar Producto'),(4,'Categorias'),(5,'Ubicacion'),(6,'Marca'),(7,'PROVEEDOR'),(8,'Crear Proveedor'),(9,'Actualizar Proveedor'),(10,'Lista Proveedor'),(11,'INVENTARIO'),(12,'Lista de Productos'),(13,'FACTURA'),(14,'Venta'),(15,'Reporte'),(16,'USUARIO'),(17,'Informacion'),(18,'CONFIGURACION'),(19,'Stock'),(20,'Gestion de usuarios'),(21,'Personalizacion de Reportes'),(22,'Notificaciones de Stock'),(23,'Frecuencia Automatica de Reportes');
/*!40000 ALTER TABLE `permiso` ENABLE KEYS */;
UNLOCK TABLES;

--
-- Table structure for table `producto`
--

DROP TABLE IF EXISTS `producto`;
/*!40101 SET @saved_cs_client     = @@character_set_client */;
/*!40101 SET character_set_client = utf8 */;
CREATE TABLE `producto` (
  `codigo1` int(11) NOT NULL,
  `codigo2` int(50) NOT NULL,
  `nombre` varchar(45) NOT NULL,
  `iva` double NOT NULL,
  `precio1` double NOT NULL,
  `precio2` double NOT NULL,
  `precio3` double NOT NULL,
  `cantidad` int(11) NOT NULL,
  `descripcion` text NOT NULL,
  `Categoria_codigo` int(11) NOT NULL,
  `Marca_codigo` int(11) NOT NULL,
  `UnidadMedida_codigo` int(11) NOT NULL,
  `Ubicacion_codigo` int(11) NOT NULL,
  `proveedor_nit` int(11) NOT NULL,
  PRIMARY KEY (`codigo1`),
  KEY `fk_Producto_Categoria1_idx` (`Categoria_codigo`),
  KEY `fk_Producto_Marca1_idx` (`Marca_codigo`),
  KEY `fk_Producto_UnidadMedida1_idx` (`UnidadMedida_codigo`),
  KEY `fk_Producto_Ubicacion1_idx` (`Ubicacion_codigo`),
  KEY `proveedor_nit` (`proveedor_nit`) USING BTREE,
  CONSTRAINT `fk_Producto_Categoria1` FOREIGN KEY (`Categoria_codigo`) REFERENCES `categoria` (`codigo`) ON DELETE NO ACTION ON UPDATE NO ACTION,
  CONSTRAINT `fk_Producto_Marca1` FOREIGN KEY (`Marca_codigo`) REFERENCES `marca` (`codigo`) ON DELETE NO ACTION ON UPDATE NO ACTION,
  CONSTRAINT `fk_Producto_Proveedor1` FOREIGN KEY (`proveedor_nit`) REFERENCES `proveedor` (`nit`) ON DELETE NO ACTION ON UPDATE NO ACTION,
  CONSTRAINT `fk_Producto_Ubicacion1` FOREIGN KEY (`Ubicacion_codigo`) REFERENCES `ubicacion` (`codigo`) ON DELETE NO ACTION ON UPDATE NO ACTION,
  CONSTRAINT `fk_Producto_UnidadMedida1` FOREIGN KEY (`UnidadMedida_codigo`) REFERENCES `unidadmedida` (`codigo`) ON DELETE NO ACTION ON UPDATE NO ACTION
) ENGINE=InnoDB DEFAULT CHARSET=utf8 COLLATE=utf8_general_ci;
/*!40101 SET character_set_client = @saved_cs_client */;

--
-- Dumping data for table `producto`
--

LOCK TABLES `producto` WRITE;
/*!40000 ALTER TABLE `producto` DISABLE KEYS */;
INSERT INTO `producto` VALUES (564,0,'filtro de aceite fz18 200',19,18462,9515159,453543,0,'asmknd kjas dkja sjkd kjas dkj sakjc jkas ckj sakjc ksa kc jsac',2,2,1,4,9298),(745,0,'pin pastilla freno set xt660',19,860,8191915981,5119191,-83,'nn',2,2,2,2,45686),(895,0,'fhdh',15,194941,54949,59849,-15,'fdhdfh',4,4,2,3,753),(954,0,'kit de arrastre cb 190r honda original',19,1659,6516516516,651651651,-5,'dlgknsodnvosdnvoknsdklnvlksdmnvmsdomvnk',2,5,1,4,648465165),(1204,0,'dulce',19,3456346,876876,8757865,4,'r6utr6utryjtryujty',2,2,1,3,9298),(1564,0,'sdgdjhfgj',18,49494,5000000,4800000,45,'no se bndad',5,3,2,3,753);
/*!40000 ALTER TABLE `producto` ENABLE KEYS */;
UNLOCK TABLES;

--
-- Table structure for table `producto_factura`
--

DROP TABLE IF EXISTS `producto_factura`;
/*!40101 SET @saved_cs_client     = @@character_set_client */;
/*!40101 SET character_set_client = utf8 */;
CREATE TABLE `producto_factura` (
  `id` int(11) NOT NULL AUTO_INCREMENT,
  `Factura_codigo` int(11) NOT NULL,
  `Producto_codigo` int(11) NOT NULL,
  `cantidad` int(11) NOT NULL,
  `precioUnitario` double NOT NULL,
  PRIMARY KEY (`id`),
  KEY `Factura_codigo` (`Factura_codigo`),
  KEY `producto_factura_ibfk_2` (`Producto_codigo`),
  CONSTRAINT `producto_factura_ibfk_1` FOREIGN KEY (`Factura_codigo`) REFERENCES `factura` (`codigo`),
  CONSTRAINT `producto_factura_ibfk_2` FOREIGN KEY (`Producto_codigo`) REFERENCES `producto` (`codigo1`) ON DELETE CASCADE
) ENGINE=InnoDB AUTO_INCREMENT=168 DEFAULT CHARSET=utf8mb4 COLLATE=utf8mb4_general_ci;
/*!40101 SET character_set_client = @saved_cs_client */;

--
-- Dumping data for table `producto_factura`
--

LOCK TABLES `producto_factura` WRITE;
/*!40000 ALTER TABLE `producto_factura` DISABLE KEYS */;
INSERT INTO `producto_factura` VALUES (77,71,745,1,8191),(78,71,895,1,54949),(79,71,954,1,6516),(80,72,954,1,6516),(81,72,895,1,54949),(82,73,745,3,8191),(83,74,745,3,8191),(84,75,745,3,8191),(85,76,745,3,8191),(86,77,745,3,8191),(87,78,745,3,8191),(88,79,745,3,8191),(89,80,745,3,8191),(90,81,745,3,8191),(91,82,745,3,8191),(92,83,745,3,8191),(93,84,745,3,8191),(94,85,745,3,8191),(95,86,745,3,8191),(96,87,745,3,8191),(97,88,745,3,8191),(98,89,745,3,8191),(99,90,745,3,8191),(100,91,745,3,8191),(111,97,745,3,8191),(112,98,745,3,8191),(113,99,745,3,8191),(114,100,745,3,8191),(115,101,745,3,8191),(116,102,745,3,8191),(117,103,745,3,8191),(118,104,745,3,8191),(119,105,745,3,8191),(120,106,745,3,8191),(133,119,895,2,54949),(134,120,895,2,54949),(135,121,895,2,54949),(136,122,895,2,54949),(137,123,895,2,54949),(138,124,895,2,54949),(139,125,895,2,54949),(140,126,895,2,54949),(141,127,895,2,54949),(142,128,895,2,54949),(143,129,895,2,54949),(144,130,895,2,54949),(145,131,895,2,54949),(146,132,895,2,54949),(147,133,895,2,54949),(148,134,895,2,54949),(149,135,954,2,6516),(150,136,954,1,6516),(151,137,954,1,6516),(152,138,954,1,6516),(153,139,954,1,6516),(154,140,954,1,6516),(155,141,954,1,6516),(156,142,954,1,6516),(158,144,1204,1,876876),(159,145,1204,1,876876),(160,146,1204,1,876876),(161,147,564,4,9515);
/*!40000 ALTER TABLE `producto_factura` ENABLE KEYS */;
UNLOCK TABLES;

--
-- Table structure for table `producto_has_factura`
--

DROP TABLE IF EXISTS `producto_has_factura`;
/*!40101 SET @saved_cs_client     = @@character_set_client */;
/*!40101 SET character_set_client = utf8 */;
CREATE TABLE `producto_has_factura` (
  `Producto_codigo` int(11) NOT NULL,
  `Factura_codigo` int(11) NOT NULL,
  `cantidad` int(11) NOT NULL,
  `precioUnitario` double NOT NULL,
  PRIMARY KEY (`Producto_codigo`,`Factura_codigo`),
  KEY `fk_Producto_has_Factura_Factura1_idx` (`Factura_codigo`),
  KEY `fk_Producto_has_Factura_Producto1_idx` (`Producto_codigo`),
  CONSTRAINT `fk_Producto_has_Factura_Factura1` FOREIGN KEY (`Factura_codigo`) REFERENCES `factura` (`codigo`) ON DELETE NO ACTION ON UPDATE NO ACTION,
  CONSTRAINT `fk_Producto_has_Factura_Producto1` FOREIGN KEY (`Producto_codigo`) REFERENCES `producto` (`codigo1`) ON DELETE NO ACTION ON UPDATE NO ACTION
) ENGINE=InnoDB DEFAULT CHARSET=utf8 COLLATE=utf8_general_ci;
/*!40101 SET character_set_client = @saved_cs_client */;

--
-- Dumping data for table `producto_has_factura`
--

LOCK TABLES `producto_has_factura` WRITE;
/*!40000 ALTER TABLE `producto_has_factura` DISABLE KEYS */;
/*!40000 ALTER TABLE `producto_has_factura` ENABLE KEYS */;
UNLOCK TABLES;

--
-- Table structure for table `proveedor`
--

DROP TABLE IF EXISTS `proveedor`;
/*!40101 SET @saved_cs_client     = @@character_set_client */;
/*!40101 SET character_set_client = utf8 */;
CREATE TABLE `proveedor` (
  `nit` int(11) NOT NULL,
  `nombre` varchar(45) NOT NULL,
  `telefono` varchar(13) NOT NULL,
  `direccion` varchar(100) NOT NULL,
  `correo` varchar(45) NOT NULL,
  `estado` enum('activo','inactivo') NOT NULL,
  PRIMARY KEY (`nit`)
) ENGINE=InnoDB DEFAULT CHARSET=utf8 COLLATE=utf8_general_ci;
/*!40101 SET character_set_client = @saved_cs_client */;

--
-- Dumping data for table `proveedor`
--

LOCK TABLES `proveedor` WRITE;
/*!40000 ALTER TABLE `proveedor` DISABLE KEYS */;
INSERT INTO `proveedor` VALUES (87,'nose','3227066829','dfgdrdh','dghfghfgh@gjmidf','activo'),(753,'nnkd','987','calle 86','victori1547@gmail.com','activo'),(9298,'suzuki','369','cra 17 n 37 -2 20','suzuki20@gmail.com','activo'),(45686,'akt','32312613','cra 16 a n 45 -30','aktparte@gmail.com','activo'),(89849,'bmw','94945151','cra 10 n 48 - 23','bmwpartes@gmail.com','activo'),(648465165,'HONDA','9528161','cra20 n 37 -18','hondapartes@gmail.com','activo');
/*!40000 ALTER TABLE `proveedor` ENABLE KEYS */;
UNLOCK TABLES;

--
-- Table structure for table `ubicacion`
--

DROP TABLE IF EXISTS `ubicacion`;
/*!40101 SET @saved_cs_client     = @@character_set_client */;
/*!40101 SET character_set_client = utf8 */;
CREATE TABLE `ubicacion` (
  `codigo` int(11) NOT NULL,
  `nombre` varchar(45) NOT NULL,
  PRIMARY KEY (`codigo`)
) ENGINE=InnoDB DEFAULT CHARSET=utf8 COLLATE=utf8_general_ci;
/*!40101 SET character_set_client = @saved_cs_client */;

--
-- Dumping data for table `ubicacion`
--

LOCK TABLES `ubicacion` WRITE;
/*!40000 ALTER TABLE `ubicacion` DISABLE KEYS */;
INSERT INTO `ubicacion` VALUES (1,'estanteria 4'),(2,'pasillo 4 '),(3,'cajon 3'),(4,'columna 23'),(5,'prueba'),(45,'b34');
/*!40000 ALTER TABLE `ubicacion` ENABLE KEYS */;
UNLOCK TABLES;

--
-- Table structure for table `unidadmedida`
--

DROP TABLE IF EXISTS `unidadmedida`;
/*!40101 SET @saved_cs_client     = @@character_set_client */;
/*!40101 SET character_set_client = utf8 */;
CREATE TABLE `unidadmedida` (
  `codigo` int(11) NOT NULL,
  `nombre` varchar(45) NOT NULL,
  PRIMARY KEY (`codigo`)
) ENGINE=InnoDB DEFAULT CHARSET=utf8 COLLATE=utf8_general_ci;
/*!40101 SET character_set_client = @saved_cs_client */;

--
-- Dumping data for table `unidadmedida`
--

LOCK TABLES `unidadmedida` WRITE;
/*!40000 ALTER TABLE `unidadmedida` DISABLE KEYS */;
INSERT INTO `unidadmedida` VALUES (1,'unidad'),(2,'unidades'),(3,'unidades'),(4,'unidades'),(5,'unidades');
/*!40000 ALTER TABLE `unidadmedida` ENABLE KEYS */;
UNLOCK TABLES;

--
-- Table structure for table `usuario`
--

DROP TABLE IF EXISTS `usuario`;
/*!40101 SET @saved_cs_client     = @@character_set_client */;
/*!40101 SET character_set_client = utf8 */;
CREATE TABLE `usuario` (
  `identificacion` int(11) NOT NULL,
  `tipoDocumento` varchar(50) DEFAULT 'cedula de ciudadania',
  `rol` enum('administrador','gerente') DEFAULT 'gerente',
  `nombre` varchar(45) NOT NULL,
  `apellido` varchar(45) NOT NULL,
  `telefono` varchar(13) NOT NULL,
  `direccion` varchar(100) NOT NULL,
  `correo` varchar(45) NOT NULL,
  `contraseña` varchar(255) NOT NULL,
  `estado` enum('activo','inactivo') DEFAULT 'activo',
  `foto` longblob NOT NULL,
  `preguntaSeguridad` enum('¿Cuál es el nombre de tu primera mascota?','¿En qué ciudad naciste?','¿Cuál es el nombre de tu escuela primaria?') NOT NULL,
  `respuestaSeguridad` varchar(255) NOT NULL,
  PRIMARY KEY (`identificacion`)
) ENGINE=InnoDB DEFAULT CHARSET=utf8 COLLATE=utf8_general_ci;
/*!40101 SET character_set_client = @saved_cs_client */;

--
-- Dumping data for table `usuario`
--

LOCK TABLES `usuario` WRITE;
/*!40000 ALTER TABLE `usuario` DISABLE KEYS */;
INSERT INTO `usuario` VALUES (123,'cedula de ciudadania','administrador','Cristian','Gonzalez','123','123','nose@gmail.com','$2y$10$7UchjN72ld2G5N44/XdC/e5wfM2M/9TeNCktN5frRAh7jBS1voZp.','activo','RIFF(c\0\0WEBPVP8 c\0\0>*\0\0>BL%6pb	inزo`fO7zXx}ͷM%vo?8v\ry_T[0s_-\ry&Ω2AQlΩ2AR7tPqBj/cmZ\\JƏ!tfbX\0J~\r2Dzuc;;RsM\"辛l,?hr\nkTX#lh5gz۪x\ZwsfWbFD\Z0>F@9L\'=Hb MZ86,QsQ*x;2\"6)gY\r%l15Iʶ`hȦ/ ɡr{\0v|C!E6	1Tbq&$}9c6Fs9t9#P҃6PܬQP~\'#u# h*)m>˰H	p>.T#lݶ	,MZ Jܕ\'+6ᴢzTP0b! xP?YB˹9s{hxb|B	[mt3][>cT\'6чeQWWJejᗖL8k8>_,MmLJM:d@wb}#4ID(	aV4ӟBSݫNZ\0۝L	YQM6ЈHəXU%s4́3LthJ:ז==.俔^X%C\r	I>݉u1Uµ&J\0Bx*[q/nZ\rvlkPtg/|AI>ҷ\r)q4\r[\req=ĽWې챐wwܕ	_M	_=>:	M4&A3L7>FEp@kqˣStBtd\r4> l\0tc/qwR\0^B\'cI9)~7sh10ŀnSpkEL~F0fkn#-@wCF^p(w6D,S8ނ1L\\14//2Mشw[[wQt:\n~3\'ֺd2fbPr;\"PcwP][>Y9.L9nsQ-Ɔn%K|pz,z:i7 O/8&Kx*)7\'x4\0:)-$;zjq`194KgyLmGC\'wI1\'3o5G6٬IEsx\r;`ƽ~\r\"OAe2&U:TobnnEM29iEXǍ`޸kVZE{w;HZm͔\\\\,d\ZfIYPLA]^mz7\r\\dS T4 *_ިԬp/%&?RuG[xޒ`2O}`\\fg!mǲ81\0	PʶzT䷆%(IV\r:t\0X<Ƚ~y\\OI4kzi΂s嶈\0OWXofIP;E>}q(㣷nϼżMj=1>8gG4AЁڤr!-^\\;tۊZxeU/X;h#KlD?.oOm!UK/4)gYlv4)ⷃ9u9#\0)w5#LQ`gA͢hC:lQK_-7/E.H$g]*+HYS?oD9R7\"+Ȉk_k6\0qfwVbU6u44M	n,\\c }\\)\ZAyݖ4d7jG\0y~s6.wǠ9\"CfV~[Rm=}\n\Zy=qx(3RFR0tJKH\\Q\Z)J1;hV}\n;o:NA]\0ۋZT]DPf`\rEQ@J70G9ܮRÕ6M:>.犦Z\";{[j=2X!sOs:27zLpx\nAnԴqO;VL(bLw7!AR\nkdG9=j}#٤`A\"\"4ieSChk\0-\n>|PK=$:ms 05v$DQ(?Az@Wn6Py0lN͞W191oކ%eht@}o ~PXHt2[2.?{1d$y_x:0^<&@Ӷ7i,ybIދM$3zOΨ\'\n$1dA\nʜvh}KJR[OM;\'֌H+\Zؿn`#>j*4h4߬o6zcK-esl%a!%<ۥrMgY#a՞jeu,Sџ<[3 ZDV03_qy~?#kAN&>Tq,~̻4 X{#!F~\nT\0\\ں,X}6B	^*\'@\r(|4I*wiO\"~\\l~\0Nkh^^sd*~m/UO\0!^-foTRN\\ed\nť)&Q!2\"v!\r6&U99}\rE*~mI\0m4\0(xVDwxN:Uu$؛=L#y(co[hl\r-zx|	rRAΜSim>j&7\Z*Rr۝w0G:i\r8&@,\ZmNݥ4Ƥ>x[>NUu0lhnK&+PZ\n~9{V6^1Vˌ}(sC!u{qZKnXsV7,`rbmU4nʮSJĠ\'ՠ.T\Z\n0@Ç(AD!*DYhRXފ\0r\r&_wqѲ<ҥ4c?>\"vEZ0Zl@yŘ\ZtaO)ب<u0ёbb;Pw!m2y6p1ElhVOTKt{yp0&V)u֟F]v 1Šw/:_~l&ZWqJ=u,1͖08b\"Qħ/@/+dV-hGrWȯR!Cxѯa48\0iJ)rD|ze)DC\0R̈LXg&\nT׻\'|JK-gG2A\08Ԭ(6KN^nsJa\Z4Z0IKW0)`sc~\"TNa@1H\njV`P@rr\rsV ﻫfhୀe	J̭6$g\\\'^2yYn3d$f+9̣T	Ѳ-z4# ;oRd6]4dlPߵ(]&}XS,dT\r\0y^@a\0 o%֌6z2toh[M2AQg\n/>M~H#?˓cn;J-:;_VEqǸ&;,=V-{P8VC>iL<ف$^\ZheC[W,F!Mkl\'A+̆tD82ӑE_9g([a\'NlOI;_{Gh׾eJkĶ\ZͬǈIZ:gѡVeM$yޡӹ&Qyy\'ɝ0\"W\nt|89np̽(xf9GGSaѝ@.zL@N(:}Bjq@2s5G]bJ<c0֒af7{H)ԉ~u	GcxŭD8T܇{V*bGo@;\'Bx/UN.x5<	4ЍIC}=ESja*ހ*.c9Gdj78\\F濾Bd+9.(EM/qѥz8+9{ՖMɗi|,REQ>k|o 7{pJ\\\Z.$`$OqH<OQMn83uP+z\r+9^exl7lF惢V +~]qi+Ads:}A1I.D4Y	;ؕ5,MmGuz\"_d*Ahgh}?NGs UEDk$mjTکuI@f\0uIq퍆K1}g搥Ϭ/񳙱nӛ}nR@\nD8*-/l98G\'(~Q;mYvR.R.]s`W~`da,rwV]fq<y}Z.[>cTQzю(\\K?xEдDf 20{)zPȞ3]6\"+$le`\"JYw[DV-< GW.4Ȫ%S0 :}pOr+[S9$n,2-l!8ż,4?g4bL\'SHanb(#z*RN~0se{?&_\\lr(\0MsnZ>AY\ZwC^&7\0\\}\')QlIn~\\$B]ggTX&O:ݬn9Z#F7QubK;d7<@^*xƾqR TWGݡ:Nqp6B	7E#\\\'f\"\r!t|x\Z3Xd9h5<Df;՘^cQ*vOnͲr7TS%~~)1KG\0[7i1N8;XKILSj!X,~5Ew䗋!I=\\B Bd)H+\0;拾\06_#\0/;s0*bõxKosi: zd@znb.,MGZŦBq	cD\r֭$.Ho;nFpTypBl(\0{N@-mZ]tق^:w҆M%ת@\\KkI\0x.Op\ZP*ʿ]=ǎ˷@n/J?<Vl\"mXK\'B|X`AZ\n\'nu`Kn}ϾcHm8e\nʿ\\J˄C2~)-[m\Z|RSukDP>G{d?)-8	^	OKsa&CM˽x11_%BL6`2+\0hB?pP39=|^Neteg\0B:;Pq^:ްcMZޜ:\Zմi\rt>D\"pMq>&fm2gw̪AtveU)l^0B5%N|Vk&NMt(	j*,E ŗ,7n/R\"B@bp,ki>Sߪ\'7~ّA77\'7PQd^Ũ6>($^@K\r$pַ1Ԩ*Wxͭ°\\.7&*D}[0Kid3}xB\"K1p|;BXP7VP\\/\\xԬs\0YZc2slIMY\nx2v8	\"CӺNS9>SABk9\\0;<%Xz.XmR%޶uN$	FCsBRamn$=<p̚~>[rZ\n\0q^AQ4^0еE}yvoZSiT)!yQJWKq]JjFmnz5Ah}\nxeOfN.yd\"3f|AR\\k!P\'hvVV>x9MLyyל2qyayYǲwEmVG5.Cw*K$p kUI}d>+}*n{ Ռr::LxI?3KI~mն~*-MۛZmx`3Uw&\\0W!^毘\0f{ZLτhOd6&C\n1a5H\'Fհm\' ˶l\\nF<X@;,F0ټ}BK@M\nh,d$4\ZOvhc@FsP5%^CBl\0)MRii.*ub\0\02S_&Nt}/4MKga%Pj\"kNW/ge\'Pqu4kH,4N\\.6Lr#As`F.o\"`[J^z_ƁZ`l\na^*[vl=$yIvBYI5nJzRG[Wvc9\\|{=!i-Ko?+yS]t	oe\"\rT\n`|kO7A	T=^ĔpaqV8GOHRɕ9դ$[3)jyN>~T^ylÚęC_B؋ɴn6G7An-ڐQ\n8J}98KrK/m3D0ܯ^	|fB/8-;vP&-u<nfY,f/\nD.M(!,DOi\n+-F8V#Ev*ѝ/$h\0%!K&$Aڐ%\n5龗<؄}i4\"E*U`\n2S1<	ey`bM>OX?3UiUiAx(!*XoQ\0Kd@jc,onPF֊8$g7/Rho[SB\0\'Nomz<2ܔn O6Wel{\ZKÝNawl{c1$^!c͖,a_ٰsݺ[=i/r\"(C0,Б]5O`UA[&vfY|u<oЯ)E7j8e3xl`!(׫4Cd@dZo&Y>LywY\ZVe97kN[lSĺ:{_4c0mHT\0^\Zr(M44V,.CLb!\\LirӜaeQ2GzK˰\r\Z9L\r5/\"f7	&uceh\Z\'|zGι\09 \'dﳴWȜ\nġF>\0.;,2e\n<gw\"1l$r4T\0?BeBmbkozb}\"嗜+Yސ?۾I2=v{SKïXyaoR$\ns-\0J%^us	TCV\\!u85Ʀ54{9\ngTE0gL\"e_+ʜx	wX5k#Uz- nF:3Q+\07=rLAWK:/r?%ݪ?t\n\'\"|)|&bH@<Nc}qeF;̂zB{Xnʓ}Q$\r%?BK Gldʲ|-6\0eT]f3JB\ZsGf2F0ȿ\'	A%a\'a cHXW=܈#T\',;|£Aԇ?w>(tpw#\r\r/bo>&]7\'#-2bZЯi(ۗ7zs)8Kg[Fb8yУ ͥxHHƂMRfM$aRr.:D_ˌ(P\\\ZZXl9`mR7;w{VOO R֡+a\\|>Xbywa\\)YpV 6%xllKf󨻇\'Ͼ3\"0p5NtgiqE!{\re0)	±!MnwFd*|L\'Zmu``iE44CN]sWUkBSpX*|Y|lb)fZ8P9{FT³^qԞƥTV,b6.E$z\r~\n^=WsX?`KO&(XP3\Z(AۇyCYC$zrKW5l|oY.L6RjM݌cTW{\nv\\4~IA[;* +\"^ktͺmdE}\"\nF>x*}[ @!ɖU>=e:ʚ .Uv\"Z2IxӜmAC!HΜR~\0Yc&kZ%C9R^`.U1GK_WPt2\0{W`YB9m_黰!i0$<+9/Z]%%T8U%,!тnN ES\\~¶[4_Bjﳏ$~.\"՗1|U$5:8Q`\'baWyC3鰥`aUI5Onb¬HyaH\"1e%=HnKcW_k&>=p:F͸	X6\\uS.JS_ŒdQc	ǹqᨐG1Njي$p[ܑGё8\0ʎx\0ރ\\V#ȰE] f5v&.cjl&ʶH5$\n^]V/ϧW3usC$ן\"KFn2HRh GɘVKSUh(Du7ŵ]>G+N\Z_2anE$@;16Ev:-I\'/q:-IrTgA3᩺u^M@gx%sJΧEn`Re; c9[1Q2=x\ny@\Z)5k	7S:iZcBݸT3YN$aJpңoN\\PZX9\002k\\ڨsq^DNPo-Mһ0%G-z^oߘ!rTS\"ւ£y5b\n\rt}e⾱C.<e4K!к/cp\Z*[Di+1آ2*=1eqUQUDԀlZ)?w73[L	y7B6NCex6Nt}DEǫ`Jŗ}YV`=.lWS6tcƻrծtxA\\/kslz@QT*p;<U汳MP\"#N\'&~!ږ1rqy\\lnp*D5Aқn*7	aI,\n\\͞Xw)۞<\Z\nbML%`~>tgH.^3\\Ș6v_^1Pڨދ+`\0-Mp[}9$8jV=rz\n\Zz[8)Sx&>b\'-DZF}Wj\ZVͧN\ng{x1@NF$w.\0xfTuzE47tTݶx\nޯcmmK@UnB|D\"!Lμ2v2]3\\^r\Z{,}ǰ^E2#3k؜4WI9iH޷V鸀; #rYs`,	s\\scAsګdi1c;e]wE\\AN0vW_ihW )ZZH@\0D=&廎=IATP1?\nWlWy2aD 9!Aӆ,(ktpmB\"߲݌~\nq}\niwGhpFе\Z\ZE2*(Xp\n{9.c݈tTJx6`hydr\'QBt1N)u;(	%0^\"bF \'pwi\Z&fmn5فj;N*	zCw8kWiuzنN]ּ&ԟ<h&NԒ	F>ܠV\"G쯦NXb8\rI*plP*<g%OFE/9)BPM8210F_{q~BqE{;42?k7Hʔ\0$`&yǎ ^H,:@=VFX8TCT3?4SW\rwjDW; 	IZ]ٌz-Sf0vn`jl2IکDdD\\H/jOdL{S|0)#\'T;8<⶞=_?Wn^\'d-t\'yt6Vo^bJ6jNhl1_ࣧh,~C|zzi&	S\rZng^x\0vt\nu9w_:(aki\Z©Ұ2M%=އVV35m{:lp$Q#1`z}?磿C!Tu}L)>hVx\n\'Ut]^<Uv}m:D6ЂZ\\@Qʒ4q>\n#L\nP0?srv2憯$pL(-uS\rEtQv@:)\r7oZXJs`Fu\nn.LUMHHhIr\'|^fIt1sC- L#\r9A&ޮ 5GPaul,5KoN`Шԭ@@[ĩjsE9ZsZ-Y/eg~Ͼ\Zzaf!\0>	(2SDu{Quak\rHف4073XRfĄ:B7bq%ױ3ٛ*Q\\!,W£g*\'z[N=VjJGJ/o4y$B7j[N\0:w\0-sem(΍E&NɓFwaeKko.LlleFXiN6MC!V\ZҭG$%<K \n9bF|{%/}JEWpѣ\ZWugݚlzh{\n( O6rja.& FmO[#_\Z}G~`N{`ȗ5Vm=qoG.1r1\\4s3Uؘ*{]׳]EJaoQϞ׌3(:ʡ3!,Z:Gm\0ТhO%KώnkERhDtFஜ\\VDg\"(wLT?ynwW/\0!5{j#\'		3=\\4W` =_ㅮBڡ\"J\0am)XB7	TGP]5SZHAg[9(64a#\ZgCBT s-Xjav\r,(rd\r]=XvtmC=\n!1\r\"ֺ!wzKƥ{T~En7#ݫ[uZe,̫W<G}Oߖ!wou\r0ᥡ~	-x9kX$,&\\$o\0л[ㄭT˲@b틠1_*9Ami=b)Avv(lcq@\0DCs>k<CAXlF?K}1sRx1/бw[1ʹ 4plE	d~yi`k]Uo@!)*+ NgO蚋bLtsVfSUOdb,m0D<w2fi*C&㔩siluh&VGWO`i<olUrGG?Lz5&	k]eI^0>gtlZk}iޤbn\nY@YEϕ\'M\"`H|E[\r!{Z)$ԷXmC;4_0O\\1MS6{a7~k[B:Oo받&[uvܿ]e.\0D ^<5֡ϱH\'EMr]h6˱\'9Yl3:Hsh$jaZ\r(](1v&f)SDc&ՄtS@ݔWθ@`vymUGR&ΠX.X,\n\02]s\ro\\|]yh\rm\'K\\$f2qiGfףQOj\0&3gL\'q,%^8)l*[Fu\Z!{^_n8͏b=0\Ze2K1oʽ8kv.OOG%uJ]ߣaQA%S~Q\rCd<^1_e\\\rÃ꾏<H4	,pBY	J11BqҲ6\0h\n`b#)b!īfIh+nMBgNBtA5ǅorXX\0DA$H 5nNL7?p1հ,Y08%yX|-@wM*ѭMmq}c2<m~rܠc6iZ#䮙]v4C90(}ݨ;mB@ߵҔ.?aP3w v	9H?~=:9gJZB,{?x+9\\#+9<t|ؖ>ya_VM) C|*[$\Z6*n9CfMH\n߮ջ7S9	r,<%GTKlvGFp9L7fTY5ɍeP^XOəڎeUIoKq\0kjWI~RP1m2F8&iYhQe5a-؎~	]gvCp Y*3L5v|c>A>gzfc9;[mDk2WvIXn8IV4vRٱ~8qv$;HVSN6BHA%B%4i<~%T\0E>(\\mT5v)Co7g${cOx-\'@u׎a=sNFjdM~xfV@,#󖑅XܰZK+0b,TɎ8Or`MQ;}p&AQsRo%8cT??<ahfREFē$\Z|B9p]XńG[ϛuWH	Ru\'462X\\2d:%؈(\\ԦgF*R%x,ߘ\rP@W!t\'lˉLKfPfvp9TjurNatOEW_i]NȾ:4.C8Ln5wyF#h*@r^ݪrYy\\ЩͭwN \ZPCv5a50_\n?Bup)Y4<QEb>?Ds=DrBX]a惾dKDl?C\nZUeˉ=MMP>^]i>x`zυVF |d0W:j>a#\",dS\r.Nr\'r]LъR	-aƭoS¯<nrKl٥\Zr,\ZpooHSA>Mtdgأo?\nkFf&в~LMrn1v?_?F{Z$skQ||Q\0d?5;\ZuR.b͇4Eb9؝t~A]F慾\r0{[BF0omh\n`__ݮ#z<t.In~j&<|8XA&M=HClwzYRR}ďSdf!7>|˄\nX=jᕩ9CN-\n_h/iSalmd	\Z+BYlgv8G	2QY	>7L|z]DQcQFAT0`\0aSGK-~|T\0&tl{(kFeLrUf=Ph\\(1{Ʋ]{aryU_~_Ye6|YwT^<uECiv}}JRp缼-\Zi9%+kUiYd@2^w妌Uh+t}I4iZߴBgfMMɏC_Ta:	6dE2LKPtA.sk*}4ڱUS;~!JŧM}<-*ŭ<YOuQr>qUǉWETV-y6>	.{ѾfһP2uRom\0GOOfKV>PTLIATk54l XIchnV0o!N>1E$c0uL-o<xl#%vN{SҐYxĵᢠXqx<R:7|4u[щ`P\nHd\0ٻִl;uh(3}vo*±{km;cݝ=mbJcRh4NEWgD .v0ZԆN$/!-߁HTs}-fwc<&]DEc-ɜ,J\"&eOi\ZK1f!;/.]\Z٣}gP&w@/]L::Ӽc@;}S5UعJ\r288\Z>Ʀ#ҏ(8>iWL,x\0\rʥ<]Aݮ^n<0oQR\0	jՉü7VoPӨp^u)&g?/ݻOkH}R\0.͙I0C~jK.b-E冋t;#T_`5}Pl		o[U=\06(F\\dǃo0PC!@;XV],D\"lT}i-bgѩpã5B&XaԶ\Z#ٝ=jIbC|X$1Xsm 5n:|IPMVN|1#]+$El!JD/| &Dj\\Fq[Vˠa|C\01H]S|Q_3HP#FMNWב9eM VxoB\\,*NulOkd_ s*=KGy(Ƨޥcr-a/O7s|\nޚ+3Nt푅7h>mp!Pr.WrRDQ&a;za\'8n~Ji\Z#v}ց}/ֻ*W\nVT!wsCMʙ͆L͔4RX^q\nvjo p@Њg>Pk6avI$|\';z#^ʰr2/cs3+e\")0:m<MZB}i]F)OtVX\rG0K5!V^u&{1.3>Mh D;e\nʩISLι<I6⤮3s>SfFk@|}KzD7E&7\Z~;y䤉ZcC=\'pg̍0\0e&ݟy:b:<R)\\Z~Ub.ySxFg~1p#]rc Hrk2^O8&pmwK\00bRIT\0v~%x8UV:dAZ\0ռRސ2F-E\ZK}9Qψ\"bB(6B!Mz}}\rDr\'>VjvЉ%הHù`\Zil([ߖ,e4P?`o]SuM:~yx=$.sPW\'\"SVs	?jA~Qḧ́\Zf;{\0UEҏn6}Q^u$eJ*,&Ϝ-@VpXչ!ngVC*ĖNݲgс(P얍wW@$y~,wh}ujG>-隻1K`5F7$W&L%dB`Zc@6Zo3Њ_.j!	8E\n!qƚd,$SfcP>31*yu[\"-bRM@GUAs{l+Δ&\\et\0]Bu\0\Z˄d|=jިP%6;00V,+_B [r\rEf`fZp0:H$%j)ȽA.bp׍)pvqgO&J<\0/\Z	ё.vX>Pr#︀><u7y;(9)0\'EHvX+ث\r-T&=zНj11cqy7FjQm!Efv ze\0@8@ߐ;cu_`4S9_Pӆq\0c} ?l/FĴ]r@\"u+<\nNنREr7Tekn	rr{7\0Xh}$14I^WW_^܂/%fD,0qx/+n3\"mq.w+}@r\Z!d*(҇8K?AږQ:SڸB$FDt4@dn1͘}:)ya?{\":`>z,v\nH챂]	j\nxbKUP.s(70Q\\m5Q96	2׻DT~F@__ڛ\\Ddjlh^덫	So8iC} ]T5I6b0\r`$^Q\Zꤠj\ZiדlBkJyƮXn\rN(}b*(^еFzȱ{Py=ʣV9p= U$^HGbc&T쫃x~6JC|3l`1̖T`u盭4cF*ؐaQ{0GlFV)[[.%9l,j}a+KpĘjzء-tsD\"(HrQ, |m0:bЁ!>63\r\'*;_\nC/1t\05l3鱹|6SKf삖_-0wcݎ0D=]h}?ke198Fe09\0NH#M38񲧕.D#!,\0J$\\^}yE.YAi@OV@ɯFfLz\0xr}(ݑvFr+9UӶ(?{˽D\n&qi_N0n{([+8g趙&R2n]:fɨ*{ng\0ݨ$r\ZT@off-	A灶Ѫ6%ޔ>)I\0+H8	-5Ű\0l9(-y,Lw:Tx|kg3u!\0\0;tP1zo;^oM<Њʴݨeѕi6&tcU\0H#Jy叶X1Hrq?@!\Z\'XFD,H,ܸmi\'ΎW{2,2&X|;	4r}A_*є;xNhEd4oco`KkoF{|\"S}Q`\\ϓAxW\0=j8*p1П7hk~*8:cdFOZ=d^ie&d,1&@0U2Zoճ}̛4Rkow((]ʹk?BL\nTo7-;\\(i\"J[_,@Ne|21Ya?rnlVBE_T\"QZ^/\n.yʥagvvz2\\b`ugzwjOu.:\0\0#%G0K=[Ƞ;	(&\Z/+	SHA-\'F[SQjÀv\Zx5OLp]\nY\"Ј}[Pi;:9Lͳ@DCFN`g2G(v\Z@3pJ8OȏCFCCOfGo~\0>#7R]\r[xc\\Auy)1kRHN<ɔ$>\nQTs~f{7)$ksO=x	|\\{K`=aodd:sӿ/aW*>/FbX-Rx#կYިt&q	v5~7{k<3!ghW<0rK&l\r|;-nt/b-[6#]Xu]N%QJ!j~Z^RMQ\0[?ǘlX9}B$)3>pD.7ݦ-Wlx(CiKa$>\"`^4	5H(WG~$Ua|VͬOA}v;\n{Rd7f5ZD1DWETp(·s^)n㫈b\n(Fe-×}2ρBV%X#a̖E@Iqfll<,\nVrSUjֳ|CpwM65z	u----@7vpT\'&r2kң-f*+,͸xЖJz;FCpBY3W1ظ)B\rth<ʯVM=4ZWUtf5PQD\0a\\Z9C\"ݾwY_u6TMP.@Tyy\r?ٽHp78ҿiAz=0EJo74mqJlq)bZ\\Z?U5\\?w+3jYaDuP\r#EY#ág:e:cs[UYMy=ƷӬbM7\"-b:|a^5SӍYʾ&l\'d\rU7lxZmMfPZgf?o薎ޒL;[}1uްnRozA&A;4y=(uU7\ZU\'v |nG	\0r̀+\ri}W+͹!b\nR>˷%<^\'ŬO$[ZH,]|ZO^U_lcSr(>!Ww/ejtQVS(1Nlu%&>upנstCjEI6{;@7M(/x4*Gj`o0̝.{NeE2WlTIcSO̬8H7ų(Ӫl/xEVR!pK`1I3%%ҪS(Poz&F/.V^ʻ{↨K\"vzC^fTV4/ibrv?Q->H_-;\rt\0Rd:_B	j}cx}ԱSźu2`\0KȤY\'#[J+nv9Vc\0o7k%Qb>{8[S}GC& @\rަtT]~au ?n<BEt~{e\r]7ov@G зZ^Ͷ\'lR+&O:Tq}\0:^ g[o#47*m\Z]qETrЍ\0[;zI1s\'!D<i]71$̲Rz^o!\\\ZoL(2T|xI̪PRVD1jhݨ\ZPS?ҁoITάE=҂?:6v%e`k<2{8?(3g䇘,6Yn%-6cPւ%]s_9b\"|8V2X	\'fw	肺rN<f>Hпj^gr2LT	t\0gKfJ}XO:W8N<0Q\"Y=D@D\nYQU)8\'4*z5{Ν}]|E߸uZ,| kˉaɊ͏TԷMP̺!w *K-yJ7>@2e×rUTb8omJ4ɥQ_~ǁ%M˽T&@{PG\rw7M;*i;QoC(&Jw!o^~\\\0`\nfebC7\n\rzhodq3F{]lt [E̵p6[_f}5Zd(]7Mu\"E:~cp7]C%pg\0L\ZZpHV[wvsv	ryoExTOk\0=1,4͆Pj\rp\Z;4DH\"9A\nT\0 =3`v~]{0gNL2$4?*	랰}-+ڽ6ב+`;pKI9]їg}*wc[g\nuv-؇)`,:\'~f`ꆆ5;:ua|GIXa\0GG[G;ŨDEc?*i a*{\rש1Jߢ%_Z^Ũf8&8e\'gy9g/K莣N#K\'\0)t2\Z^>+An\"h\"zVvU.tvNVXR{n{7uP>Tɟ6&!L\"#\0ܮjGT\"6nVpG(Vx6\';?a~k>\rdq\0\0!\rv<`d5ϦpH+.O\\\"--޳`qW2*vnqYw*R\r{	}s$G#b`eKE;D\"{P,}u		o\\d6QT`f߄||\"K&\0bڷ`<*OJ|eѹu:\n	+C\\D\\Medwo93kH|.~\'b+ġѳDY*_K7ƫJ32i>G}$+C캑9KCm3	xpf\r_Zo8~wQ?pKAb?pŞZ\ZXwMu&}0N\\ɳ-M\Z@L(>2q/lLb=-0r,/(ꨉS,Xv9@NYb?+ү8]\']{ü5*=nk>JJs%$COc74{^;\n+:<yԦZbz6[p,ĳ*5\Zg*<\'ۀj	RS	Ҭw$یU9B\"<5aIP(	qs8]zd(^#4eđd3#],[r\nLؼ͵8Wk+e/q\'Fkr?Tc{	M;6у,^Ke/%{B.[-*Y19w\0o\0v]|zU2Cz7PhaOZ\rJ/õq&=W]ZlP+\"7O:ܬʳdJ1MLJ%xBsY&ˍM02tL%5`T2V\0\"?%m	,\Z<\Z{ۋΦ;XC_0[r.<^sܯ\'%ջvE{߃RajpZ3\Z]cBf|{8IFJ5#9N;\0hB-{@єF:E[gK7s	V\0p1x:Ā=㠘,XXU>n/\'cfKbs!p1$G@P2\"LSUT*!刺ITnMnt?`yZ,RFΆ^0,}&z߉7}5ʹAx\0VB ^he>8ZG֙5p!e3[k+1\\	!Pt4\'3~ڞִTsvFt˒e)^hzn@5\\3}|kd0.UXMua6v`NAOE\\\0($vpj.@g&\ZIsX뒚Ԙ1\"~~mOǕ!\0ge֠h\\z@ZaX8<5!_8yqk&]Fշg\rt,)J!վRj&%@@E.6	#y\0׌<T4-/*@j/_oH&L gؿ/rϱD#oD(t	,4R_1	ccgXTc#Hubo?<S n>JE-Ǳ4,/7tS1﫨>[TxڟZRucL1Sf\Ze[BIT8.Q_q_%|Y4lhQM*p bp<k:<A`7Er|oF~h%A笯<&^ɥ#6+fܼx\rQj4c1#$0GHgsnS#z,c9is=Tu*/Ek1֦ڔ\"/OHZBoc8tugDLGq1Pi\Z*\'~AƠ$t\"*wۉ*)(fԚ\Z\\׏?hzw	uD	.Ɏ%֣24\'vx(8+h{oq_5 .l\"5ֵgfa-Й:0|i`)]hݢnewH#</OKO[wc9ދbp.+3\r(0b4dy\Zje2[Kib گkC\n<ҸPqR3H8dRX5ۻdwD8Il6&ϕ\nuAff0ijJC]3JiB=Z0erCH]rݓ:3\r5cTgNg\".Gv:\"A[D?eAJdPwi{1\\\rc	WGtBg&WeV\\:ĭ<tLAkpܓ2\\@(|^8]R@\'&qe,dÔ&nvZLDBJ/]^|$j6\r6;Q.OKZ`R}5-{uU\Z!& \rOjwܕp䈷=Z육u}:/(\nuL2Vkd/5ph%B%s^H?\0b CW?`>\\O:^fTK\ZГm`un@,>og7M:&E,CTe=QIJsd0JS!BHjF[|!<tXѹQs=bPF1>(+İYuP:WbeeY{y{Π:WDN֭)S;ni4G]ӞJ(#\'%\0RNQTL\r\ZZ+Uo,pQk~k;9rk[>̟/8OTi[ޥ63eartL_Ir\ro<޸X\\0ӯG\'ƾhԭ;:\"poFDm\r%Spc/`ĉ`KŠLU\Z(*.8 9qvɥ`9_>DFpT9.e9ߓk;SbWY*;+4%jL=:(i x4zvB1@0 Qb_zx>Ň.P5.Z^N\0X@^Xlp)m#d6\'yAoTd\0\0','¿En qué ciudad naciste?','nose'),(159,'cedula de ciudadania','gerente','marcos','gomez','214498787','calle 15','marquitos@gmail.com','$2y$10$evhJ/TF0r2bk/EXxX0/44uDRjfMAwjp7xVPUNO92LW/9KVb//C2ne','activo','\0JFIF\0\0\0\0\0\0\0\0\n\n\n\"\"$$6*&&*6>424>LDDL_Z_||\n\n\n\"\"$$6*&&*6>424>LDDL_Z_||\0\"\0\01\0\0\0\0\0\0\0\0\0\0\0\0\0\0\0\0\0\0\0\0\0\0\0\0\0\0\0\0\0dU=Ԫ$e.E%\\I,r*]\n.\n(P)w\n\"QS2R䋺d]\rtpҾzLhaLuhˢ\0RiT4P܉Epu؈\\U2ȩ\"$I!v0)W*# !TTQ%]ȫEQLڗȒUKX\r)UBu Pe	GCd%spb.JZ0^JdT+Wg\0+[F؛mucNM4*Q*6Ltٚ.}(UԺJL}(_iiTe	Lф2)(B2fkDEA֋phQ@S*Jv`rCyuyNd)ACm0yg-eUjVJe-N	B(2ԕ9ےTmgU%J4AWcݕG\0H\\l$rs-]!p\n&>n4DE@EKڗ	r!J24˒.%KpJ%:WwzjnNzJWayCZsS?U\\RH\nPˑW!$T-\\Vs6¥®*UKRHJ(.rʅ\rJ7r@Cr%\\JuEw7PkTo#=8\01tcK)>~ҏW`\"jPV6\\W$D*\Z2ϡ:u]	)wFpMdl]J؂v\nUw\n@as4!Hr]YwE5Ez?l,g&5;귟\ZJ5t1Twwu*8GX_6YҜg@qUk֍\Z\\5p沲YW\nL]3=6a*|IKt]8*E\ZK!KxbWf)+5oAM~#˱{9riM..$]1}=jWHK\Z+\ZVyVJ\\aAG%ܼ鰬WZz6Zk5\Zmk\"DuTڛst*cyY	f,U<Lr舸滜/I;I>Wd~**$2HI#K՗Wrd#Ei#$VeWJVU՜qIןL[\nMƚ9.Hd\"\03i\rc96j%AV$H}\"\Z+<4DXU溕JEíW+`Xv?dwI!=7ܴ\'KY$Z$NK8v/5h^do[cb\0u\n.[++*=-o9SJӗk]K۹W^jqo+]3Y&.Ye\rq=LtZ^vs%VK򾿇윹\'$wI$ˑdd67WuflpNܹ|[7М\r=өyܬu,<[.gE+l1\\`ST@.UV]\nFΒK;|f<:yKuTS2-߅zѫ:4Ԭ͙(0[qk]YZמXIl)&Zk@@K4hHQyH*R\nUp)c/3^v%F.Fa*Rcr,_G4weѐJn	Kg֞ľ*KEdٜ)ω%k]c5-uI-.\nzSz4ܥi8a\ZlYJ&d.ʨ$M83,ftU2yaAvv3MWNc6V%\rK5R5)& l^\\&m}HcZf)	npZЪoyɶ5Uj-.T8*歴xRK̻NܻlKwȢZ]-*ɀ\rڮD%\\RK0ս*Ȭl̛5 5[C2\Zɫ:h*7C;\nض\\$~Q0CRZW\"+>n]us=E\nI52=5 2	RH!k[Y؃lyZ+q:Nh\';\'D9֗XMRb\'=]{yIf[	5L}^EQQRI\"%-SYuo;7d?$bcD\\ũk6/mo+Z;u%Ҭ(j,wiTcY.̌1tc#TStR*T!jX&@Z)UbњƦ]9wY	i	%z}=sXȸ23eDQ9Y5W>}9bVc队Y~|[e$u.&McOPW7͢ux%h˹U[Kl̎M&r-fs}\"cK`y^Quo=2YjΆһ(k5^)VkIyN6NR`a)z!Dd:˿M<]r\Z	,ҕxj{9xIt9u)fn{3\n\'#أn2jM,*D̽F@\\\"ۚJݹ?OSX:5LFȎ`\0FnuXl(qRnCrjMENm<<zq.@ZmȑnZ$,ff.G͟Q\"H\nkCs-)J@nHXAjS3ܼoXRꈃ*̡)/*	/]J.uKW?T.sc.66均ώD.j;LvJ7ӢiD&jk\Z2ϳs\nU5VsLϽi3bK肫Th趵!agJh|ɪjyal֬Y;΍v$Nf4\0uue2ץV\r|*9&=J2\nԙ]9tùz4byZ4\'c6iz`ԵLG	eу3#Kkc粴)B&-AKPLAK\0	#NꒄP-%@~TM묭Mn=>\'bDO3#4儃i<}R0p]FHM#INЬ\ZľDͦ6«>&VS;\"meH\neZfӵaȭiRjB(&\0oFm;|y:O=;[~6֪AƉo:1odI<^~y_U\\G*g\ZK>}gb3h]S*clsoF\rVGV[O7_i֬IZ=tZJ1eYr,V\\y\raiPiA׎.!s-֬-tzKSR^\\m諂]s\r3~|Q&-3KF\"tc\"kiչTtBSH+fiθ9Zlqh8)Ѵֲ,UXMht73?Ttf_%eўֱ7&tfג!\rvs\\9\nʦ\0^5z<׬_Q\Zآ\\ٍM!	\ZkLJFuJEέOdΞ^w$!\ZɃs¶0I(v:g1vֵGd\ZSCEmj(j\n8K\ZK8p&kvo\"e۔+UƔ͘o}J	iT;l棷󘮙oaZxm.\rٟ\0\0\0\0\0\0\0!.|:%4\r@ȱvTPZ1ցPֱ똶6h+;~Y4jCvB?۠@20W\rM斶}+TNn[\067B\0\"*O.K+p YVoh-\0>;H@iN1P8C	CI\\ʹ\rLjφoz2#0y>D8ާa|\0$/~/U-Y7:/]~obZ$R](t5\0Bt?V1y1/}l,*)mWF)p\0\nޖ$!N/$\0(CruLM\05()0\r/.k/m]DkҒCj癔f_]\'a_YTP<&qm&?XXm^x/\0JK|KZKRWdr^L.._JkBTv]@,S/r}Mwo#Y%\\)(5~ȭo6(oxP#\\\Z-UwFv!SyEАnbe&bOԨ<#7~sI8}\0ϲ1caU7QOU{T&R>˟Jd^(\0|0-0WHY\Z0͔O,W,m!;%L\n؊upTrሟkWyŗM51wuU+?S]l!98X=xhJVI::.Y½\",뭧zxiP!O?\'w#w/NQIHZO<znj};@őxHOWbl^kH? \0\0\0\0\0\0\08|MZ?#U`h0JiϑzӍ\\uc))K^ZԴ0}黢$R\rH˷\"Yғ\0TpBTK*ny[*N`i\\yHf@1vh<5k^FT8.R9N`\'Oj.?[|^.fJB?+ew]?X\n6nV(=u/Eu2%\\1ծgĺD_Ne^\"M&җJDhDFke\rE$ʞ<Sߡn91	\\=8ؓ,rq<ı:0wƸC4Nh.EN改![RXlR(T4Q <v;U)R`jfq~+45Yy8d߇m1֔R2na_B\rxK	v%ƫK7J(x(O@v4I73ُˈ屶D,쬳|u~	zǊhNe$)Nk1/ B[.V3@ocܩsU+`zфWjS\Zf_<\0Z+\'tc7rϥ\'iӋzo;WX	E+im;n%-A9UҘI)\']by\'\Zfqi%@͆r:Yl,a],8Pnߧ\nfPD<_};0c.Fmhk\0\nG<ÈMxï6큼:aY[l^.^%D_ga,ȘJi(7Pߕ:6ђ~!m̹DJ`@*q$lh?\rT\\?\03\0\0\0\0\0!\"12BARQ#Cb3Sacqr\0?\0$ɓ$2I2L7o:PRmRmRn]ܤMzJx4xSP\r3$1E\\E\\}V]v7h:o%Ρc9Y`ܦ&rLMM\\K%PbZ]va	{co0,C1E&ZHFoEΔ#y.QML.ĻkQX&&o:$=W&>>Uؑ=7\ZKP[٧:Dht=?K?4D|ϴ~#i(ۘBhh&-m:u\\K7f:u%GaɌS$;	k\ZIֺo&aЩћWܥ1鮼ԋq}ނW]~WjlITe\\4jj+bQֶM<6OEK]\0KuW:M	bni7barL\r&g^$Y:	w^+^\ZML{O\rFM^QKm#|\nMV{2qSjUǻM>Mɽv7|t$C\'N}\"l%\rLA4\rRt!6H̹Z\"PUT/-4OJշM#ÿzzTH}d	!Q:LtG?hǔ:Jt~RtSblI:HtCx>	(rt\'HN *E9\Zvf\Z:/]ϴuq/ʕY3\0ѕ&E:(^zil*zmz+IdM;#L4b4\Zu.eXXx&&N|CGPJX/.h\'Wo}_mgvjMM~itWQ\0oR6\'kkUeD2z_YX:}Q>ܝ]_s+ǸytuĪ\0	|v%Eɥ|&*C5O̙%r41S(/WKmDޟJɭri_\0LEG\0_VԒcTʙ_p~&Տ̍[\0>	:	^[&a\ZNW2yixan\"vkW{ķi]fܿ,rjiBe|\0h>51\'O345cMq׉6>?_U\0NHlRv0zu\rWiHVCM\"AV#mX\"qIֽkm̿ixL\Z>wDLrajlw׎!_OOY²}wU>g]&U\r/kgn/ܕ=O\n4l0W\\;	2L\"qiW>OO\rgGԺ->x\\wy%Tf	vMtpEMĝ#;ɭt\rUd6)\Zf4Kչ%0>%5}F׷v,\"57=oIM5\"SSf{ؾΣga-tm䚞6VIUQ<GmSj\nJ!LI$yrQѸ3H)\Zt\"=K?aaPtsK꺯Uo\0QMew#6d׻Qv:/#pDeD˝&8qݼ\"[6+o4&O\nLpB,U\"6*V|rIM\r+:Lt{sفTi_y/\'C&֫3.A^R%6ПK]Tyq4\'#-&jUYk9!M)J<~=GfQMR,(t[p܋IٞTco#l|\n>\\Ҥ&OIEeq)mG2в<![K-D}1oWoRvXC$$dx-u\0%](6#C9nxMoN5O,EK\nR譑W,33r>o3*䙢=D<GG&<˚dU&mm󼄾>zv43:`O}#*ͥxc/Yx%UnmK]5^[T\\:EUwpJȴ4U*{[ĸ縛W$^4o>\\m-jl`\"rQ6a,x&n7\\In`;BR5+ω4.vIIjYv쟑:t([=9Yx4h7>㤴. NHY6[]KN!v!#gL4&aɲ:/IOԗ|8Ҽ7kODꁥiF7Qde0-VڷJz$?YS{_iMȓ~yFcN\\&,vBj2KeTf.ax>bDCdXiN&V(\\Iҭ|TSL	8O`mJɲ^	zvܤEgYpi!	L 0J*@jρ\\Zf߿eB,FvHS-M;dvC+TO.;mh}2\"$dE#;gp|dēEQGD(YZx[CG\";ɽPK!BrǃCv_X6$vhvK\'[0ϑ#5#;SL^ILʧ	_a:jxHX\r:l@<*0?*my+nsJ<I:|N M2\rB{/!	\Z+qjv	nL~	X;vozӬ	\'6VL&]cĕi\Z*WYT7nH\0\'lFI>ن\"IF$ۏuYy\'[ gX:,.#3cu.[gx&f:mi3.jTɆNUʮ{qM\nCk\r;&W-\\fvjlmR ݂/^#y!	&2Jc:\r-V	G҄٘M.2J,xd~4})Ge]*+f:ZoIeQyK7wH;qL쯑DRvK3.V)ٻyBfrB,\'Ak̜2|6QHuMݓRg<V,N-ę _00N#tJ~`-ãf	ۄ4Ug*,HӪGR-\"mdVܹNW$.[C}aۍ6A)U{o$Șݟg<&0`,}OV21l9-s\":ѕz.7VEg;HXD;oےԲv[dyA$j;c0SGyǂ2b7!{$\Zp5wp?}5]XE=ɲEE\"ʟ\00\0\0\0\0\0\0!1\"A2BRQb 3a#0Ccr\0?\0`D1,D,llX\" GV:b\0$ȪrMɕ3ddB%`KKS 7u.˙&`*N0%jPm褘\0G̙Y!	GMd<)Gҏ_xi22:^jU,\0rb\0r(՟M\Z9rE,X}β}RuRuhkQHn_\03W6IwZIL)r\Z|G̝]r55ۮu̍E~3:ڤt3DГ\r<KNts:jB/e&ſyrUG:O?(:{Ac2R)\'i/ZVcV~&ZܙHȟ$v,Q2XF4p^N53R]N_:p~ۑf厪.vRe\0yz7J8D8,Ha`^%*\'}LQlL+̐i÷܇3)2%̔K.dDlffD9-r$I}x)l#UH7w\\M̌z\\uVZ\nFdr~I\"v.rffP)3\'!;؍yqQȥ++V[tu^}<ype@8Vm_:\'ZN}[̉LIÉ]봑]K}r+XZ::Ev\"DY0_BAbk*2Q5M,\ZDtG54_+F\ZD3.MR]v%؜i0r)4bUc\0t>}ZVo;Ul+^R*YNjFH՚ʭtMfs6:=/\\$c([˓V|? Z8#Pc%-к$uH!Y*{_2ɝ:Eu\\YUNd8lz\'L\Z[aQTLgٍ\']qb$ѯQNB\n`E/c>\"{lJ,>~:9iFOGtLVYϭ\rE.RI\Z\Z\'T\Z*LF搚jR~`Fޖ!/z\\oKX&O$R\"z6ൄJ3b!Ρv\"METZuo}\"R>cHMuûJFrgr]flffȈc4tfC\Z6:#Ö$c%gb]eǼL\'6VIC\0lw.Vԥ%E&lm\']v;yR/Dܙ3vȆ!?\"Ie:$!OV\\E9.E.K,4FPNI3A\Zւ5\'^n\\:G%YV]ȈI1f؆iRwa,B#cwVClj.˶XU{i\0\'\"/(wG̘K=p.+;Xmd\"]RUd$l}\"Krcw.UFdqJOפE&P`YYbbk]1&BUVth5	U]چE{nK6J-ɕbQ!D5Lx\Z9Aa,\"n[*	rqܺҿ:4Hd]Q,x\0G#BNrMVe2rp]IS:ZWiR]%ےk.W+b+4;O$J\"J帓Bbj*Hn6nGu:-7lXb޵KIVW2tRY}Z%Xzd&Knf7{F9$5LЊ\rX\\0X3HYHF<VcDm͝JURk$\r\Zm$XM[iY\Znfӱ3HXhh@3!-ɬqY\'9\rJW.UY}v:%묱5)d%+ۑW[4Z:7&QCc3$V˰a+$#(%={0b{6Mh P=Vl;ּ{]6˝^;WYm#&-+_\ZZnEIanB?0BW̄XkV6\0`[t[aݢ]sVb)4ErŊYdLBمHaUJNF-/nNCvI(w\"\ZcJWzlF3R?sl`IJMVuH+Ru]NbH.ȸ6m#8k[>J$tg&cbTA|^L)Ue*%KR]ۖC3\\+Ixqa${m=nU$Wwk23f#.^Bk+6ŷ+;}/o~\\%ٞ%.\rz[9A|Y	|ae$Un2n3챁)ce\ZDZ{ $r\Zf=V3?{YldYl zk9-Zi\"X{pDX\n^Iit%-rrfq[[њo$S[ȺzSȟW	MU\ZX\nDstvfU\n7p[2U/i\nзpJl-\\&^)&N{LNXe\"n$俑]r\ZX;I4-y\'L	I<ɯcWJC6Yb?kIؗdcWv%+G\\E<fz.bK{}1*]24Id-i\"幂\"\'v&nG\'%V:\\]C]܊ElZj\0#UBUEYAحWF]Di؝?iJ1kIE`Y#OJ</Q}%BۈE5b}/i؅>DwAry\ZHt*{,*rO|n\" NH8\0!\0G\0\0\0\0!1\"AQ2aq BR#30Cbr@S$4Pc5TsD`\0\0?Oz\0±Xkvr}PT(VLIjݫU=UjJ\njم\n?}+充\nǚYR櫇EsT!OZT\\*+JD(QD7 =%Xʅ\n?aBXenՅX*¬*зmV73331\ZLF\nz!G+:\"=+Uj\nhVb-ݕ+v\n·kvKvHWw)RU\\Uz^ʔe;y?I\nb\nXkv[Ebnժb\njʕ*}V+UbJZ*ҭ*·[-[ҷV5vnU(>\n,,)\nBfTROUz,{6bD(PяD{2HWr*J+APm%\\UD(PG>%{>Rg\\kϦGU^z+0v\0&!zӼ5\'a¯R\Ze8Nvڇc{˵UuAJ{.V-ڱZ(PG?g\n\nJU=؂G(*\n*T%J>?qV}SC\0\rGS+]?}C\0+UXVUbXPy(QBVrIRT\'W{1ej>Q8)͆9\0\0M{ly1y\0)\n(PGQeeeeg؅,&?zy$GU}[CcSJ[\r+({O?R;O?=~<_ڏJ*tpΉy[i}ŶUiIMf)r;{7pR\\ުV޻߹\niBB\n]f۪Ъ5=;]\0g@58!W^<\'6&vAz&Uˁu{K%g\n+Bx\Z?:a\\GĮgU{>\\:=V#\\rj{PB46oط[x=o{oB5^?SK[O*}U>هٱ)J}!Wmh)!P)Vk᩻+\nvO\0ۚBZ\rplKUM<CqS4kG>^+e#Q[}VHDsޮW)JF=iҼ\rr+^ԱpR@^W)XXRT[oU#O*qSm?Mi97I\0Hmֻ=ڸ>ڭ;E}\Z\\It-f	skթ.w/T\09l+KZ9?5\'ٕ*TRO!\\WiW1o^z2NW%\\TT+xɉRޫ\\zx-[mNfGL{Tef\0nUi<aQةuڟE:6U-g<:$[=6{S8Vʕۧm5h+uj\n(j$Ky+y*)W#SOBWG%{s+%@2QG{%+\nzf5B@sJޮ\nG,,.¾tl]Z{nGRVZziVYJVVP߉p±2+[\"?\0U	77T+;2V|+~w#d|<[+z5·\n(&s O2G+:=XqPt[wUc\ZrwPG\0\0[V[J;wsCۣ4\0~iKwSnut\0nOU[nX:(+WQ׬Y+֏5*Þ快Rr~4޷T9|m:AYOj1ɴ\0䬬~>Jα-\0QpΧl\ZOTƃG\Z^JX*+Xz4W\\.RzYYYYϷ?2u[}WR	c#u:/X]=3P+dϚ:oOz\'<Jvrg!޷1p)GdUa2F뚜cE#0LO%r0}#\0\Z;;\0\n\nƸ~2o-5/YgE-czr=E/=Cկ_IA})\0/\ZSK%\ZB4Ѕ[{Q!\\|)R)Zfkq]p[krnE)aB,պEkW7-3	7Vz>JQe3hR=B;\'GvޣW\0{}t>zG+ZMl^QjcjNZQ轫zޫ~ս$W+VRF0~h՞Ky_ъЭΌ)-c<6z-Ê;-]4P>7&MM`=e?Tt0Ћ\Zg_m(q0(*.lvUJ\Zj_G_Duy(M{}T61Mh˂V}!G~>&kfH\Z.&\"3gZ$6]ՔX0=HL+.WtB\r1|sV&AM ,O4Y\'.pŲ5G9K*yPtCAZ+UB\ntS%y\'aҰQhBQPi	a?-4yw*=-zڬ0H舏Fbwbjg_jicEĪ#k`Ob.uj%;yp_^2F\n|72k\'\n3ZC N-淎Ԅ*v\"H\r%Vu<:W|@kc$\ZfA+%aAPGE(1xr\nP>-PZvB#Uv;0DYxM#*:몽\\z+w/58\nYCaP#UsS544 \n1\06N>T=T}~$\rJvHsvMnkTSh=>Q`z۬0\07zrRm\r1o.8\Z#Vܑ\ZYl		A +Xaog-\Z\"m\0(.(S&K ^4pX̬2I=rft@t(,WKx`[9_䷍\Z{uoY𫩩D\0\niU\nbݞjݫE5\\Ю	䞨ލ*stuBRZ3޷[}Aܠ;K;h\rP־lk\\2T+u	9o(o!0kKMTɶ	UrS<4Jkh*bp%U~@-Ծ6LM,{/Gh\0dҶ:Q`*\"EOxљT@Nd.>0$|D%1t	nDJ;YM?\n9p\\0Aޯ<MИ­x4\\c([3	:!0trCISRI+vVGfk\'lk}kDj#ca9+i4#Sx{\Z={x/U\'ZTjt̍}֦Nz*CӚٜpUP55r6C5䝴\\߂sDc\'VkDݤ8Np<nDj^N5C}y+ꊮ̦8U6֩Q8T2D(TJi4#a@S#ZP%\n25[JݵS+v-t$QxH\rEI \n]^ą,~)[#98Cs3S¦\'<uD0hL4+i|S[-)Oʗ;)^ƙ-Um*՛N.8jnx0Y>m>[|Ao)ao|h	[Jp:!M9wz :OV\"@~e6Ké9(MvXpa^xRx*N&pWb\"jR܎_z\rry\nD+laZ-¨zQgG\0L<I30+	HIQN`IB:H[ktRBS\0SÜw ZEԔjCcTfnFA\\ѾI$4Maoy&0\'[ǙC(˚{%ny,r^	11\rYB =[W\r\n $w1;x4\Z&\'|+֐i/s4hG팗]};bㇸ51MY}@)oh`\"Jno^]&\0զ*0;I\0ao^$2Pbս[na\nCsn=P.,\rqʀ@*{:xnPpk^xt[=p]2.<i	V\0V>KtIL%_Wṭ{\'u6ȦRr\Z\00u5fޅO	<FO(\\-z«Zւ_xW˽ne]d7\'=\0e2ky)eSN`msCM*:$k<\r9n\0ekpςӢqnn!Z]fHyuWL$#9cE#V08?r,47Υh4P\0L!Fс@v:3ӵSuOXeY`\0#MA@Cms dOĜ]nuN\Zbkm<M1:͘	h9sk,l?zcj*$*ܠF#X}BHrc\\qS$+y\'Ue:\08M{Q\nnBhygz\"0nOwe[\"m>K֯t	 %i8DsViܜZIH?5e4L	6bS6㚚q%*-Z<H*]Ù&wk [w!\\_P\r8kItr 4v^v{֎$@3\\[W2Ns[W[{Sl݁z^9TQڳ\nn\rGUg.U=P{fNN{*4.&a=o\\qkc`y&S,hẉJAhDV:e[PҤ75;)ͩ\Z9y-nx\Z`anqC\Z.DiWcAf0β1^x\"]:*חmYźFG`|&Tsx-.E-tL#l0D&WȧU$A)ՠwUpH9(emI՛:x)vI2XHgriN0r¤8m0n!RȴDhۣDdZִ5[K3=dHl|uPp˩4;;СGJS}\ZUGSF4_tmyeap|OTLi,52VjSv=R{Y3#vtSvӃͧg\Z|6DA\Z!SɅtS(sQ`/7-3.^^\\s%\\Wa2n.U0TPIXdDI[D0x^Zpu.`A\ZdHqjbOU|=T$~(Ss[\0}d=Sd;=iƈV[U/^mn6z*Oyp B\r{@x:Z\rF15i\\A%vP.75vLJf<@O<Ao#-[uvߵZLVߔ voki-\')c[çh6Xy<\'pZ\Z@Pm.L\rQ\Z\\zאL\'lUÏv;\ntVt\0\njYzfSɹ5;I\n\r7Nwsu@qUo4FTK@A\"`AU.ZeI}6}9\'P\r ݟP?Z$c!4l;3R.1ⷭ	Sg9+}/\ZJc{iWw\'al3ܚEş5TteF!ZAu։9\'\'XAÅ yJqoUpÐp	ܚ|Cm3iFW41O9n$9҃kAcIN_+t]qHt	.8oedzaQ˝kdJug^NZlff<[ypT[uA6}+iE=Ͳ\Z[4Mr\'HLi`~Jc2MܗP펎v:^II\rI5i4 -hgӻMV[\"e8-aI\"!?%/\']cʫ*-Of3Ɖ+ZM	koO10.|``CՇF%HuFn3n@wgU{Ә!Ac\\uQpiQMA8䮵\rςЋV*Zʂ0JHyQAs\\-7,ܸ\ZڠTTSC~kH+|վkKN3jS3Oz&2qq.%cM	T6«J).n\\aFGrLGHMڨ*\\Onmi=`t4֩cWTgsZ;]\nMܜ-RكϚq%R1ۛH[AFr@d˝u+iyT̹R3SQKFM[>f.]T)d\":a:CfН<du65~pZ\\[aB75%>i=N:	I<U>\Z\ZY0:dw0?KfIR	n2e>\'Nx-nH̪h[@s\Z#)#pw$:!IuT\\{2\nq8ڄ8F9Np+%&<Diyp)?JbD2DCӟ;hm3{:Bm;pn3̤)eؘڷunN6u:C_}zAPya2nV{ીڥ;e2JCH*Ź[6)Sy_XӧThkms6S;9yEĝUF<YPz4gҪ4.U\rzki5$+zʐ	0ڏk}џuJrTz{a^XoBhꩱɀS,h\\Q}ۅ,\"D7W	d;Q0q\\2O4KD-V#תpNcuG4ɅTHhhDDAlʠ]\'m-kDGzk.6Tkxq\n@0{&ʹ[Uᮑ:P{o#v	aVn&_:,A\nü<cEDK4S{UiCۏ\Zqn= g 2<\nЦmjDeA7B/-eBsPHӟELkVSxpV+έj{R\0KhI \0ܔݓfV|)l9\n:*~Nn\nżh\"	w>iq\'Ps\ZS-5[\Z{)_r.{etA㴩\r-SnsnƙFtv\'-\nh/7yY&%4m3De6<`踎- Shv@BAvQ5\n:tO70;<9j/`sgrn{&GXX(:{#S\\H\"5^8Y`IfcG5-NUιy{Co͇L*4<@:ݔjQ@f0L n\"\\yyO{<4F8@h_S.{{Zw\'8MgA[UwܛQhoYeIm9YZ.ϊǶ:gցⴉF۽2h}<`kA~B\0BA`A8k*7Rx5\07PIV5O,v\0\'եL;&mCZy/XٿIBt;\0y}qܩ7v>JI%iC;!o/&0\0Ol&l\0ߚ!ǜB\n;ѻi`Sdu<EU\ZB\09Ԉ[%;iùo\\\\YhPmBr oX;kM t\0uXqUS3|@3\'8̜Aꋌ1SLwM@}[!c%\nOrYqET\'\n>sWpPX6Hrp\ZV>V:qhD~2!m7N6s\\\ZΊx#O胅AEg0c	%RZZp6$f~jیX}{\Zr\nHh0\Z-KV,.=|{F\rЪ[&\\\"!>\0܀)*^@6a\n/nm؀a[ۜMH4>𩛘zKZum;\rDOrٶZnݚs\ZB*uS78vIU-x\\4ݫȸT-sdEL`:0Sk4i՘9tGNALmKfь+զYf{C\Zᤛ\\rL\r=Pm0A$eP\0P;?c$<[;?UMdFU0Ƴjs|6nh9*\'\\cQTxӳtm̪TR~_Ki=f8̜8uFvumu *\r-\\gVNGA49\riu7hwǟS[+|KcFAAJ<V\\%\0w9Ӛ7?0uTi|P-ጌyKL@UK	&DgǢF{\rxJV<TvƶBCg˪\0R{Z<P}s*0nBYiXw\\+]*Qmhghl.Ǳ[=2|:;?uS`*ؐ!Ϲ0ԎvOY0&uKG =dlǂ<~HiRI\\]*Qyp DYcuVglJm;dΊ@>w=4/(95HnUvJ7\\nÉ[SpM0Ѭ׿8eaksOL4Cu\n135s]hUpD29rMm1H	\'[aȜy̵GcxsY;RtW4~*͞B.4)X-h̘M\Z[ѽUV?(3ɨU~Zqz`CassTXwWTURIhdݢ\'Ts).CӒ.-$w-?O?gu\\O&bVd>D9Uu5Ω̸sAި\"i?~KS`qĎhWO}H!S1Z{KO}hBkIM״<al0GHLK\ruJdHU;_%L\Zn>-s)y7|犃9+)8|Spt+[Sc,8<*ocMS]ʕ:9`--v!6?%BAQ#YT[<\\a\Z4uzt*Z\\]>J2\\WR1ݑNH޴4o73*wss[SK4b&4BL}LB.|g?\r1mne9.3M2@Č*B2t:qv rkdeTw#@0\0NpN\\y*hHPhe4;&CHX\rNM<{*zmj\\]]>Lx|]%ps0TF]ZPז鬪7nMg8)K/GxI#L{@\r8\'!:<&[5E~8.ח4ڥ~G{Xs.k\"J4X9oTT\']>돚mjEL4SL(qԯ]hah#RtWcRԇ>n(\0H9BSXkfN6TT.cǽpU\'l6#:s\"e\'7Su`S\r8Gj?h{g9UBc8oUZIژGo2;y4øw!R߬=ʟ\r^e?3n2k t[:@\"{Dlpc)v{0tppN	\Z]vl@{JDA0:FE9w;x*^j]{\\d\rU:[PkydF{rjN.-)sK{Vitx-Qޥ:\rc)̠.L{9*5.@ɘik9o-6\"z)kHʫQäx${CD|\'l[:|$ֆJn\0cg	Ye\"-CRç@TugT\'S=7X7[]:`\0q=}G=}!w!\\PqW+ZVEfɦ*[;pyl-\"`*a)P!5ri,fhV12G1·2S:*íhm\Z+IxLP9BCx\\!\ZHk+5s8V35\"C:FTQ\nƒ1-?cZkO$no<t.InM \Z@\rbJl@7ZЩRR\Z39D 4L$VxD*Ӱ=P`IVp-1M.H`t)L|D^QtUmlo,\rҮA[ͳ\0oͪH44[Y\\6iӑv*C\Z\\ݳKvoz>R0K?̶a\n@T)wZCQ -5_&:\"1\0w2Jr\Z,;Wt92BGS58G5\n:Lso>R|.T*lA_.ԘoْUy*][\'*u]1BnGD6Q9æ;.\"`ˡ\r*ˌ\"*	q<¬۹+m5_!!:xqn4R\n\nyrvܜJ7HN	su;lN\Z<Ђ\' >(TK78苃bD1cL\'4\0tA899So7¤sW\Z@F*p TZDjXp<(@2\ZdPq4[}JzsUUJܶg]1<Ak{\'&\0ܧl֘_/MfH*r2):?ʁ8炌;Ú)_5A&3Wb5VC[ LVvV?8Su^-OÌG#^:-wxxsbt*0CXF9\Z+*cXؕNe25\ZYRV2&Qm\Z.@T\\<J^Fwe*{^O਑ŉ¤p5QhYa^thvSk!Piܮ(uWNSRS\ZM\n1a*FZs?\\.{Ql69M	Gg@ \Z˛N{ݠ{ӟTƨMҀ\Z*YeC8IkK7A\'DmM6:U-nT\"$vh\'URM;UR6rƩpvlR!&}+H#\'U.*~*-> iښox?LgV`5s\rk1\rO454<9Ϲ1qLi7UG:\'1i)ZsttNa6淪Ȯi7]sqm6q\'qˠgVPxi\rl:2V뉏o};nxϊ9vn\0R\Z[\0p1miᏚsfcR8-Nc\Z\\`h\0.y#%<|N4拯\0Z4NU6/K{A:˸N-᎞DuvN=SHtM݈*]-!-FZぅq踻MwJ]k4>j	Um7}S0.$ږg=PyGT<MUj3P	:*=Q~H58!lF06SiSh@UsWWc\'Irژu{rMp^\Zaz{SeWxqTUavF2Uu]TSIMn\0#SFiu^565YsM$\"\"\\s1\"؏@s<rx#NJZf2S-)5*:BB؝t-:\'\r\'1rs8-6{Rdi;Fܪ46]eHD]6\Z>k*I\n}\rj8>%j({\0=?DJŹT9FEb0cnL\'6MyBp)ssHg=eYk^gGBps] :F g]qft7Ozc0HM:AM[KZf1p-\rzS~>#U貽7Srt]?ɏ5իh|H}\0z;OSkKmrdiu	)u*:jW\00E\0]3UMnZ#&9-}G$	r0VX#̕RT<քipI	݃r2yN\0m͑|\"bQ0f1(6\Zg0sOg?!\"xGDz:e6;=K<S{ӪH(P]Oܮ\n:$S̮j87LI&]V9	]ЦbѡὪ\Za~iy\0::uWa0n9O9G5mR Iɴnp#euRE皙O)4jG[=f֤׎((:N	YM4rP\nU)-=qs%:Jܓ9Q@0U}7S\0=Bl3(B\\#8Uf4c^HTޡ<U`â5V<j9FPfyJ9k4Sc	l8PNqáIPIdO r@6$ɬ]\nx!9ywRcqe\')`&^9hl}ZQR姠 K;պxAssE:5V|IrV9jS)§IdG4]9cEMԷ/Q\rk5fO9xS5jHʤ(Uxc=ԙD`\'>hGhݰ~\\jms\'U\Zp>\0I1<=kwgah-Mqi\'!HU\0[_i\0U[\"MJLk͐GUKg\Z.:)yV1\rJ`\risjsUI܊& `)tt놱i3\"B}\ZddTxg9N_IQMsKv9/v8MsbOʭpO:eL}ɦNO*$j$C8cT[6˪Ux\nanEnj&NK̽!li@oʧN5UK:sL,{ͣUQn*r%Tqsi\n6i\0o]qN)zIBa7vJkA@_rFBQUFd)RysmX158Nx\'CqLĪu]E4:\nEkm[UK\0tN\r[Jx +L16n\Z#1sd|~v㳶=aa7_%鞊|>6P8SickL픡-<7Y\0-Sڮ%8\0+iieލ0[⦡t\n\\*bGENsvrSi]ʍf_[PvKMast0.aa&d	Vk9:w4ܷChs8UnW\\T&L*o<ʍsN^#^mLs[-Ԛks[E!JUYI{q7\\F:sUuTT=)nE\\s&{]euXGȻ!RU63ܩ4l2g!ptҋCLʧI9sV:olUl.eT}Ʊת:Еu:Ps8?5Q+g{)͞*LU\Z1-5[EHg#61*`wd+ꧽ5Tȑ9@L2j+s dsMnkusOcCna:ui\0{OEMKzV4˻eĪoH#eg<ZhVCcDuȉ?bvr-^R{wf%販Ԩ%mT,goxNJuW6@\0^`]Rp\Z|D:##pcOc,\0S:Q\nh\07}r;-P9>i5*@z֋>?>hvx*CE~%Qy~Er[\'۳*dŪ;lt?-+:\re;^kg7ګk[H\06Q\0\05GTuTHv|M>Jڵs\0*\0l\0iK@\r\\~\'Uvo/kGS1U<-\rl{ઓlOę\0S}ܫ8LgZKiלI<?oMsZꎐW\0(\0\0\0\0\0\0!1AQaq 0\0\0?!mÞяRJ*TSJR~*TRhiJ>*TK)\n2eԷR˚~I~*TS?[_J*TJ*TJTRJc_ZܼRE_//<S/-Դҧl{5W_Z+\0˗33T_J*WҥJ.\\u-- BU{L\'̷E1cIpuOx=SG	yDԩR֥L*TRJ*TR+T}\0Jb2%ʋKKJe?OS)h$ҿ\'<\'/{ni}J*T_Bu*[S*TP J*TRIY_A@\\Rb得T~<<x_z_/THǽ<߭BJ陙Oyio^[ F\0@u++KK GWl\\r>{JF/9\'2\"`f<_VT_АK-\n>K\"G13XVWlQ*(M~%e%!<Q}XBLqoDx!N\"E\0Ff\\[+K-ZeQCG*X,/yúy%%%;dT\0,%y1Q`Rk.IGT۹dr˗IJ*TJz[I7g=R&yy~ЦS\\A\0x*_g[33\0ƥ~iyiihMWI(u= JGҷszJ>\'ĿK/zϯ/ywTV?EJeJ*T3V}ʛ6Z|\rN\\W))(J*Tu+W*T3_Cg-P+bJ*W՚gj\r?Mߙ:~O52J\0RJ*T_M}*WА.1P?|n}\\@Ք[@c-BVЦRx	D\0m|*T#/4sy),QǾ!+\Z!*Q+RJ*TRJ*TRJ+W֥~V(x*k3kfG~cLF/`gQz<Ldg))SŶ!c䲍\\1WDN:.*!\niÞqg(΀9	rbtd<0H\\rщRR@:\Z\0ifzF~)]*QY\rv/edzHN\0m\\`ea&Or<_3e2`--/^Fp\Z)u-$:&e@KJZeW0uO<r=%%e{9E<INw,Yܯ[rҮ+ѿhoP,p`.*\Z4O7Rq)n/Ҿ\0}e%%-w<r[,hNQ`//<rz`ugrp@SS<9^0z!rnjcg^{}q^\\EFZFlJG\'s˗.>LeJcS<nCA8\'.|݌\"bO0xO5atP\\_So#WCr3)e̵aom.hz6yY烵Fb,<%tu=\'\03\r$`\0f+־\'צSʞ\0Me\0هcޙmWڎ[*6KV>:3Q\"vw\'Tzc*\0.^)vT4l|Czqܟxm >;:<\Z_&?KcDyJi$l:_Rz^<W6dYy.G6b%˱pg1<`E{T4]^<#x>e\'ڲ_zJ\ZX_&Zw<h-r/T,#\'K	8*#%\Z%9}<UWi]ߙ>Y^e{O_՝sMCl\0TUGP\Z\"ʹ\\w*xKU>\0\n¢G\0#%K\\psssJ#{auYU\0kqeo8t变;.6\0Tg?MWO\"t3G;_2=AQ\\TW{Xv2Է(apCQf)`{1-=Cv/![GWDTpE)LʊPRrפfØh^^#rU-CN[PX<S˔@?sD~Jwr~a~`\\q#TD\\D;O>XU*[=?2oDQIЕCZ>EK+Φ_9\"`dbR\\+L6^6[LCP!Y&%C\n0S+s^pF!\0Ģn#>zʍL&TJv\Z/Z(n_3Sr\0a<}]_ĈJr;qEE*\\7ԶbiW-̵\\V9]FF[yBfϏ4s\0\0*ұtnVgyΓY<CJs x/ǩ~hF%]\\3v㬻^emrK|;<Gi9,%GGPrn3Osu\0!2Kn#a)7$#h7AQ-7Qs|O8oPZeYBBǤ_hбcyEms:Yp,J5s.&%6Ll\0<&vNZ<ߔ}Om\"*J~cpvJ#4;O._Jv\rpxB?cj5jS*!2BKu/ޞ<a4\nl%@CUCBǹ5(+=:ޒ-[,Gn9G)^!oYSy2Fnx9%Rh~eLATùet6&;q8	8͆Xbj`WYVgR~1\\Ɇ%7CU^?>ԽDu2x@a},cͷvw@\r3؅qk/u};o./awʨhJP<K0ϣoX8e[q2~$}xĥn\0 %låkIq)Ns3P([r`俼ZE\rr`wܷ& mJ_	]I̢ ֯\"AtL3iRBKa{:\\lvYf;\r-~f+fOJo>O|%#f\\hY m˙c/18D72ANIu1rd\"|iy~;Wu4*9dPDW	ɐj\rt@+@ɶg(uRџ5M8#^hC	(H׏[\nڭ\":RpgSYMPGx,S)3cz	fo	`sg\\|-m}6!W0XiZ^h7I2./8s눡#0q4\08/nvFbMO}SP}0tfЀt>؀tr\00<J8fXfݕ,~+K12L^#[rf7LGڋa_܇]2m?39(KٕYeCiצ	^X>/WsĵѶ*\r@W\ZKfhkFW\nY}Jc!J\Zcn|uiww2kejV\n_30c>	[ḳ+L1fu6.Is8w*.F[IIjBF}FRΌ4E	lxG\"G>Y+eW/#f8bNx\\nO0oq\ZUU:NH_<7\ZZtp(b7*W\\D>ar ?mZ0,V_29Lщw\0Y3㘡\r09x[9V4.[=ml!5ۼwԇ\0و>Do8xc@E50*~CFQ=6\nοrlm_\Z8Tؼ첿-zJ$hS\'zyQ!n1GcLF qeU\0/`JL$z^-	aKVj PSQ3T\"	yRhLM<@yb^a\0J2439WËqbshͰ4(-|A*	æ.k]ceD,PzD67WL:{3ħӭr?h]^^p/q\Z/z\0>jb\\.sB}5|F@(I(a`8;oun)*ҦS3.6\nXETc5]:b%JiUyݼWguVQ4\0f\';\'5Yr=SǈPcP&U,QWt?9@Ɗ1z\0b=zx\"%V6?\Z\"|\"R;Լ%i.׫3!˒^x\"6Ԡep0%27X23,Kʠ8q4auES60\0^	u*tM@گQD[x-l3\r/ʏpCN=$lJ`nX|t(UwmwWso+0N8Y~VUOseE1Ůܻ]\'>\rgpP5#p\n\09e4N^!$G?1[hs\0j@v?	u.\\:ǭkf㬦[<rߙƪwP/C>al=Vp\"<bZ7KK>(4\0fk%Mjܳ&MHp=Fвu&b\ZQCQCb]_̵Ѵz-?ʉ̭5^!︥ObIHp`h2FC\0^؍Zgb6ί\".x6M;e\0CQ**WK>ϼLr̈C7Իsf\0TǊmjNP0	i\0pPqL62m9%RuJP9J`sQ)=:5pYfR1z:\r~I~([A˪{EŖq\07DJv ._,FU_ιn`ic=#p#f;ocmJ8Ei~\\7;CW(aIHĵW̛{{lm\0wWpg\\R-qgu+j.$69-sؽt,dZc%h}TC+?rڂp[2®u+PCpU|(7\\6aR؉o1ZܫSpu9X],^m>[C%z()6_RPk歭|[W=>M(gtѳ,mٚl9{VCckZڛ,|x0|IGOVLs]u\0^.09Ә()yn7x[0Shy)rfZJJJ%~=6Y\rѺfO5-u<!eΠ];gt<W\nuo+u	aiaHybQDƱZ.`S/a[36t|ń`4Vk6+iajmslY^oizzS@=JuSlrJe;H)	4x{5b pJ4X|jY_5:>\rCEi1*Fy7eA<1O362\00TXQp},r.Z iF`owX\Z/_?m>fzR߈\'P[l\"[P+kk6MP6@D&\rb)7K>ݏ]Gq\0P|kQtw0-:S,x_\0*:80	)h\0g6yf-._u._	>VfW؀lffzCF6jUmw%ދoA3z}Gg\Z&C\rfC!>̺\\0SS>ߙVN3\0\\^QG8KU?-o+שIsjO\'aY\0.!3QV@V\rҎ/P#WMe&;GB\0`Lĳɝw|ĬZ[0[X;yq\"n\"2}\0O\Z߿fJҡxÃOW;x;mqĨ]^jP.!QOonuޯ*p0j.]3%5aL)7@w>|u4c1`%ܬ/pUg`qZ۽A$?i񬢏ht.OPg5uhY%_bK4l`S,bs>w=WZZpNbJLC%qT6⺉9|Gg/Eĺ\0<-i\\l!UW1)iӉF:\'e?>(SZ)?ĹFvLI#,>q2 5s4ԛy%hG2ihA_D?Le|ޕ.Z{l`\0P\'QڞHoRm<sمF-J\nkjm,3cpHh\'P,%bE:b$G%;[d)\0߻&܁tkK4@u)Jc\r4v+ȷ\Z*?zb0[q=WWÈx:,ͳNIǓlRR\r8-U/LzDm|x9vb9{oK/*JVLxd\Z7 jsCӃ\Z~z%4>8Dq*=iݱY溇iTqz?U@Iy&+J塃 lz+z&P#Qq#me_<*Avje^B/b|ҕ~R}u{VKڊ<ܲEzd{TҖYwuT|oNl@̊d\"\'\\L>*ݾ:coĩZډ_P2\r|<ĩ\rnl/?hN&Z\rǲ%rx}\"|%\0?b>%U\'\nvSɜ̐mf<Z>NhAe~\"Pm;H_\0)\rkg6C)̕\n5|ASP<\'ֽKɕZ^`N]:IVkT=E6p\"yZ\\k7lÜKS<c۹MAaKv	Hdw8sXߠv\nOp4WN2:To\'q_\n<w3(zB!hi57r\0hQ.}@QRp5c؍Gh8o\n(ڌfd\Z;\r*;VJ߈lE׹vľ`6p=W$\rJ/RZA{+G_\0-͙\0X+cȱb7P7w-%q.*P*;T;t9s/|eA5%]G#-)Ku*#B亘_y;Ozg;qдp5rb<J9ts\Z=Xq_x-Դ59r07C$FĠ_Dg;fS׷4<y\0|AFh}M[\02Ea\0Y\\Asq5w &}ŏ~g/L*6㚈N-,,NI~؉(ߞ b0<jG\09\"|+-joS	j9qpt\0rJ+hmW{&nfx(V[/Ce;v.ZsQH`P~\ZޏG;5L:nsK1zilx_0Px_Ġ/,][\0} \\2vreM]\0-~mc2a|GM:,[`f8G++\0q!ù 	bj1\0h\"8EmW̻~Ѥږӣr9UVQja멕-Dq~ТE6 Evl:mWb^eZخ\"0d[{WCEfx܇L`+RR(m?7H1*\08<1\"wsuU{e\0ϴ9\0t_H8(q<qy|՜]J_U>ҿV>Yl,w}Nr#@\Z1HcoeN?껂X>i,~#:s/nT!QVkp6\\ۙtCQ GP&/d\"僈 0_80jUa; F%@bqF$j͖yVp!pS8H ^fjy+aNQCv6P+BJ2ltiaBs?i|qܫTXz97rA83?Խ)Stv>:za*)j3.\"dL㔎ţTBt.F;u3^D3L)ew0]J6Ԣ;F#LA¼,a# rs-9kC%Z{k%x\\`\ZUcGᝂ_n!2vjhSrݹ;̤cL3̻aO;*\\\"Qsה8X$qVs=qXb_EW+{]<%Ah5LgܻÏT20\ZX~<\nwr6?0K_Eacs;Y r> JĴ)\r=1c!U+dWLSm5PTDkvB_iWS/&fLQF7Ya|y֍<߉D!>{Q -1(OO6jPdl̪ͤ2hcS|(rdGa`tb\ne3e^sϩg?)VDPδLRLdN<a!fTT˞e2.pn\ryw=f99\0\"\Zp|5%\rෳ>Dr\04>\Z<MhM]E#jzL͚|f=<85Ϛ\0e,ntmSSF?^#\r\0kMċz\0]JEbBD73+BKYXpԪƿaE<B\'5uԤ5x6<Q͋sN1/P^@4pn`MP`QӃJC74v\0\'*pf\nM5GjH&R=#h+P`u0ۍ:<y@\nfTp^N\09a0mC̠ZVeɑʇY^RL5G2,wZJ\n3 m\0=&e9Tw}J0Uڙ1.q\r6.Q07&ˌ\'KZSrAb\ZC~%[_zyGeL\"Z\'\"rq4Vއ\rDƟf\'j\0yU/*j&b_1!IJk)۾نyךcT똅T?(DP6fETZxJ>Iv#85S-sF	SbF)?ihsT )o\"/~b_F(j\rnx{7n9Y\"\rSkt\"2!P]u)8A%<GѾ]dnhe;`@*Or%6-Tk_r\"*+Uz@@Lsrlb\\WWC56\0^6]qHհJl\'Gwjdˆ|`N *1?q1L\"=%>JcJ׈1.oG?pQNoW\ZC$X2)LՃȘ	θ\0pk\rUҥG5gةXqVQWG?x/c 6_VL:w\0I>(u-7M/]rrQ\"Zj4<5׸+M9:(D&*́e\\t?01!ַ݈E-vXn6662T{e:\n\Z)}\"5x!)W1xN3e0JXYT=#f$\'Y\0 OݗpS:X~0Qo[Z5;01lX[Q#|楈Ɏrݔ\\Ad\Z!(meG-,0߹_sF\'Ő5[\\;J@ꜝT\nJ{\'-+\nN.̤J 8W8KVS\rNEqȺ&p4-AFA\\J\03[w6\0Ϥz&VaQ89e/=}W9Z1ߏAw\Z_UFϨ\n\0~1+x00~<P@h-\ZKSPKWϥx;x߿Bpp׈ksĬ]{ {vuAa&~ӑ:ʡG~55O1337jR|Ж1i^i301~JCnS:q\0J3X\nϨ9!Tp)Ę7D:I!QaBsZ.GJ[>\"EaU]7X֕s{%E,!gByGjNbam3[s*I;dqeۆA腓lQN\"\rPkB+7C98l,$P\rLwy\\U۩O7Vّ9nRi.KZm\rcĹ\ZbVŲLߔճ9-8i=B\rVEC[K#Zs`sHsL qH窜P\ZEbmOIdp3oS_܉rtn4^9Dy\Z@(=X][\rI,ʬlsŽBLqxUJUP,|G?_s؆~u^@jqMx3,\r3y\0\'<uZvKҼq71/c؍`Bi0\nB.v&]鸑WlhG)<;_:Rck%:\\7pkK-s,*R(Rc,V,_qsޟ\"ncxD({HqlʅvwM_~<KF|4Xu{*#s/9#B6bet\02\Z6Eu+*\0Bw-f8h *h\0:\'{\r)ur0x>Rشqq4xGiŞc?yB=--\rᙅOW\Z.5mAk-W`miX}a6bټ/1%X-WZM:Ov#+⸃|Mcc+<1jo=+R8}LhlnKT&%fa0\nXk&k,}fTx\0*^w@n+|\\!Z3\nyWQ}bgM~䡨7#F,7RWpNM7_Y\ZHXKX[=#]\n&L:᩾e/5ԶSBgm~҆\n9>c{^T~<yW*񟉊oPiz.%ϸ®C\0jѼ|~خzrS>*bCMjC\0G5)P|0	\'T0y5*X,Q̢%sY2Vh1.7Inuy\04?Co;_f\0)qx<@0s稔}䌮U	^rj!zsԿva?UT8|{&#lUPGg_;04¿f&$5Xl_>uAX|@PE/\nC-ebq3N22,7P*d|K\0p\nt%1\Z51]sBQrtA|ajC0k8(w1cB?y]`Y9)穔TϘb;Jd@]5:K nQOx\0p`ǁWXE}(>O-:Nn6<-ݼ2-Gg-^B!5>Ei	\0WdB&EzJGQ3feQl|x;3(cIox?dƢ-o17mllP0VWq%l%QF2JFצb-c\0yͯ-xalEٸg\rm\nx\ZPq,\\99^Mls#osvR.%N&,\0پ 	̪u~&HVrY.T;syLMK/|afOYu:	\n֓9v>Jr\'b!w~s3!m[d1傸Y:Kb9D)aIcZ{\0c30пPR醭,wĹx:[VjX5YGޞɈ8 vDW32JV}\"-}MĮxo\'}9_2|`C/]d׹hDmxe\rgb`O7U<Qu*\ZBwq\r7Өл&p\0G;Qz0WF˽t夭=2Y .AϨy+ws`s\0d%!rK-9	kתsmG+UW?Axk8RO:*+o[UV#j	Ad+6n7\rȿ$y[.;P<D@@7sX%	JPYs.(1.\r=Fg{ `\'ABqLx\0Rig0@wMֳ[Zs:^ul.ns	\\/.eW\nэo<zU?옿jCJWeyv4FӗE]Qf/G̀/xV[e]\\U}ŔvGpm\0.)Wa{7@~.rW9VWa*g`9fVQHM)<D`:G)Cd+͜ģ(\'kK>e]G)]壛MOSRhUC\\cn-:ŴzPĳGEh]zGf\ZY,Uż➘r}_:φ;Co[p{NׇY$T@WKGhoM|2 㹢\\\\x*,\r;aKov~څZO\r-f{xXRcx-Qk﹂mn\'%7\"F:k5/\0^4C+U[)ϓt+Us!QVʨiPqf~\n#im/\":-<X3zD/E\0Re<z&[0]=G8E̌S( X3QQ Jz[>SKmjAF/ĻhUwm>Z:\nAޚб%+;OBm*8˙r9v}gxH+\r\\r\r\"qʱ+ヷ DF.[Xv}srYH]uܶEf,mψ\r_4YPTcY#T-ffl+7G{NTdTr;#0k	\'a$藎k?fq\\&cqmB%\ZJfMW{7+\\QӹL0!hc鵶U\09?noW!2goߘ=bn\0u+XsOű\r9=\03oq?~K?Tcw}ټcW*虻lset{-Y~&2}-Cͳ5{Ȉ\"Ęu\0<,orK1O|.2\0V`_~hs)~4\Z )~翙牨ϴN2jhe\\\0\'\0\0\0\0\0!1AQaq \0\0?zlAyO/Ɇ5\n=>`?<zx8a/	\ra	jpLgh\0\rd`|82ئK\"Ӌ;r7]F\0$5`XS8Co}d`\0^r22yar|?\'`=/#?>?XpB`3+S=\'cg3,^-]c׏NOcp|p@сdL!bx`9q^\\e`9	)geef\0s0WY¹?\0\0`am0K\'cSfS(8/s,CpnLـїߔ]b.gd3_ʺg=pjӆ_\'~q\0s/0vL\nYddup7p>0\'000l\'%9xȝdu0L=b8g񾜧lco;pø0pzCk0Sp|Ngb2<u\'ф\"py,\\,P>]N|~8;Ãxvgyyyp99981d0\ZL3	qci]!QL(.2w-\ZƴL׳aCtaCy÷ٞMsX2~ឣ\0NJg_?Bhq_p^NC]1SFHPapo)x,;MG0Eq9:Ԙ^AosŦ}1zN		ņ}`Ɔ8\\<`d?ߜrJg/<x\'c3\0!drq/#T2]887n90WX0>gÝ0_YĜLI	rrN9CĜ,{sF 2LEۉnWxq\07ktb.w՞9^?\0\0`xl+9-}00^V]q8:,aa,N6!5*ՆAI8`<a\"h%5ȶ18alWaO8,?2TE%2kDA_`\"ف52cc0CxSGxdb۟Lx[\'&3b<F~}?X;>:Of!öH^\\QW>tS<&20(˻B.K_?)\Zcp&_qw\\o2rmR(YgǇ `Rz*tb.7\06dda/JaٟL?S<.{?XxcM11˧,H?Lk↑qr}8_pmaN9q#IÎϋ\0ф;?4C 儴GcL\'\0XTXw@?\'@@|?1_Qw禰? NLL|?u\07<H3>F||^0?0#\0\0&0^d\\)t3>Fx0ӌz\\~ܜ>.,\rc,P*~a+t?-;\0 1.L2\'Lq>ⲸnX>b00	e!LC\Zìd?CX%1/&3)9w,4Ƴ++61~ίs*>[x\nM5t&(hm=03LV.`V4\"\0A9LppN#dgۛx	+8Lg\0nL\0I0SdF`vdL,t0<LkiYYy\r00ax?K@1CLzRi֍Yf5C]CF@\0b \0?L^0\0p8/ʐ	\\e:s1~?Zzt6Nx#|=LA}.\\:\rpvL8S[CAdT_αO	m\rCq^P-]\\Ozy\07Ѯ\\\\u}[G`ɀ/ɷb]_lb`2}8`2b|)>cџ	\\*)\0|I|9o퇫GC\Z=2d3.ȴ2lkj]N1:`HA=x(|-?c!@/+J.2_gj_壘X&WUM7N7863r ;c 101\\ZwJS8qBW4L~@1\']WK8jp&@ \\[.aX盂l.8#sPL	laσu9Nqp`s\0?\'U\\Uj:B1ZSKhHE5blajd#+c:?ciw\r~\0.q7YGn+^8aMv}q\\>xcv&UJf\'Ś[4t9Uo\"\'0ʝd=0n\\.naM.>J@GxDTB#&|p\"\"\nP$Uř^FqߣEcS0ڂ#G`YF\09{F=XdlLJv\0¦Ӗb\"iv\"Z	m\n01:\r.kQ,`\"D\r?D?)8x#;ϣpN|\0c/Fӏs\0t\0,L-uhLdG9F\0k\"֯A[l(Ep.#\Zv+7CK[MVtJ,\\D`b. tZP㛗vcrU|C=L#\\	nDڪ5Ro@|7%\0W9>9\0,=\0|_OQFo^WY׹s?80ܔn{+Ӓwyx>xW-/L\0X=⺩tD֗8Lh(K\r3OqDL9_0rv\rޡCCp\n US@lR18V\0F5?IE{fm@gpkniRI E+U;iN\nh\0a2j&\\aA\\_qbC0lH#KW`}auY\0Dˋۗ.o̎:ˋ:XU#9^\0p\0W-\0dTWO(`4B.k:3K\\0t\rq85f;[x!vƂM[Y\\c	u-g9Hq4\"*\"3yŕB~	EVujܢ\Z9CTEðG	75fX	Ze+ʷR,z0}XbFb{#OB|)G*觮	e.&Xjr9VNnO`r\'oӓ8\0\02`k&L,LL[8\0~F\'U5`*|pWeY.\"\0uW)LNx#.;ub|a56P &6cB7ISD`4Sp?S(J\";[1aBzLޕ솦:,ӣ(l(T[nHHXM)<k\0	i^\0TFZ^X뱹v$ge?93#b&9M}!q\0tJQUFP?\"a_\0*BP?nT2\r\r`qŜ(T\'`?\0Xj`Wb]^A_\0\'\0438T7ENT3`l5##S\r:\\~U2Y%Z̥6Ѧ\0K?\0x]c<t`9BRS5@XSǼZ:*m\rF\0y6sw[y1\rڂ@+\'(~KÅ$\Z\'Ki9PPto~oXz\\J	C{fK0e\0\' =eMI,:7t#q#Jx){\Z,QwrpXdCIPJg@\0ӎ@`U`{(r\r08GG\\\n_erH䡇12S`\Z{J}`t\\8~d\0[\'xlنO:::\0ېsN8#Ќ3ewh\0~cLjR/]*I-Y\npS\"\'N įe|+p͋ALuVw^!\n(n6;VGI]䷤+]x~b:(ucitOnО\0KqFy\00:\noטmTBE6&\0h,=%WޓsގQJ*R\nk\"N1hmU	`aL}kjsI샏YPQ\Z%\0Cܴ8Cل$Lpt^^g ㄠV),b1SQwV\Zaayd8,4Ҕq]Ìp7\0gώ\ZoXi!(0Mw^1&LRQ\\˭It.FQX\0L\"b򷏘MM&ĎĳQVu)qMJ?zWBU]\0\"kPO7n+VHlHeDac\"QR]βTo:,5IqajX\'ˎ||eၿm\nW5J\n1|}0_5z\\jqU0v4jf@?8!`#vGYhtU&@͟K`XNH[̴\0E\00FǇV(e/\0UHl\Z&\\n]0Љ,]q7FR﹄Ӱ\Zx\"GdwvDZr6)%r\nRϚĸDN5\0Ny:]9}Hq-\0pŀ1lM;4X	qP\r__,\nĮ\r#)8aL`!\01N)`׵C1lgjX#@=p5j6[23pr P\0cNW7b`%QtG1Ծ7Emb.49u\"BR@E7U,L\n5SG0]ĉKC>ܻ*\r8n_N&XXSBxoYhe\"Bu\'D@\'Y%W0i\01mZ\n^o4Ysaó[\09oll}vʂ>S{\Zc_0NPNmͥEBphb!6#1V )x4`B\0F;Hbi:\ZO`P{4-ѻD[\0F*?|m*E\\a9J\0b5pwv6}/\Z]\'t<#pu\rv#u%m{F0E\n]#rj\0eEv[*\0-LN!qUĎ6+:d_Ms9<qax%H؜ǹݎ5!\09#oXسA80F{z\\dDs)9kd~)CMb^[{pGpC|uT\"J\0}~0E9\04D\'c93:԰>C5\"? B!ypFcƅ*GRb>Q/ZBC{\0￦9\0\n)_ט`DV%!}1Re>`v偅zG2I0.}mr8ӭk%d$Boay=\rWbQ.%(;0xv,97?Y}׹F\r@7rXYWZ)?3̥/ԮM){8\Z8ۋU\r!ūf	u\rZ\Z7`\0YyaJ h!VBnUTJ~rRiow#5LPWDb͇0Ev\n\Z чɴ@7)AKx/˂kjꕮ}:Lol&uLk:_\rHk#`gv>h&	pP5\'\Zg\\T%\'g7@%ET5rc\Z:>ccO.wz`j)v4(5:*K+mq\n3D/o\'&)\Z@ʵrٜFsKFs~Vrƛ	q}EZn^AUZAhҸj&\ZX-Oi-]vit$;Kt8¢Q\\X\0: #P=[a@EA>U?8q0횹(~f$5B\'I75S2\'7C\';*K]s&f<\rr`	yۃޤ޶Ua8H2 lӕz b6\\FZͼ\0nzFHyNUT^Nv<z:E+\0pTeG? /h?@Q3Ɯe,5UV\"@鎱b\0(<Wi$>>q\"0|Op@DPjih]ZbdC_f:\ne\'%,J	\\VGнBU)!(|X\Z\0Yy0jj2@BeLS;w7&\ZPZ8:S}V b\0~=050%VP鷍#$THIhl^JRGznaStCqkjwَOHop\0GFEsw,rwO{S(\n6>)xu\0%rtRFνbC*x7x ZL\"\0\0.)\Zt	\0)D\rbz\0>=&ɺa{uR0HDIܤ:k{G@P\rS咑W}*\r71\01.?jr\0D{\Z^ji˺|{CCsSEg)tGUX{[P2:d\r\rh}>`BQ2}	?\Z:F\nps`ozqEG\n}@ey ט#b nKZ:.4\\AROܪXÅ8b2ڱ\0`Q0L*o%je VG\'[bktu\0ZW\na,BMp;m	L|?xMa\0@N\n$ߣ%18bRШ\rj4w\\Q}L\ZD!(@NkzG\rje80ʾ+aQhQ.pXT\r0ϚqCL_juVK&jjW9K~B[$2M0-sV҉S>zZ?=wϷ(_^dc|uL`P\07r|dG\raMc]HU8j<\niX]-x?:3_C4jsb$Ѵ\\\r|9NHNDUn=Oi083BR{r~@yӃBV\0l!)2I0W%T;.1E=!K4>\"ff⏯XkkśGQd_xGdrk!LuhHNf\"-F7&/F2DXN.z\"\\읈xbY\0:tjXc,#]7`P9om(54c88\'Kq8wH =î˹*!}$2@8N˽8ma.俖r?X/Pޜ22i.=v:aKw qa-TưB!I×%\")Gp	YG 8hki1`\'?GaPRuxZh{%ƿ\0Ѳ^INd8Z 9`\nX^ND/N@#(t\nbDM!2R\"0s>|VMVpk*&MM0:ɦЎ4އzÉzo4yU\nn=j{}LA[M?&`@\" +qUX(WWc(>\'A$K\r8^FrR	+JZ@|FKk\\#*P}aڡ`;P}ט&b{@ d՜>\"ݩ\'&i\0H \0tO3PgW`86\nA\0:ҠpErcVq@&	*9ّh}p\rqgB5Ăw\n@v\"Q\'c0#w\r yO18Tiͣ\"z!t]㠐k@lm0>sM)̜a#*0Ŋ~N[F vu/l\"l#^HZsZ1\"-Uxc<o\0<\ZbCmLp{@p\"\'\">3qLfd\'\ZDMYzBhp!<t\r.=Q\\C-\nu2: qmri()bKaq-I8fpĶѯ{+`x:W\0*&lT.<T5F]856*uN\"\0;[Jq\\vP4#XzaR:1\"K\03ny?S\nDIO&c]A́莚:KnCo7@ T\0Lܡ:#Лxq̠oX-8Cr aBkAD}wܚ=eGj!@,(Ad\0i)+mcЄO2)f@vcl@]V7Xd|-eyLJ\r*P9/N!ra[fC@Q8n..md^*57!0S2Յ ]气T]K\r	t\n#a\nMZDK[˃@sĀ@9,jGfTpþ*I\Z#A4mR۬9	AyQ@FaBaYV2G?M1\'yY|`xssn<\ni>^\0Yo\nQߴy%fP:*|yTt%kp\Zkjnh|Upȴ ]?	\\FtXЭc@Bvމ+H)>0i`Q88M[it)Ţe\"EƥeRpcv\0\ZhLxLu`\0&xSKu&a0I[!񰽶BDlhR^\'WK%F?L<	yV)&oѿg %4U%ҟNpk4N04CD(</g4= zAƜۊX$1&\"4?/Mc؜&WI\0-><e H%p\"MSjʈ$M%r2pS_<SM@]zpЭ۪lx`+)aGdPxq乺aðۍ7b\0\0[#ɖ\Z.?jxi괏	&Na1e(N,E}\'6b(\nx7)z&m@\Z!$J^T\ZވZ\06+Z\0f	JbT4i\"|muG+b.IR^srrO7>vi\rfެ\0*a˸\nlSu3wWZ)Z\"6B9pV#@!v^.zEz{T\Z\0T{ZpLdaށ\\_*\n(8CE!Oe)qS`g|	VmLrLPiMQ{,\nϠn(:,p3=vu]\'>>dJDvPpYN.̝rn	X\0({qJ[=|U	wL,\0c8գLJ:,NL!LZi0kTRY{\ZH-@E47ܝ\\\\DJJSɌr`KNf){uA(ƢRF}ݵHU;mCm2oAKWPzZ6z;΢a\"8r@dc8%k`b=%	3KSp{7k#Q.d\"Ъ\0i zbZT̬\\\nߘiŽcof!$:O;RahA0)!K; 6&zwɆӹa\r{ti;aYMɼij/q\rMBqt37Db&saߤ8|0Τ~@H#sIB	0\\\n,8T6%6]ͶRmmJG͈Gc>TH\0e\\+J(TH+LH!iUX>\"*:b\n:L@u1v	6;bNmn/+{+ǲP#JPՈUu5;I%f@pY@^O1dhl&Bs8,e\Z:92CTk[5+5=oLt`#_Ml+D?҉RZ4+WE}M/R\'Kn3D`9IJHXQ}AB	-F:6cF؉Ɩ.m]닂\'\0e4-&7W]7b,P\nAjc5\rAB m=&>[M!	M@<f𮆓v:]b؂\rN*+-()z¼ZHI!\\qJzbwkrx?OB[1Ic\rVb&ŷs*Ƙ9\r $&%L*)\"Ʒ$*HS֮{<\0oxƊ\0\rᢈsJTUمH?%s^?0FJ;r-($qK0 ;n<lG[T\\n)\0v[r\0m)1-?d.\r;L]@ه`jJEx1׎^)UԵk͍qm)\r<0ѴQ1B$5M1K(\n]q0q9\nh`M9y9[4\0a=$,,2M8BSB҉\r\'wulMxm|	.\n=W!k:~y_\rfdmx{;D&-Im2Fhm,W(x,W`\0\r3#Q~V\nC\0o&amj<@o\ZA6*D(\'&k^@4*Hzp\neaZoz~M	ںg]zuZļo9l]W֩uAWadpW#Cnz5${]pb\0R]p\0Uamp{ƺA@o7~p/11 6tQn@pkaη2=B\'I=c\"醙*aQ.Xdh飲wӌ,&wMqqs\nTYފI\rm\"j[,B0\0}4WN#A}7<EN\Za&\0MD«\0~oxW@M\0rz>&w3{͓mpb[7(tԁ\"Po4\rrjL:a_un0KJx;0CE-ZxvvX),Ȥh>-\"C¡\0\n.7$1b0:5X\"&RE/AFAy/]%א.`ΩGB[ȼs`^W/`qJB}%Ʃ|p9\0w&\ZE@[59!W\"zO8*ί8E\0C^4J	d~l,mU\009YmZ:pҸ/;afvȸ0jiaۡ9S\"9ð#2&cG&nXqZ1Ɍ4$cp}YqIN2=/K76(O0@J\ryta\0Pj9JtPnႆAi1dT48	78 \n`*o6LMq(%\r`UZ\"&DփC6d8mM͙KjpvUy2X6hL3U9}\"!,\ZcS^NRa!oI)\"L.\0cTʛĞ	SYpD4AA1pv4@1]09A4Bv#\np\Z-nta\0\'5td.1%j#`ɢmnyVR\0\"Uf~0˼8:Kȑxv{!6X\0\0Ċ#)cOk)ip4\n/%иmf*ٸ}qrQkMtޚ>71-sq+\0N_{+ssp8QZQ2W$B!\\gZvaL1CxmK݌YJi$\01:U$\\85v̱dO̔\0\Z\\pb*m\n]eu#+:M0 !,\0.|xF@PQ,YzMsVJ#Ûf:Bi\0!*FNk$\Zz:*D	6n[՟1\0`QvZ=\nP7.f6RPrTƮ(O84p4Em;\ZZQ9VEEvؼ\r7O?\'bHM?W#=\raB2\rrjCg<C67=<2v\ZTbg:gI1ؘWS\\*t:I(CN1~	J o&\0^(Fjf\0C^Iaef^zpAaΌJ\'^&!ovanihl5pHypIBꈱ[0G4-k9)DIHWMX@t\"ݽŋ1Ʋ?T}fExc`@t4!D>߮Y	% <&nh:.-hȂkq9VXޱGF.ʪ=\nAʗ@%,*qn\"s`#G\Z=Xw0U@\'\rg;/,ik.$J!\0&TNGxXKYi`B\Zghv]8<\\>U]-*FK/_!\"C&EDT\n̛ڍ=SG.A>uA@ŠV[_Ev#0tiƱȡe۫ȷʮd\'X-\rԮ؜b=\ne@4MIЦƸ7[@xx(\0Ur]\'t5@wISdC8OO\\&Ld\0 D?w4ueMy5-ڬx2A;mk(Af%YfM#bf1OCVo}\Z+!Eoy:&zLIu\\oa6d$(kLydybVp\"P X~&^;b΁Nx>fo	F\'S=#ϚcY]pQ̂XF\ZMXobSbDN) 	E%9XF8\"te|\'+l%YbP&42\'*KRfi\"UI1e;\0am9%\0\\NOˏVP ;IhB#48VɸAdNF00I^bZXDy29Q,DzypԎqNcf];79q/` /z:\0oц\0dtHE4JDxFf{>H¨A՘n%\Z$pw:|mH_3L+Fw.-đ%O\n(\r4ihsddst&10TQ儷OO0G}䊩UBr.4ت2p^w(Sv6\"aBlOCx0W}T1En?FǗct[\rK&1ɀyG]Dֈb) VvM\ZٻG)Bo)&YKbl>cmG*	\0mk$! )=c)P#|KKX]cX9sF\nCKEXkr)UBgO/X$~PP8\0&۵h+UJ!	d7V\0!2c+sV6uZd*hp٣8|z9p\raU*j0tٌpꦞ\0\Z)\0(<T0D:.(2dqӁ2RB>~d9ۛ\n#57)\rX\nl,˚\0R/8Ii\rנq9r\\!FjS\nUg.;iH3ܧx*O26(@e\"]7fPEJ\'gBTgZh]\n\np0lçpbM\Zs\\\Z\0 dwL)WdDÂojTv2.h\Zw16[`WÀ`11<zޛA%J\'Pt4$%?n`jpTuxxOv)\0\Zx7&G.*]sAVC+\";z1; d06lEӌ;0@a$#L;9U`v4R	GibHĈpzf(r\0\\^W W\0`!;;1К:?u Ѓ>\0A&2B^7H`d:UǱ&;X|_)@q`\Zk:72VGay`\0W\noLIs$TMg%84a]9?l0Ӵ=xtf8=#qrSь\'Z1N\\kM	4֥\0Q\r*W1G\Zdo-ubAM[̄(W4R<q\0nu?l~ІmGxmS`$ \"o\0? ^>䜡+맔0^i FH]#\0\0)PRoݜPb73gbC8`(N.l+:^ Xal (nα:帧T|e\'Т=M<4\rYa	\Z֍8>bnu HiF`\"Os:yvoa\nmcA.9O}]5ejAXesQ5Z=h9˯0m*üj7n7sxơPtXr*ȏ.J8F8qZ1tMc4p8pAI\'\\Zu:p@suۻ:u0k4Mu3Y&2]DXΪ*^	R2\Z^j\r\ri\n-C`+\Z|2t6:t\07I0,\\3#z@;6u$5_?O|? y	\"]c=+KPrBl#4Od5(gS7tFpMҘW훒q-t}j]bz9\'5P(9K cz.D1pֿ\Z`\"tCn!m\ry t[l	;d֐i+&8\r*)\0`VY.(0D\"lpr%\r1dd\0*!\\Mtʢ*9@\\.R;	ˬo\0bos\\cД\'+4\\EB\Z~/\"]`Hj$T;p	͸a#jWFI+\rvH$CB-5\rUގA~r%ǀNf`2>:0\ZK0FV@#I$Ѕ>>	9qF(70\0)Ou.!}F\\$ }kL]M+CTÄP@HNSB\ZLc|JaٮsQHnF`[oY~pt8GQVl:ȐQ9:bO;&!ڇ:e\0	oltdF$):8.[)u]p>AE~[S;a\'ى˻h8Oc(ƿ-`T6t^M\0.2\'/\0fU|*<h\'gԉB<\"Phz}Mp-z5!\r\"`m/ٌ >)ndV*	a11q .\nEwW4cA<pik>մp1Ʈɵk?\0mA9VF3o8.02醮.x[$[upQWо`&frĺ\"mjXTH6.Wj8#Fי`\n@XV\"Bw-Mg\0Xj6qܸ-$5X۠}E\"i9\'wɄ!k5\n\0Femp*}/R z80В1q8i\nFH{B~:V#PS<{61Qa 4v}>-#ܸmؕـB\r\0\"<_Q6Ćo <9)3w%qGRE7q\":\ZpB\"+f4<Ḛ	B&XڊQ;j`Rˁ}µ#76%CMr8ҍ\'y>^@AMW\'cBnb\0#IBЋp#୩\0/1үXL*:2NT<_|]e2ݗ>WȘ9&01\ZvC}+z2f~((.و_]p\nj]8 ~DRQxbc-	WEw14FEଦUucXqv^%iddEaY\rL`2r%BroFlV5.ÂBT9hiN[ӌjUa=pk\'.ͻ9:x0\Z0$dkL\0tboI+;.p\\W=\n-(:\\v*@o^{rwp(Vb9\'`̡6ލhy93dC	:JJ:֗c4HFגJ(G0Tc<.4yu.5cih(c@\0>`#Wkw&ē*7)m\0Z-	`dg8EE`13]c\"hw<;qEu+SM]n`\n9;`r^YÌ1)U6v\0PoahbQ?ۜ^k #zrUbBҪtOy\ZAJg7UP0FN0 فgl6A.|%(nN0\ZƮwUْ\0+?%fA\'ᐋG竭&ƷZxc@N*9bhTi00@MV\n7\rw1=5΄~e`d0ǌxһR\0o9C+	ya6h8\06+f	\0aLMMTᩎDx\\wIhWEHi7rbB,WSr8gR)FT@18.t5*.nǇY/9\Z;etaW]s^14|ǺycmSڑW@?	R\rQ7.PqwRjcrtvo]&B\Z?MFb\r.\"cMv7C(nѻ\\U<t!qXbvL\"E%(h6+DɈ`MqMQv70Y$bU)(Mk	%=hNaq!EӡOnpPo!D%T`aTUC,M9ӓY*	Sn0:ġ!JHMG<R.ITp\rhCxJc\"\0=\Z?\0a{v1\0CbBviso\05N9ۧh1SD	$)ySLU_[o屑0\0l-t02/YXV<f\r`ЀJ\0FHӅҧ\"J)AlP<+<xx0}ێ|vA%\nV\'ǸOhbiE\'ӷ7&>@#Rn$6ATM\"?<W⑯4p\0a2U/$aܡ«(5\Z@Pm8\"@زF\0\\jN7W`t8`^ڴE醲&\0Q_P<,6qW5PN\Z2\n#sa+&5n^zP/\nx/?\rh</ơV^\\\"+2\"rA[@Rؓ@HjKSu<-!Z+@ԘAfEEĐ\06ݮCT[a0NZS CJlxph4wg! ?_rc)/_BFA&qwY!}L!p\0*hd_@JYG\ZXOLF-EjdH\"B&NqUrC~<~KaoFX\nlTK\ZAwqw\"ba	~V$Ğ}Cn\0b-M)m0A[3#CK$=jM`d ;&^AlqAK/@Mk\rl@an@@eISAqLEQ\r~@$FmLZblS$Tvm,AxzpeJF\r`sj%2	_()qUv\\nTஒ6L\n2yyǼCЪ1Y,֢\ZWenõizb]H>NrZ&3^ G]hV\0{Б?O]|q8Bq)\0).*;8>b6bR}6vwzjZ\rX0/oC!S,cM(=LdK \'H\0zaAYi~-do}L<hgTꐏmB,HƘň%\\CH5$ϔmZze(Pa|#mr`qtxFԦUn3Z\nȰ<ԋ\0yo\0\nG@8K[.nLa:G&J8tsMTXW`YZս⢝T\\\0@zenӜzX4C	XA@<	0V~;9\'3\0NbR4`¼1#9y/qHlP1Z[bjbHO<T\\!xڤgb^`b+qH?	xLYIX	zE3Zʁ!\n&]kB7WvYN!x[\0vi*\\8\09\0(A$tI͎(d$45(bнL$P@;CTHouXLH4m\rmKQOMLtRjhrR%w˷}uNr=&lrO^`NW\0bRAɮ?8HAhy͉h=\ZyA*=]ZdK%F31`Sۋ:-f/XY,㒙	R!c\Zj	M@bjuQ9]Yd(8IL0w-Pp2̖n=b!I5-y^n3K\\twO\'s\Z!vJ#xӷXWv6g_!đ4M1i;\0XOG\0\0c\r؇+c!7\0l޻tƿ4,,@a\n5pƑO~LR;*h~Nì<ly}q%z>en;(4*-9fJtZT\n@E19V#G(jcWJp;0\0g9eK)o݀,v%}K	Tf-h2*h!頕%X u:\0A	\0Ic9u`Mو[yG¯ \\8x;`gh[78Tol*kՕJEy//TPouV*L^)|c5UOMR`ַ	]MʀPZ\'?qp\rֿ8!m/Zu`ΰSB\Z8Dȸ8\'O\Z@1(AX:zmƍq1KpœN/< ^\\\nS)47ǀ0-	Z\'\0q8GӜ*S4y\0 6ْ>	Z\rp\\aqBW\0 ny@$9EЩ9C,/dk]2ē׳#EU\'\Z:9sao R0\r8\nQF,|э=>2yH3\Z\"\"Lۊ|\0qX,	߰a]2\rQ9JCc[<7!t=4\r!ܥ|_l;7W6b\0Rw`DL[_2W`}4׾4\rRuG*:X%p0X*~ȁ0UgDG+J-vq3\"GɅHrmN|Ex髬x3KR\\@(*N-J2\0 L,(!nd9\'T*@N:\ZV,Z4@m\0Z\\N*ohdD5jļquj@r98&Þ*|!v鑱!~u&\"\ZWФf4tbkA0GlBG5CN؂#\rzojp^\rcRph.t1uLE &k4;p}qF[ؓoyFvAj`(\Z4 eH\"+|V⫲ޢb;ǅnRkRp`Z9Q\rO#46)]42TPCC?=Z8QEte xHk HT.um/rtmqAd.*/#ub0\n4P.@Ӭ.D\0$qm{7Yh\'9%myIf\ZQ{Jȯ2dqݧ\Z\nu+$L K20Y|Pw]&bEZɴfHpqI\Z\Z	J\0BdBj.\r;=Yiun*V\n$9VҮи6\'{iI̮4ʶM\0\0WQ\0\0hq]x<hۂL@\"=*u\\CM:@|P\rJ|a,;\\e\0:x`.ŽN9\'lq2@GM2Qa&\'Uǁ\\enlX%^3J:׉.\Zԏj84͂hSM\\sZy^<e\0RbD`wDqbv7swpbgANR%\rRE%O.P#6!ǋfұFI=\n\"RG<c=\0ASE]mG!0NJ֗\n\0Ppսg h@4K{wGѬ|-5^܉CW$9?	1PWCH&uvH:vtbhìNa4rVQ1CFV\0xb)A	FK!C A\nU]b*<X\nA.1l٥Y?!ߏќ}B=CJ~ǀW:Z`Y3t?	u_L8_ܟ*R.S\"aG.]S4!h!}<Op]M-J&7V6ۛp	HKVhpDZӇzAYjvN81l\08/5Jt%|3ZCN?r0Ka[o\']Wq],uf<jbuR*U~2	V @LOAȨS\r(NAF3Kڐ#mI!8!5q\ZZNraY5$l¤my\0-Ag@@̭sDe%5:048r類2[R_@jBIp4|&iCaJEӘe&=5\Z3Uͫ|v8no!Ed*SW$M9&<9 iuqM\n4dۅqОLn_ 2\0D6/XwaVH¢\'{c5?X.5u\Z8kKJc`㸡`8Ce\0\nMd@囗!(Mڶb[J}/7al	@1,<P\Z\0,<zanu8)!_0Zv\Zsf;LESTޟ1R9V!7\0/<47\Zlg k~vSyd`8:πW;|8o\Zb͍Zۼt85\0g\0&kjbcW]J\0b[+Ɛ\\	W^p|bSv\0}9M.*gώ, \0Ntis9\0l\\v$|i~g2.|\069zK+vk^ꋁ\0Y!Y@88\0wvwl8LI\'f~ȝ\0bFfjz\0\nV}\04⌾v+8yB','¿En qué ciudad naciste?','bogota');
/*!40000 ALTER TABLE `usuario` ENABLE KEYS */;
UNLOCK TABLES;

--
-- Table structure for table `usuario_permiso`
--

DROP TABLE IF EXISTS `usuario_permiso`;
/*!40101 SET @saved_cs_client     = @@character_set_client */;
/*!40101 SET character_set_client = utf8 */;
CREATE TABLE `usuario_permiso` (
  `usuario_id` int(11) NOT NULL,
  `permiso_id` int(11) NOT NULL,
  PRIMARY KEY (`usuario_id`,`permiso_id`),
  KEY `permiso_id` (`permiso_id`),
  CONSTRAINT `usuario_permiso_ibfk_1` FOREIGN KEY (`usuario_id`) REFERENCES `usuario` (`identificacion`),
  CONSTRAINT `usuario_permiso_ibfk_2` FOREIGN KEY (`permiso_id`) REFERENCES `permiso` (`id`)
) ENGINE=InnoDB DEFAULT CHARSET=utf8mb4 COLLATE=utf8mb4_general_ci;
/*!40101 SET character_set_client = @saved_cs_client */;

--
-- Dumping data for table `usuario_permiso`
--

LOCK TABLES `usuario_permiso` WRITE;
/*!40000 ALTER TABLE `usuario_permiso` DISABLE KEYS */;
/*!40000 ALTER TABLE `usuario_permiso` ENABLE KEYS */;
UNLOCK TABLES;

--
-- Table structure for table `venta`
--

DROP TABLE IF EXISTS `venta`;
/*!40101 SET @saved_cs_client     = @@character_set_client */;
/*!40101 SET character_set_client = utf8 */;
CREATE TABLE `venta` (
  `codigo` int(11) NOT NULL,
  `Usuario_identificacion` int(11) NOT NULL,
  `Producto_codigo` int(11) NOT NULL,
  `Factura_codigo` int(11) NOT NULL,
  PRIMARY KEY (`codigo`),
  UNIQUE KEY `Usuario_identificacion` (`Usuario_identificacion`),
  KEY `fk_Producto_has_Factura_Producto1_idx` (`Producto_codigo`)
) ENGINE=InnoDB DEFAULT CHARSET=utf8 COLLATE=utf8_general_ci;
/*!40101 SET character_set_client = @saved_cs_client */;

--
-- Dumping data for table `venta`
--

LOCK TABLES `venta` WRITE;
/*!40000 ALTER TABLE `venta` DISABLE KEYS */;
/*!40000 ALTER TABLE `venta` ENABLE KEYS */;
UNLOCK TABLES;
/*!40103 SET TIME_ZONE=@OLD_TIME_ZONE */;

/*!40101 SET SQL_MODE=@OLD_SQL_MODE */;
/*!40014 SET FOREIGN_KEY_CHECKS=@OLD_FOREIGN_KEY_CHECKS */;
/*!40014 SET UNIQUE_CHECKS=@OLD_UNIQUE_CHECKS */;
/*!40101 SET CHARACTER_SET_CLIENT=@OLD_CHARACTER_SET_CLIENT */;
/*!40101 SET CHARACTER_SET_RESULTS=@OLD_CHARACTER_SET_RESULTS */;
/*!40101 SET COLLATION_CONNECTION=@OLD_COLLATION_CONNECTION */;
/*!40111 SET SQL_NOTES=@OLD_SQL_NOTES */;

-- Dump completed on 2025-05-02  8:24:58
