-- MariaDB dump 10.19  Distrib 10.4.32-MariaDB, for Win64 (AMD64)
--
-- Host: localhost    Database: inventariomotoracer
-- ------------------------------------------------------
-- Server version	10.4.32-MariaDB

/*!40101 SET @OLD_CHARACTER_SET_CLIENT=@@CHARACTER_SET_CLIENT */;
/*!40101 SET @OLD_CHARACTER_SET_RESULTS=@@CHARACTER_SET_RESULTS */;
/*!40101 SET @OLD_COLLATION_CONNECTION=@@COLLATION_CONNECTION */;
/*!40101 SET NAMES utf8mb4 */;
/*!40103 SET @OLD_TIME_ZONE=@@TIME_ZONE */;
/*!40103 SET TIME_ZONE='+00:00' */;
/*!40014 SET @OLD_UNIQUE_CHECKS=@@UNIQUE_CHECKS, UNIQUE_CHECKS=0 */;
/*!40014 SET @OLD_FOREIGN_KEY_CHECKS=@@FOREIGN_KEY_CHECKS, FOREIGN_KEY_CHECKS=0 */;
/*!40101 SET @OLD_SQL_MODE=@@SQL_MODE, SQL_MODE='NO_AUTO_VALUE_ON_ZERO' */;
/*!40111 SET @OLD_SQL_NOTES=@@SQL_NOTES, SQL_NOTES=0 */;

--
-- Table structure for table `accesos`
--

DROP TABLE IF EXISTS `accesos`;
/*!40101 SET @saved_cs_client     = @@character_set_client */;
/*!40101 SET character_set_client = utf8 */;
CREATE TABLE `accesos` (
  `id` int(11) NOT NULL AUTO_INCREMENT,
  `id_usuario` int(20) NOT NULL,
  `seccion` varchar(100) NOT NULL,
  `sub_seccion` varchar(100) DEFAULT NULL,
  `permitido` tinyint(1) NOT NULL DEFAULT 1,
  PRIMARY KEY (`id`),
  KEY `fk_usuario` (`id_usuario`),
  CONSTRAINT `fk_usuario` FOREIGN KEY (`id_usuario`) REFERENCES `usuario` (`identificacion`) ON DELETE CASCADE
) ENGINE=InnoDB AUTO_INCREMENT=2174 DEFAULT CHARSET=utf8mb4 COLLATE=utf8mb4_general_ci;
/*!40101 SET character_set_client = @saved_cs_client */;

--
-- Dumping data for table `accesos`
--

LOCK TABLES `accesos` WRITE;
/*!40000 ALTER TABLE `accesos` DISABLE KEYS */;
INSERT INTO `accesos` VALUES (1,123,'PRODUCTO','Crear Producto',1),(2,123,'PRODUCTO','Actualizar Producto',1),(3,123,'PRODUCTO','Categorías',1),(4,123,'PRODUCTO','Ubicación',1),(5,123,'PRODUCTO','Marca',1),(6,123,'PROVEEDOR','Crear Proveedor',1),(7,123,'PROVEEDOR','Actualizar Proveedor',1),(8,123,'PROVEEDOR','Lista Proveedor',1),(9,123,'INVENTARIO','Lista de Productos',1),(10,123,'FACTURA','Venta',1),(11,123,'FACTURA','Reporte',1),(12,123,'USUARIO','Información',1),(13,123,'CONFIGURACIÓN','Stock',1),(14,123,'CONFIGURACIÓN','Gestión de Usuarios',1),(2159,324,'PRODUCTO','Crear Producto',0),(2160,324,'PRODUCTO','Actualizar Producto',0),(2161,324,'PRODUCTO','Categorías',0),(2162,324,'PRODUCTO','Ubicación',0),(2163,324,'PRODUCTO','Marca',0),(2164,324,'PROVEEDOR','Crear Proveedor',0),(2165,324,'PROVEEDOR','Actualizar Proveedor',0),(2166,324,'PROVEEDOR','Lista Proveedor',0),(2167,324,'INVENTARIO','Lista de Productos',0),(2168,324,'FACTURA','Venta',0),(2169,324,'FACTURA','Reporte',0),(2170,324,'USUARIO','Información',1),(2171,324,'CONFIGURACIÓN','Stock',0),(2172,324,'CONFIGURACIÓN','Gestión de Usuarios',0),(2173,324,'CONFIGURACIÓN','Copia de Seguridad',0);
/*!40000 ALTER TABLE `accesos` ENABLE KEYS */;
UNLOCK TABLES;

--
-- Table structure for table `categoria`
--

DROP TABLE IF EXISTS `categoria`;
/*!40101 SET @saved_cs_client     = @@character_set_client */;
/*!40101 SET character_set_client = utf8 */;
CREATE TABLE `categoria` (
  `codigo` int(11) NOT NULL,
  `nombre` varchar(45) NOT NULL,
  PRIMARY KEY (`codigo`)
) ENGINE=InnoDB DEFAULT CHARSET=utf8 COLLATE=utf8_general_ci;
/*!40101 SET character_set_client = @saved_cs_client */;

--
-- Dumping data for table `categoria`
--

LOCK TABLES `categoria` WRITE;
/*!40000 ALTER TABLE `categoria` DISABLE KEYS */;
INSERT INTO `categoria` VALUES (1,'Repuestos'),(2,'bateria'),(3,'carburador'),(4,'faros'),(5,'juego de pastillas de freno'),(8,'hola'),(9,'prueba'),(10,'trabajo'),(11,'prueba 2'),(12,'prueba 2'),(123,'AKT'),(154,'Autoplanet');
/*!40000 ALTER TABLE `categoria` ENABLE KEYS */;
UNLOCK TABLES;

--
-- Table structure for table `cliente`
--

DROP TABLE IF EXISTS `cliente`;
/*!40101 SET @saved_cs_client     = @@character_set_client */;
/*!40101 SET character_set_client = utf8 */;
CREATE TABLE `cliente` (
  `codigo` int(20) NOT NULL,
  `identificacion` enum('CC','TI','NIT') NOT NULL,
  `nombre` varchar(45) NOT NULL,
  `apellido` varchar(45) DEFAULT NULL,
  `telefono` varchar(13) NOT NULL,
  `correo` varchar(45) NOT NULL,
  PRIMARY KEY (`codigo`) USING BTREE
) ENGINE=InnoDB DEFAULT CHARSET=utf8 COLLATE=utf8_general_ci;
/*!40101 SET character_set_client = @saved_cs_client */;

--
-- Dumping data for table `cliente`
--

LOCK TABLES `cliente` WRITE;
/*!40000 ALTER TABLE `cliente` DISABLE KEYS */;
INSERT INTO `cliente` VALUES (0,'CC','','','',''),(123,'CC','daniel','leonardo','321','danielleonardo@gmail.com'),(147,'NIT','edwin','castillo','741','edwincastillo@gmail.com'),(258,'CC','nicolas','castillo','852','nicolascastillo@gmail.com'),(456,'NIT','hector','leonardo','654','hectorleonardo@gmail.com'),(789,'CC','sandra','rodriguez','987','sandrarodriguez@gmail.com'),(2222222,'CC','Consumidor','Final','12345678','consumidorfinal@final.com');
/*!40000 ALTER TABLE `cliente` ENABLE KEYS */;
UNLOCK TABLES;

--
-- Table structure for table `compra`
--

DROP TABLE IF EXISTS `compra`;
/*!40101 SET @saved_cs_client     = @@character_set_client */;
/*!40101 SET character_set_client = utf8 */;
CREATE TABLE `compra` (
  `codigo` int(11) NOT NULL,
  `Usuario_identificacion` int(11) NOT NULL,
  `Producto_codigo` int(11) NOT NULL,
  `OrdenProveedor_codigo` int(11) NOT NULL,
  PRIMARY KEY (`codigo`),
  UNIQUE KEY `Usuario_identificacion` (`Usuario_identificacion`),
  KEY `fk_Producto_has_OrdenProveedor_OrdenProveedor1_idx` (`OrdenProveedor_codigo`),
  KEY `fk_Producto_has_OrdenProveedor_Producto1_idx` (`Producto_codigo`)
) ENGINE=InnoDB DEFAULT CHARSET=utf8 COLLATE=utf8_general_ci;
/*!40101 SET character_set_client = @saved_cs_client */;

--
-- Dumping data for table `compra`
--

LOCK TABLES `compra` WRITE;
/*!40000 ALTER TABLE `compra` DISABLE KEYS */;
/*!40000 ALTER TABLE `compra` ENABLE KEYS */;
UNLOCK TABLES;

--
-- Table structure for table `configuracion_stock`
--

DROP TABLE IF EXISTS `configuracion_stock`;
/*!40101 SET @saved_cs_client     = @@character_set_client */;
/*!40101 SET character_set_client = utf8 */;
CREATE TABLE `configuracion_stock` (
  `id` int(11) NOT NULL AUTO_INCREMENT,
  `min_quantity` int(11) NOT NULL,
  `alarm_time` time DEFAULT NULL,
  `notification_method` varchar(20) NOT NULL,
  PRIMARY KEY (`id`)
) ENGINE=InnoDB AUTO_INCREMENT=3 DEFAULT CHARSET=utf8mb4 COLLATE=utf8mb4_general_ci;
/*!40101 SET character_set_client = @saved_cs_client */;

--
-- Dumping data for table `configuracion_stock`
--

LOCK TABLES `configuracion_stock` WRITE;
/*!40000 ALTER TABLE `configuracion_stock` DISABLE KEYS */;
INSERT INTO `configuracion_stock` VALUES (1,5,'08:00:00','popup'),(2,60,'09:00:00','both');
/*!40000 ALTER TABLE `configuracion_stock` ENABLE KEYS */;
UNLOCK TABLES;

--
-- Table structure for table `factura`
--

DROP TABLE IF EXISTS `factura`;
/*!40101 SET @saved_cs_client     = @@character_set_client */;
/*!40101 SET character_set_client = utf8 */;
CREATE TABLE `factura` (
  `codigo` int(11) NOT NULL AUTO_INCREMENT,
  `fechaGeneracion` datetime NOT NULL,
  `Usuario_identificacion` int(11) NOT NULL,
  `Cliente_codigo` int(20) NOT NULL,
  `precioTotal` double NOT NULL,
  PRIMARY KEY (`codigo`),
  KEY `fk_Usuario_has_Producto_Usuario1_idx` (`Usuario_identificacion`),
  KEY `fk_Factura_Cliente1_idx` (`Cliente_codigo`),
  CONSTRAINT `fk_Factura_Cliente1_idx` FOREIGN KEY (`Cliente_codigo`) REFERENCES `cliente` (`codigo`),
  CONSTRAINT `fk_Usuario_has_Producto_Usuario1` FOREIGN KEY (`Usuario_identificacion`) REFERENCES `usuario` (`identificacion`) ON DELETE NO ACTION ON UPDATE NO ACTION
) ENGINE=InnoDB AUTO_INCREMENT=71 DEFAULT CHARSET=utf8 COLLATE=utf8_general_ci;
/*!40101 SET character_set_client = @saved_cs_client */;

--
-- Dumping data for table `factura`
--

LOCK TABLES `factura` WRITE;
/*!40000 ALTER TABLE `factura` DISABLE KEYS */;
INSERT INTO `factura` VALUES (11,'2025-03-17 15:17:27',123,2222222,2608),(12,'2025-03-17 15:17:37',123,2222222,2608),(13,'2025-03-17 21:49:58',123,2222222,132476),(14,'2025-03-18 12:04:45',123,2222222,15054),(15,'2025-03-18 13:54:02',123,0,1616),(16,'2025-03-18 13:54:06',123,0,1616),(17,'2025-03-18 14:06:28',123,2222222,7527),(18,'2025-03-18 14:07:02',123,2222222,7527),(19,'2025-03-18 14:07:21',123,2222222,7527),(20,'2025-03-18 19:12:27',123,2222222,7527),(21,'2025-03-18 19:16:12',123,2222222,7527),(22,'2025-03-18 19:16:30',123,2222222,7527),(23,'2025-03-18 19:19:44',123,2222222,7527),(24,'2025-03-18 19:23:18',123,2222222,7527),(25,'2025-03-18 19:23:44',123,2222222,7527),(26,'2025-03-18 19:36:26',123,2222222,7527),(27,'2025-03-18 19:46:13',123,0,7527),(28,'2025-03-18 20:01:52',123,2222222,7527),(29,'2025-03-18 20:49:39',123,2222222,7527),(30,'2025-03-18 20:54:30',123,2222222,54949),(31,'2025-03-18 20:58:44',123,2222222,54949),(32,'2025-03-18 21:01:07',123,2222222,54949),(33,'2025-03-18 21:09:42',123,2222222,7527),(34,'2025-03-19 06:12:13',123,2222222,15054),(35,'2025-03-19 06:13:50',123,2222222,15054),(36,'2025-03-19 07:21:27',123,2222222,15054),(37,'2025-03-19 07:26:08',123,2222222,22581),(38,'2025-03-19 07:39:29',123,2222222,15054),(39,'2025-03-19 07:58:53',123,2222222,15054),(40,'2025-03-19 08:00:35',123,2222222,15054),(41,'2025-03-19 08:04:33',123,2222222,10165),(42,'2025-03-19 09:07:49',123,2222222,65254),(43,'2025-03-19 09:11:48',123,2222222,109898),(44,'2025-03-19 09:30:29',123,2222222,1561),(45,'2025-03-19 09:31:14',123,2222222,1561),(46,'2025-03-19 10:34:22',123,2222222,22581),(47,'2025-03-19 10:44:39',123,2222222,15054),(48,'2025-03-19 10:46:14',123,789,8046),(49,'2025-03-19 10:57:39',123,2222222,22581),(50,'2025-03-19 11:02:49',123,2222222,650000),(51,'2025-03-19 11:06:36',123,2222222,30108),(52,'2025-03-19 11:12:35',123,2222222,2682),(53,'2025-03-20 09:54:21',123,2222222,115212),(54,'2025-03-21 09:51:24',123,2222222,1561),(55,'2025-03-26 08:17:45',123,2222222,321321),(56,'2025-03-26 08:17:58',123,2222222,321321),(57,'2025-03-26 08:18:26',123,2222222,321321),(58,'2025-03-26 09:16:58',123,2222222,321321),(59,'2025-03-26 09:26:30',123,2222222,321321),(60,'2025-03-26 18:40:28',123,2222222,321321),(61,'2025-03-26 18:48:14',123,2222222,321321),(62,'2025-03-26 18:59:01',123,2222222,321321),(63,'2025-03-26 19:08:20',123,2222222,321321),(64,'2025-03-27 09:02:34',123,123,185200),(65,'2025-03-28 09:10:47',123,2222222,321321),(66,'2025-03-28 09:12:02',123,2222222,321321),(67,'2025-03-28 09:30:16',123,2222222,321321),(68,'2025-03-28 10:44:57',123,2222222,321321),(69,'2025-03-28 10:46:19',123,2222222,321321),(70,'2025-04-07 13:57:17',123,0,2223);
/*!40000 ALTER TABLE `factura` ENABLE KEYS */;
UNLOCK TABLES;

--
-- Table structure for table `factura_metodo_pago`
--

DROP TABLE IF EXISTS `factura_metodo_pago`;
/*!40101 SET @saved_cs_client     = @@character_set_client */;
/*!40101 SET character_set_client = utf8 */;
CREATE TABLE `factura_metodo_pago` (
  `id` int(11) NOT NULL AUTO_INCREMENT,
  `Factura_codigo` int(11) NOT NULL,
  `metodoPago` enum('tarjeta','efectivo','transferencia') NOT NULL,
  `monto` double NOT NULL,
  PRIMARY KEY (`id`),
  KEY `Factura_codigo` (`Factura_codigo`),
  CONSTRAINT `factura_metodo_pago_ibfk_1` FOREIGN KEY (`Factura_codigo`) REFERENCES `factura` (`codigo`)
) ENGINE=InnoDB AUTO_INCREMENT=95 DEFAULT CHARSET=utf8mb4 COLLATE=utf8mb4_general_ci;
/*!40101 SET character_set_client = @saved_cs_client */;

--
-- Dumping data for table `factura_metodo_pago`
--

LOCK TABLES `factura_metodo_pago` WRITE;
/*!40000 ALTER TABLE `factura_metodo_pago` DISABLE KEYS */;
INSERT INTO `factura_metodo_pago` VALUES (18,11,'efectivo',2608000),(19,12,'efectivo',2608000),(20,13,'efectivo',50000),(21,13,'transferencia',82476),(22,14,'efectivo',5000),(23,14,'transferencia',10054),(24,15,'efectivo',100000),(25,15,'tarjeta',500000),(26,16,'efectivo',100000),(27,16,'tarjeta',500000),(28,16,'transferencia',1016898),(29,17,'efectivo',5000),(30,17,'tarjeta',2527),(31,18,'efectivo',5000),(32,18,'tarjeta',2527),(33,19,'efectivo',5000),(34,19,'tarjeta',2527),(35,20,'efectivo',5000),(36,20,'transferencia',2527),(37,21,'efectivo',5000),(38,21,'transferencia',2527),(39,22,'efectivo',5000),(40,22,'transferencia',2527),(41,23,'efectivo',5000),(42,23,'tarjeta',2527),(43,24,'efectivo',7527),(44,25,'efectivo',7527),(45,26,'efectivo',7527),(46,27,'efectivo',5000),(47,27,'transferencia',2527),(48,28,'efectivo',7527),(49,29,'efectivo',7527),(50,30,'efectivo',54949),(51,31,'efectivo',54949),(52,32,'efectivo',54949),(53,33,'efectivo',7527),(54,34,'efectivo',5054),(55,34,'transferencia',10000),(56,35,'efectivo',5054),(57,35,'transferencia',5000),(58,35,'transferencia',5000),(59,36,'efectivo',15054),(60,37,'efectivo',22581),(61,38,'efectivo',15054),(62,39,'efectivo',15054),(63,40,'transferencia',15054),(64,41,'efectivo',10165159),(65,42,'efectivo',65254),(66,43,'efectivo',50000),(67,43,'transferencia',59898),(68,44,'efectivo',1561949),(69,45,'efectivo',1561949),(70,46,'efectivo',22581),(71,47,'efectivo',15054),(72,48,'efectivo',8046),(73,49,'efectivo',22581),(74,50,'transferencia',650000),(75,51,'efectivo',30108),(76,52,'efectivo',2682),(77,53,'efectivo',115212),(78,54,'efectivo',1561949),(79,55,'efectivo',321321),(80,56,'efectivo',321321),(81,57,'efectivo',321321),(82,58,'efectivo',321321),(83,59,'efectivo',321321),(84,60,'efectivo',321321),(85,61,'efectivo',321321),(86,62,'efectivo',321321),(87,63,'efectivo',321321),(88,64,'efectivo',185200),(89,65,'efectivo',321321),(90,66,'efectivo',321321),(91,67,'efectivo',321321),(92,68,'efectivo',321321),(93,69,'efectivo',321321),(94,70,'efectivo',2223123);
/*!40000 ALTER TABLE `factura_metodo_pago` ENABLE KEYS */;
UNLOCK TABLES;

--
-- Table structure for table `marca`
--

DROP TABLE IF EXISTS `marca`;
/*!40101 SET @saved_cs_client     = @@character_set_client */;
/*!40101 SET character_set_client = utf8 */;
CREATE TABLE `marca` (
  `codigo` int(11) NOT NULL,
  `nombre` varchar(45) NOT NULL,
  PRIMARY KEY (`codigo`)
) ENGINE=InnoDB DEFAULT CHARSET=utf8 COLLATE=utf8_general_ci;
/*!40101 SET character_set_client = @saved_cs_client */;

--
-- Dumping data for table `marca`
--

LOCK TABLES `marca` WRITE;
/*!40000 ALTER TABLE `marca` DISABLE KEYS */;
INSERT INTO `marca` VALUES (1,'akt'),(2,'yamaha'),(3,'bajaj'),(4,'suzuki'),(5,'honda'),(6,'ninja');
/*!40000 ALTER TABLE `marca` ENABLE KEYS */;
UNLOCK TABLES;

--
-- Table structure for table `notificaciones`
--

DROP TABLE IF EXISTS `notificaciones`;
/*!40101 SET @saved_cs_client     = @@character_set_client */;
/*!40101 SET character_set_client = utf8 */;
CREATE TABLE `notificaciones` (
  `id` int(11) NOT NULL AUTO_INCREMENT,
  `mensaje` text NOT NULL,
  `fecha` timestamp NOT NULL DEFAULT current_timestamp(),
  `leida` tinyint(1) DEFAULT 0,
  PRIMARY KEY (`id`)
) ENGINE=InnoDB AUTO_INCREMENT=35 DEFAULT CHARSET=utf8mb4 COLLATE=utf8mb4_general_ci;
/*!40101 SET character_set_client = @saved_cs_client */;

--
-- Dumping data for table `notificaciones`
--

LOCK TABLES `notificaciones` WRITE;
/*!40000 ALTER TABLE `notificaciones` DISABLE KEYS */;
INSERT INTO `notificaciones` VALUES (1,'Producto nose bajo mínimo! Stock actual: 42','2025-03-26 23:59:01',1),(2,'Producto chazis bajo mínimo! Stock actual: 20','2025-03-26 23:59:01',1),(3,'Producto nose bajo mínimo! Stock actual: 41','2025-03-27 00:08:20',1),(4,'Producto chazis bajo mínimo! Stock actual: 20','2025-03-27 00:08:20',1),(5,'Producto nose bajo mínimo! Stock actual: 41','2025-03-27 14:02:34',1),(6,'Producto chazis bajo mínimo! Stock actual: 19','2025-03-27 14:02:34',1),(7,'Producto chaiz bajo mínimo! Stock actual: 49','2025-03-27 14:02:34',1),(8,'Producto nose bajo mínimo! Stock actual: 40','2025-03-28 14:10:47',1),(9,'Producto chazis bajo mínimo! Stock actual: 19','2025-03-28 14:10:47',1),(10,'Producto chaiz bajo mínimo! Stock actual: 49','2025-03-28 14:10:47',1),(11,'Producto nose bajo mínimo! Stock actual: 39','2025-03-28 14:12:02',1),(12,'Producto chazis bajo mínimo! Stock actual: 19','2025-03-28 14:12:02',1),(13,'Producto chaiz bajo mínimo! Stock actual: 49','2025-03-28 14:12:02',1),(14,'Producto nose bajo mínimo! Stock actual: 38','2025-03-28 14:30:16',1),(15,'Producto chazis bajo mínimo! Stock actual: 19','2025-03-28 14:30:16',1),(16,'Producto chaiz bajo mínimo! Stock actual: 49','2025-03-28 14:30:16',1),(17,'Producto nose bajo mínimo! Stock actual: 37','2025-03-28 15:44:57',1),(18,'Producto chazis bajo mínimo! Stock actual: 19','2025-03-28 15:44:57',1),(19,'Producto chaiz bajo mínimo! Stock actual: 49','2025-03-28 15:44:57',1),(20,'Producto nose bajo mínimo! Stock actual: 36','2025-03-28 15:46:19',1),(21,'Producto chazis bajo mínimo! Stock actual: 19','2025-03-28 15:46:19',1),(22,'Producto chaiz bajo mínimo! Stock actual: 49','2025-03-28 15:46:19',1),(23,'Producto fghdhf bajo mínimo! Stock actual: 36','2025-04-07 18:57:17',1),(24,'Producto chazis bajo mínimo! Stock actual: 19','2025-04-07 18:57:17',1),(25,'Producto efhedjh bajo mínimo! Stock actual: 1','2025-04-07 18:57:17',1),(26,'Producto rhefh bajo mínimo! Stock actual: 52','2025-04-07 18:57:17',1),(27,'Producto freno bajo mínimo! Stock actual: 25','2025-04-07 18:57:17',1),(28,'Producto filtro de aceite fz18 200 bajo mínimo! Stock actual: 4','2025-04-07 18:57:17',1),(29,'Producto pin pastilla freno set xt660 bajo mínimo! Stock actual: 5','2025-04-07 18:57:17',1),(30,'Producto foco bajo mínimo! Stock actual: 9','2025-04-07 18:57:17',1),(31,'Producto fhdh bajo mínimo! Stock actual: 19','2025-04-07 18:57:17',1),(32,'Producto kit de arrastre cb 190r honda original bajo mínimo! Stock actual: 6','2025-04-07 18:57:17',1),(33,'Producto dulce bajo mínimo! Stock actual: 7','2025-04-07 18:57:17',0),(34,'Producto sdgdjhfgj bajo mínimo! Stock actual: 45','2025-04-07 18:57:17',0);
/*!40000 ALTER TABLE `notificaciones` ENABLE KEYS */;
UNLOCK TABLES;

--
-- Table structure for table `permiso`
--

DROP TABLE IF EXISTS `permiso`;
/*!40101 SET @saved_cs_client     = @@character_set_client */;
/*!40101 SET character_set_client = utf8 */;
CREATE TABLE `permiso` (
  `id` int(11) NOT NULL AUTO_INCREMENT,
  `nombre` varchar(50) NOT NULL,
  PRIMARY KEY (`id`)
) ENGINE=InnoDB AUTO_INCREMENT=24 DEFAULT CHARSET=utf8mb4 COLLATE=utf8mb4_general_ci;
/*!40101 SET character_set_client = @saved_cs_client */;

--
-- Dumping data for table `permiso`
--

LOCK TABLES `permiso` WRITE;
/*!40000 ALTER TABLE `permiso` DISABLE KEYS */;
INSERT INTO `permiso` VALUES (1,'PRODUCTO'),(2,'Crear Producto'),(3,'Actualizar Producto'),(4,'Categorias'),(5,'Ubicacion'),(6,'Marca'),(7,'PROVEEDOR'),(8,'Crear Proveedor'),(9,'Actualizar Proveedor'),(10,'Lista Proveedor'),(11,'INVENTARIO'),(12,'Lista de Productos'),(13,'FACTURA'),(14,'Venta'),(15,'Reporte'),(16,'USUARIO'),(17,'Informacion'),(18,'CONFIGURACION'),(19,'Stock'),(20,'Gestion de usuarios'),(21,'Personalizacion de Reportes'),(22,'Notificaciones de Stock'),(23,'Frecuencia Automatica de Reportes');
/*!40000 ALTER TABLE `permiso` ENABLE KEYS */;
UNLOCK TABLES;

--
-- Table structure for table `producto`
--

DROP TABLE IF EXISTS `producto`;
/*!40101 SET @saved_cs_client     = @@character_set_client */;
/*!40101 SET character_set_client = utf8 */;
CREATE TABLE `producto` (
  `codigo1` int(11) NOT NULL,
  `codigo2` int(50) NOT NULL,
  `nombre` varchar(45) NOT NULL,
  `iva` double NOT NULL,
  `precio1` double NOT NULL,
  `precio2` double NOT NULL,
  `precio3` double NOT NULL,
  `cantidad` int(11) NOT NULL,
  `descripcion` text NOT NULL,
  `Categoria_codigo` int(11) NOT NULL,
  `Marca_codigo` int(11) NOT NULL,
  `UnidadMedida_codigo` int(11) NOT NULL,
  `Ubicacion_codigo` int(11) NOT NULL,
  `proveedor_nit` int(11) NOT NULL,
  PRIMARY KEY (`codigo1`),
  KEY `fk_Producto_Categoria1_idx` (`Categoria_codigo`),
  KEY `fk_Producto_Marca1_idx` (`Marca_codigo`),
  KEY `fk_Producto_UnidadMedida1_idx` (`UnidadMedida_codigo`),
  KEY `fk_Producto_Ubicacion1_idx` (`Ubicacion_codigo`),
  KEY `proveedor_nit` (`proveedor_nit`) USING BTREE,
  CONSTRAINT `fk_Producto_Categoria1` FOREIGN KEY (`Categoria_codigo`) REFERENCES `categoria` (`codigo`) ON DELETE NO ACTION ON UPDATE NO ACTION,
  CONSTRAINT `fk_Producto_Marca1` FOREIGN KEY (`Marca_codigo`) REFERENCES `marca` (`codigo`) ON DELETE NO ACTION ON UPDATE NO ACTION,
  CONSTRAINT `fk_Producto_Proveedor1` FOREIGN KEY (`proveedor_nit`) REFERENCES `proveedor` (`nit`) ON DELETE NO ACTION ON UPDATE NO ACTION,
  CONSTRAINT `fk_Producto_Ubicacion1` FOREIGN KEY (`Ubicacion_codigo`) REFERENCES `ubicacion` (`codigo`) ON DELETE NO ACTION ON UPDATE NO ACTION,
  CONSTRAINT `fk_Producto_UnidadMedida1` FOREIGN KEY (`UnidadMedida_codigo`) REFERENCES `unidadmedida` (`codigo`) ON DELETE NO ACTION ON UPDATE NO ACTION
) ENGINE=InnoDB DEFAULT CHARSET=utf8 COLLATE=utf8_general_ci;
/*!40101 SET character_set_client = @saved_cs_client */;

--
-- Dumping data for table `producto`
--

LOCK TABLES `producto` WRITE;
/*!40000 ALTER TABLE `producto` DISABLE KEYS */;
INSERT INTO `producto` VALUES (2,3,'banana',19,24567987645,321659878,316487,15,'sdgasdgg',1,1,3,3,753),(12,23,'123',19,213123,2223123,23,225356230,'16549848',3,3,4,2,157),(149,0,'fghdhf',19,2384,16849,1231849,36,'sfhdh',5,3,2,3,753),(232,0,'efhedjh',19,26519,65254,59299,1,'ssdggs',5,3,1,2,753),(369,0,'Faro',19,1619498,1561949,199494,789,'amarillo',4,3,2,3,87),(457,0,'jlijkñ',54275,52752,7527,7272,72,'hjkhjkh',4,3,2,2,87),(458,0,'rhefh',19,16847,2682,1987654,52,'sgsg',4,3,1,3,89849),(475,0,'freno',19,540000,650000,4250000,25,'frenos buennos',5,4,2,45,89849),(564,0,'filtro de aceite fz18 200',19,18462,9515159,453543,4,'asmknd kjas dkja sjkd kjas dkj sakjc jkas ckj sakjc ksa kc jsac',2,2,1,4,9298),(745,0,'pin pastilla freno set xt660',19,860,8191915981,5119191,5,'nn',5,3,1,3,753),(879,0,'foco',19,5620000,652000,4600000,9,'buena iluminacion',4,2,2,1,753),(895,0,'fhdh',15,194941,54949,59849,19,'fdhdfh',4,4,2,3,753),(954,0,'kit de arrastre cb 190r honda original',19,1659,6516516516,651651651,6,'dlgknsodnvosdnvoknsdklnvlksdmnvmsdomvnk',2,5,1,4,648465165),(1204,0,'dulce',19,3456346,876876,8757865,7,'r6utr6utryjtryujty',2,2,1,3,9298),(1564,0,'sdgdjhfgj',18,49494,5000000,4800000,45,'no se bndad',5,3,2,3,753),(1654,0,'AKT',19,25614949,5648949,659494,65,'adfsjyupo}+´p',4,4,2,3,45686);
/*!40000 ALTER TABLE `producto` ENABLE KEYS */;
UNLOCK TABLES;

--
-- Table structure for table `producto_factura`
--

DROP TABLE IF EXISTS `producto_factura`;
/*!40101 SET @saved_cs_client     = @@character_set_client */;
/*!40101 SET character_set_client = utf8 */;
CREATE TABLE `producto_factura` (
  `id` int(11) NOT NULL AUTO_INCREMENT,
  `Factura_codigo` int(11) NOT NULL,
  `Producto_codigo` int(11) NOT NULL,
  `cantidad` int(11) NOT NULL,
  `precioUnitario` double NOT NULL,
  PRIMARY KEY (`id`),
  KEY `Factura_codigo` (`Factura_codigo`),
  KEY `producto_factura_ibfk_2` (`Producto_codigo`),
  CONSTRAINT `producto_factura_ibfk_1` FOREIGN KEY (`Factura_codigo`) REFERENCES `factura` (`codigo`),
  CONSTRAINT `producto_factura_ibfk_2` FOREIGN KEY (`Producto_codigo`) REFERENCES `producto` (`codigo1`) ON DELETE CASCADE
) ENGINE=InnoDB AUTO_INCREMENT=77 DEFAULT CHARSET=utf8mb4 COLLATE=utf8mb4_general_ci;
/*!40101 SET character_set_client = @saved_cs_client */;

--
-- Dumping data for table `producto_factura`
--

LOCK TABLES `producto_factura` WRITE;
/*!40000 ALTER TABLE `producto_factura` DISABLE KEYS */;
INSERT INTO `producto_factura` VALUES (76,70,12,1,2223);
/*!40000 ALTER TABLE `producto_factura` ENABLE KEYS */;
UNLOCK TABLES;

--
-- Table structure for table `producto_has_factura`
--

DROP TABLE IF EXISTS `producto_has_factura`;
/*!40101 SET @saved_cs_client     = @@character_set_client */;
/*!40101 SET character_set_client = utf8 */;
CREATE TABLE `producto_has_factura` (
  `Producto_codigo` int(11) NOT NULL,
  `Factura_codigo` int(11) NOT NULL,
  `cantidad` int(11) NOT NULL,
  `precioUnitario` double NOT NULL,
  PRIMARY KEY (`Producto_codigo`,`Factura_codigo`),
  KEY `fk_Producto_has_Factura_Factura1_idx` (`Factura_codigo`),
  KEY `fk_Producto_has_Factura_Producto1_idx` (`Producto_codigo`),
  CONSTRAINT `fk_Producto_has_Factura_Factura1` FOREIGN KEY (`Factura_codigo`) REFERENCES `factura` (`codigo`) ON DELETE NO ACTION ON UPDATE NO ACTION,
  CONSTRAINT `fk_Producto_has_Factura_Producto1` FOREIGN KEY (`Producto_codigo`) REFERENCES `producto` (`codigo1`) ON DELETE NO ACTION ON UPDATE NO ACTION
) ENGINE=InnoDB DEFAULT CHARSET=utf8 COLLATE=utf8_general_ci;
/*!40101 SET character_set_client = @saved_cs_client */;

--
-- Dumping data for table `producto_has_factura`
--

LOCK TABLES `producto_has_factura` WRITE;
/*!40000 ALTER TABLE `producto_has_factura` DISABLE KEYS */;
/*!40000 ALTER TABLE `producto_has_factura` ENABLE KEYS */;
UNLOCK TABLES;

--
-- Table structure for table `proveedor`
--

DROP TABLE IF EXISTS `proveedor`;
/*!40101 SET @saved_cs_client     = @@character_set_client */;
/*!40101 SET character_set_client = utf8 */;
CREATE TABLE `proveedor` (
  `nit` int(11) NOT NULL,
  `nombre` varchar(45) NOT NULL,
  `telefono` varchar(13) NOT NULL,
  `direccion` varchar(100) NOT NULL,
  `correo` varchar(45) NOT NULL,
  `estado` enum('activo','inactivo') NOT NULL,
  PRIMARY KEY (`nit`)
) ENGINE=InnoDB DEFAULT CHARSET=utf8 COLLATE=utf8_general_ci;
/*!40101 SET character_set_client = @saved_cs_client */;

--
-- Dumping data for table `proveedor`
--

LOCK TABLES `proveedor` WRITE;
/*!40000 ALTER TABLE `proveedor` DISABLE KEYS */;
INSERT INTO `proveedor` VALUES (9,'kawasaki','456','cra 24 # 3 apto 131 ','castillorodriguezmariana2@gmail.com','activo'),(87,'nose','43654645','dfgdrdh','dghfghfgh','activo'),(157,'ninja','3136481164','calle 15','ninja@gmail.com','activo'),(753,'victori','987','calle 86','victori1547@gmail.com','activo'),(9298,'suzuki','295198195','cra 17 n 37 -2 20','suzuki20@gmail.com','activo'),(45686,'akt','32312613','cra 16 a n 45 -30','aktparte@gmail.com','activo'),(89849,'bmw','94945151','cra 10 n 48 - 23','bmwpartes@gmail.com','activo'),(648465165,'honda','9528161','cra20 n 37 -18','hondapartes@gmail.com','activo');
/*!40000 ALTER TABLE `proveedor` ENABLE KEYS */;
UNLOCK TABLES;

--
-- Table structure for table `ubicacion`
--

DROP TABLE IF EXISTS `ubicacion`;
/*!40101 SET @saved_cs_client     = @@character_set_client */;
/*!40101 SET character_set_client = utf8 */;
CREATE TABLE `ubicacion` (
  `codigo` int(11) NOT NULL,
  `nombre` varchar(45) NOT NULL,
  PRIMARY KEY (`codigo`)
) ENGINE=InnoDB DEFAULT CHARSET=utf8 COLLATE=utf8_general_ci;
/*!40101 SET character_set_client = @saved_cs_client */;

--
-- Dumping data for table `ubicacion`
--

LOCK TABLES `ubicacion` WRITE;
/*!40000 ALTER TABLE `ubicacion` DISABLE KEYS */;
INSERT INTO `ubicacion` VALUES (1,'estanteria 4'),(2,'pasillo 4 '),(3,'cajon 3'),(4,'columna 23'),(45,'b34');
/*!40000 ALTER TABLE `ubicacion` ENABLE KEYS */;
UNLOCK TABLES;

--
-- Table structure for table `unidadmedida`
--

DROP TABLE IF EXISTS `unidadmedida`;
/*!40101 SET @saved_cs_client     = @@character_set_client */;
/*!40101 SET character_set_client = utf8 */;
CREATE TABLE `unidadmedida` (
  `codigo` int(11) NOT NULL,
  `nombre` varchar(45) NOT NULL,
  PRIMARY KEY (`codigo`)
) ENGINE=InnoDB DEFAULT CHARSET=utf8 COLLATE=utf8_general_ci;
/*!40101 SET character_set_client = @saved_cs_client */;

--
-- Dumping data for table `unidadmedida`
--

LOCK TABLES `unidadmedida` WRITE;
/*!40000 ALTER TABLE `unidadmedida` DISABLE KEYS */;
INSERT INTO `unidadmedida` VALUES (1,'unidad'),(2,'unidades'),(3,'unidades'),(4,'unidades'),(5,'unidades');
/*!40000 ALTER TABLE `unidadmedida` ENABLE KEYS */;
UNLOCK TABLES;

--
-- Table structure for table `usuario`
--

DROP TABLE IF EXISTS `usuario`;
/*!40101 SET @saved_cs_client     = @@character_set_client */;
/*!40101 SET character_set_client = utf8 */;
CREATE TABLE `usuario` (
  `identificacion` int(11) NOT NULL,
  `tipoDocumento` varchar(50) DEFAULT 'cedula de ciudadania',
  `rol` enum('administrador','gerente') DEFAULT 'gerente',
  `nombre` varchar(45) NOT NULL,
  `apellido` varchar(45) NOT NULL,
  `telefono` varchar(13) NOT NULL,
  `direccion` varchar(100) NOT NULL,
  `correo` varchar(45) NOT NULL,
  `contraseña` varchar(255) NOT NULL,
  `estado` enum('activo','inactivo') DEFAULT 'activo',
  `foto` longblob NOT NULL,
  `preguntaSeguridad` enum('¿Cuál es el nombre de tu primera mascota?','¿En qué ciudad naciste?','¿Cuál es el nombre de tu escuela primaria?') NOT NULL,
  `respuestaSeguridad` varchar(255) NOT NULL,
  PRIMARY KEY (`identificacion`)
) ENGINE=InnoDB DEFAULT CHARSET=utf8 COLLATE=utf8_general_ci;
/*!40101 SET character_set_client = @saved_cs_client */;

--
-- Dumping data for table `usuario`
--

LOCK TABLES `usuario` WRITE;
/*!40000 ALTER TABLE `usuario` DISABLE KEYS */;
INSERT INTO `usuario` VALUES (123,'cedula de ciudadania','administrador','ramiro','gonzales','123','123','nose@gmail.com','$2y$10$7UchjN72ld2G5N44/XdC/e5wfM2M/9TeNCktN5frRAh7jBS1voZp.','activo','\0JFIF\0\0\0\0\0\0\0\0\n\n\n\"\"$$6*&&*6>424>LDDL_Z_||\n\n\n\"\"$$6*&&*6>424>LDDL_Z_||\0\"\0\0/\0\0\0\0\0\0\0\0\0\0\0\0\0\0\0\0\0\0\0\0\0\0\0\0\0\0\0\0\0\0𮴚՝7V\'LlE2PIA#Y&UegF\\gd[i*ʒ*N{D<j\"]N~9V Ԕʨe3f93y#3n<@\r0\0yu..`0.DJ5KWewTh\'Yv5HE2\rdh-2;dۏyKXhk\"ԫVD茧Y2.93ˢ%NpTܸWSoRi&1\r9M\r\'=u$K%5ʹΫJɦ3GkY2h`\0Lrx]q5==#Н(HJTM\'I2dv<>C>hբc\0\Z&-C$2h:[!&\Z#XYo&oXjfk:-\n\0\0	F{g/>}YK3j1vj`\"\Zi\0mF)LL1ꃇ>^_C(^:1,LKUzAMFW).[5PYΛ\'McjZ͚vUC,L\0!jI#7:9ej[qZɝҡƩ*\\<|d3.<p;;δ\n`$hkr@ȢGkeQ4YZjdLٮ&&o^:<ꮳ,MHǟXW6֙%O7Z	\0v0x3V5eY0x+LΝ^ll]^%Mbag2WDVlH2B2+5M*(󴺊.*LC@BMF|=rtel.1\"tTtce  Vg4-$t&2Yk{*Xit60yѽrn9T(r$nYB 1U硦liW7cET(ҡnX\02U(1iȦ2z:lƬ9g:Ig:J/\Z<1Yџ&G^<uG2:#;=ŬtLbe\00R\ZΣm.֖PK,չ&DM̰\ni*rQI͊Z\0`JɚDMhZ3fiĎ[ZƐHr ͝p/E.1FYhPtK=*i)0\nAB$]Ԋ,#|R|t{hz]Fv5B (rbM7$\"uQFur<[r4\0UMo\"\npfE 4ΓGX@rҜ9ɮl&[mzyiV4DqFɇ<Y\\}qϕs:\0)]fl[Au\ZvroI\r2YWTQuM6mXݚRDH͖&.~x~oyf!,wFEC	O5;_zRqr͍˿2LkY,mhn0 j.Ke˼ҳJΊ1\"cżiYW!ҏ?2<i\Zirvƍ.,=鮧7/Ͼ8&z4χԐ\0\rȉky\"B=jV\0ܱ͖J46qEԲ6iYG IiYQeVl9; ^*;ϥg\'I\'b)xpJJ=^\r㇛o?#nN2=6@&X҃u>И(\0\0wiqe5@HUgID$,@Vlڲf;|ōqQVzwfV5	܈yyK}NSuWy||aǮs10\0u/?VDjڡRLrCVSkw6\0c\0bCI卦0\nrTO+ggzz}zqoN30h}\\uu.:>lwceU\n24\r40:^\r7\0\0\0\0&\0VMTѥͣ`64%HI\n0Lu6\0ԉgl5FyK&Ǘ4&\0Xkq8*Fݘ\n֌kAa&\0\0\0\0\0\0CDpKMmKsIM2`RڈLhT`txgYr{z$+9x&FO8桊ֺW?M3Z㦗6V\0\0	\r\0\0 \0\0C7gy4R.5ֲ;-(\0̠c&@h!{23ϡKŏ𭱀\\Zөo|ޱ:isC\0(\0\0L\0\0J=919ZP-AUv_>),60dL9cPeTRoчE2\0\0Fǯ)x32}}3mtu46@U4[N~si]u.k3J+;ҢRb3CABh\04uʼ|w;\0`&)9;U/p/\negmm\n#B\0eTU5ci=ǿ3ώ%ԫD*ʳYI&zWܽu$RD卦J.s7ZU՝6}g]‰i\0\0,3ã(ZDp<g\'oxTr\0@\0!\0\04¥SLV撚b(1ˮc?C51^2^Edl<}MykG1!$Sie$c%lM:3Y)˱740\0hCDqz.|=Wͪ$1\0\0\0\0TrˬQnZP5SaT`f=ɟNF}Koϼ֕T!\n[w1Ȝ^kksw4\\Ս@\0SL\0\0\\̱8.ǯ6&\0\0 TC62nw%uZ=0<oMti@+j,4ZYZͲU\0`Lb YN:/?/^+i (\0\0\nh\"NUciAB\nqET4YѥeF&*h.s{햅^YT]MfdJt6ܺm0`\0@ЅLFZ.o)\"Ӑ\"\r\0&P(7,UC-\ZVTmYZhH	˛^Bo]3tSUSE=)\0A6І	4LDI1\\c<c@@\0\r\0\04)-QETjfckCJ榮檓D-Tt\ri:3U6ia`\Z`\0\0\0MH&4\\8B]6˦56\0Hܰ\0\Z\0\0\0SPԴii-4ҳYtft\rU\r4CR.*[%*\Zt\r1\0hγ2RM)S1\Z4b&BHcr&SANYDԅG)W%iJTEJԡ+H՚XU,m:\0\010M88.o97|a$@  \r\0!F\0UC(AM9n^ZM:J\ZR4w:Vh246&64H䘬dha%R`0@¥\0\0h))˦&S[UEEei.vHQp\n=Y;\0P1\0\0 &v1sH< \0 A0I\0\0T414\0\0\0\040\":KԴΖQgtDKjM3YU\Z8i61A.	Ʋܹ-sJІ!4\0\0&\0\"\0\0\0\0\0T\0\0-v[[Lt,EDT-im;*Β܅z&T\nr10Mr,sS}ʺ1$^8bA@#\0L\0\0\0@\0\0*]0\0 gEeTQf	HZE%(wYUC,@܅@\0$!soa-kƏUi=(@T4$FPK\0\0b h\0\0&\0\0M6	A@)SE4ʨ( $Հ]%UQE\0M#\0,r4(8`Ƞ.(i%4&XDI!@\0\0`\0!	@)SEQBJ9qe\\ZUKiL@ܲѰ\0  /E/w\r\0,$@hC6Kb!\0\0	C1R45C\0*-jZ%VufUKJrSE9e4#7O/FK̫?s^^yKJhL\0\0\0`!\0@P\0h`R:HmYUFו\ZGy7hKF1Fk6qOG0G 4@\0\0b\Z\04\0\0\n&@CrHY!NuV&15*U\ZVl+*M-T*T8&\"Qdi0k8g\0ߚUy\00\0\0\0Mh\0\0V@CJp%B4R-eT]gU΋rr-9e\0i)ˋn}z\Ze	LeDUEE%c_>;yL]	ɱ\r \0\0\r5\0D4$\0	DI#@H-\\b4qJTQUhUTR؉h@ҶmT3^^r2\"\"bB`eYbJ&C:33j`h\0\0bU̩&4LT&R!+@12(m54[NKZsRЅ.ZT!E	`zp8H.+HRmFbETUO?\\\Z{`\00\0b`	`	+IPf%\\i`i@iK)RFu=)y9i+iR\0\Zi!\r HeeΨ$4FdUtOB|k5m5\0\0\0\0la5kss**JFs5 (ZM0;8Qm85mR61RܖzdSP$<\076f\0ܱܲkXaj%>mYQ\0\04\nA9퐋+(gX!RY)\Zi\rM[[J+@J\\RN!m)#\n#r\0\0Hi,Q34D\rwoaIi;]k*(2u$uv3\\VAaۃXL%*jsEԵXu5-!d6Y\Z3}TT!\r( fݜ6t5+UWq&c]gFҠHDdgfkY365fdj/>\rpg4յKMRT@RkB10f\"aKJ&la-.GfoVasKp^^<=%8&k:\Z<֢r˥@0S6-3Q1ϢL^X\"l˗Ka5?KzMM,Y.\r 1P$:d]MiF/FC6GMySυ/XM4K\Z5oxjiQ`CZn\'`m\'9,j\0ڪ23ޗvǯ@azSEB\'3e&\r0LfQS$Dן[ktV>HVRy wTb΃oXѵiżtTZ.\nd\nnE\"U MMEkVjQU5x3HJyĻ\nQ٥`PKMQR0L\n\0L#pʍh3iD͚VkYQnX9RA3Z%+JC~.p院u^5ZC7+=\rx:o뢲Ѫ* Lu41!C:9K+dB\0\"YuUv[8C[-NjL29{pxs]ڭ8q4۬[0:a{Tqz9q͕R\rH1h)p\\ h 4ύTT40eUE\ZVvTfWN^W/UevUƅJmy\nxytsLt^%P^}դXz%xMuz|>ܱw0˙qNEi9Dc0i/}rH+Y8\ZkQ\r$\07,ΫKhZA:czzZKyZh⩀O/^6x|~\\н!DE\"..\Z<<|yYLnObopk9ter.:oMFhzUtrrY-u㊳@\0\0\0ܲiY٩4)gnoaE[gg}]k.J\r3^o|Dtc%.^=Iǯ|k6<y~f58K(4:K-ȎN8	\\k4^\ZK\ZT\000C0LUŗQTɨ~\0/=mvM*~ϳDM&pvat#\Z|RIuϖn_]~wdUw~EKUaں*0=3V	\0\Z\0`\0\0\0\0PªR/kU O\\L\0N_`.6\nPN La >PYAPi@S`\"P.>XA?\0\0\0\0\0\0\0!~T0À\nN<`xhVXS.gjqID_@x0(o\0Q1\nM㋚M\0^2Fg\0HhJ\'.r_x(\Z\\=ƞh\0UR@<rfU!ѡ=y@` M8mVN=8Aӂ8QUPg(+|,|lYy5\rڳ|k?s\0>nږ`@t<1hrq0ׂ~xz.\n0!P8pPdA7S*غD\rd*@m1wA6%E\0lY#)D#-@Т61A@Aܥ\r{:nW<XWNU50ɶٴۉv&\0O1yXeVQoG\0\03ps@ϩsYdAT<EXE0mET_wVBY\n%_T$pFQC5;tI04q!ME4u*kG6V(w7<\'طqTEm{>5ޡ,a<\"~GK\"]\r\"E0SABsM16 U\"֜46WDBBA*lMq-\0DIcRPg!4J	ToPpP<$Q7!)ѭgC1.\riC4m:җ|t]=\n 0?;\"3=փ\0LQqdҐ\rw${\\p0(ф@]\n8<5a?g,0f@$QF\r\ntpgm ԹP2]7pi80#FZ#\Zzd\n9G\'N  <\'SAGJpiϛqwW\0(Sgl,wP A6\"0@#T\0\\i1\0E+\0$\00i,l(wc_,	XG|ϝ	mg8(7;\0(J#E8&Dr(?FP=_u]\0mE_M(O\0\0\r닣Za2 \0MRL:1^n55&4s\0E]#\0Ǉ)yG~-]Y8AGpCa\0;U2LU!sDhO4WXtmDm\08(40Hh)LAT$uu\\!%p,?P0\n\Z>U$q@9\rAr0a!\0,43x`]@όG	q=PR$HFFEeq|(\\AR-~8x\n#BZB4D\0$5Iı\0<< tq[T4|m)Sal>rEQ\nDYX>0H9R$rs_aqlMYJU9<2 B§A@D;adsL%wUQ;+%0s80x$}PN(\01IT-)pӃ|]p,vK	wp8lq@qȦ2(4YSG!Jc,IER41I\nOO,MR>{,98*22UBK,qJ:#a57G0!	,=ʺхOsCWxn}I$0y*e㋦D-rVE@l(SgˤvziB==[W)jF0\0Ox4COPFg AD{-Նdk%\r\Zq$!([>-榡P\n/,oD)Ar徰F#;tb*P[fU0kBs<`2($5žQT@z)+xȒ(\"Vk<p62+Euot\r\0Ab|A~A<\0?`t(ws\0\0\0\0\0\0\0\0E\"rnQ\0^eаZau#6.\\*ft\'^Ѷ5JTh\nFjgX:ן[\"*CYMP_uX)j3&\Z270?#iJ5I$6یIqYm\r9s!rL{\' یrfEϳo6J_@)).V8\\)\Z\"-_M@0#*eH]b%Q`GoǥT!t͵_d(2`0 5Ȥqi,:-xӡY!ND):i6htM$֙ >:,kH EnI2Qilm87ao,b2mL.Λ\0bQ\r>\\1@nA9főu$ ꤠs>)e>Q\0Hs%* C[gϖ%Ud]Mv*\0@\n6\"ZElCY{\nP\n4b$4S]TooPS_9Bl])B\rV BPQI\"k$\n^+QCU\\Q5U|{(0`\r0!\0pyw+k<\nSdO\\8\0@c8\Z]h500B+_\0Ԥhh%(8%\ZXt\n\0YD=,jb~;6%\"\0f0uTq\ZuMvGnAkn\n̢!dӎDU[QNpԌzL<\"0en)\"B,É嶚\0\r@K4e W	)WWmQ=/8$$`QkT;wᘎn*?@tyG-z8覨}a1*k00sW:>ob|F4jˤ8C;P&&Pe	)/k@p%UDҢd:+0~Fz$\\nr++B	1hӏMr*iWF!i}(o,W<ݺh=ﮖMtaDzQ(%1yX\0\06~\0m)ḯ\n<\0\0\0\0e^t%&Nlx\'nmaj\0RFlpIUB^q譞SZYh\0\0\0\0i0T\0+*Fl\\\'\0\0Q4Q:+-ݰ;<6\\ӌ9\0\0ݠ8\nT\"=`3h~=1&<\"	G&.3ĆTRy\0\0<`C.K(p,iFKq$E,d:R`B&\0^UqE0h!\nm Ii#mhR\"nCUbG%a7F0FPL~J r*G$F!\"mҩζ הT4ȣ̀`Y}@vfA:,U48\'H`+:vdTfV\rT	\\Y6Pu MJ$\Z|e#q:FB2]i\\JΓfοs$#/[ae}>)GQLO\rlL8\0F,8 1$םT6<Iz	דA\Z	PslM/Z0Y?׌^++߸ohqD,R	{mROJzκ:hZ, Xs:}H9.8fE\0aS{N+ò_~ 2c@&z[CAE\nJ8 Ce$U枹&bA%\n`ASp_ωrhM*E{m	VrXh`\0\'ɚ(jNg6Cu\\Y{x|?0\0\0\0/c|_ p7\r׿x_\0#\0\0\0\0\0\0\0\0\0 0\"@!2B1Q\0?\0l[Y{P)hby2X+jĢ.(z\rpުlhcɘ-e	V6Y|,,Oj\Z2x	bŝxXY|bc\Z\Z2BBcVqZX\rT4>TūŮ<RqZQB.,F-CMPq2ǂX˛,1ZT44=.**b|,EEXܵE5j!)9b#(e	Gz̟;.2ˏc}aN0F%YiEpE,LY,F,0<P\0\npسЙb103Yy=Ǒz𢹣0J#(\\(hVQt|&YQe|Y\r\\lT#9H	EqBzdY֥E.[,Bf;42,VhCBQZ\"z\'-Ą.!|/e\Z\"5	LS	Jٌ|K˖1KJVq[SE-,Ec-1._ǥB(B/¥e\n(m\r¸.QB5z[C/Z^\\=^F75+t4V\rĻfطrQU|\0mCBB\\ۆ*hȗ[,-~<=͗knebX\'nzL\\e./T6>H7CJ,{\rJ+wh̊(Xz([5ETy<W	,C4V<J*QQEZ<bx<3G<j\\QEy<O\'=TV,ZQSPB>(j/wC.{!Ǜ%o[Cݗ+Z/XвxÄ%ElC/e&XqEEGE3\'32,J̑epf8(,>\r	Ɔ-2/21<q2S,C*^J>E\nz\\#<LF{zpieL\0&\0(\0\0\0\0\0\0\0 0!\"1A2@BQa\0?\0w\\ev]|?.^c>}?/}\\tN8rlz_xqW-۳c.N>c8퇯\0o[t=#.\\.Iaϟ){8N>эr\r1\\%˗$$Gb?V˛ n\\I˓3<\rN|ivNgOga#G|\rfyvx\'.\\r4ρNv\rvO\\\0DhI:g۷MGIr6IwbrtρLGEܾLNP\\2m56ˮπh<.k.NsE$IA(bȉia˞#ar$\\9$k87.(>ӴY `%CÝKYc.K?<OL͎.\\1\\,X}YoI--`wQIf%D霻i\\$M:b|ɃL\ZM|M\ZI\"O\0.\\Y\0\'N.4M.ݱaArMc	,Vy!\'sF$2sa.A$͆3d34x\rۻ|PbarAr\0QfަR3:nA1˞%~.XDg,ϙA\".|yc`\\dϘhƘH0E˿TY[&Ye b5bļ걗t1ivb?ޫKd̻|\0ZNFc)a6od[Ĉg7۷w۱6.r$]|t7el75ٻ>}I1K-,ArwϾ?ŉelR\0DI,i>E`3$K|H<wf.ă}Œeg\"<sǾ.y$I\'2w\\oq&˛$4\".AsNXYl5/5/.Ac||/\'D5 c rql~?%6C\\.l\"4iS}m\Z5bA\Z曷|ni-eucar eO>]۷tǆ9X:,t>[<.t{	C\rvnݻ3Ƃ $%xay?N:=4ku]lsň>a޷?SypD<k݆۷c]۷nݻ}\\r8xq?7zg?\0\0zǁ۾a8}35n>.gC3̽g/I埫g\"f<rc]vXe۲t0.KwC/sѤȏieid7.\\\Z5۷t\\ \\4}÷Lxqtl5\":etgLteӮvkeݿ2cfc7 nM/.&y/DΘٲftDF՗F\0*\0\0\0\0\0\0\0 !01@PAQ\"`#2a\0\0?HnQ^Pm6Jx~O&}dc\\8#XQ\'HmP\n+ճq|#oA.+\rm+Q\\e2Fޥur膯ar8#D\ZG븢+Ӳ$4(X[MҊ(FҰEFwڢ+4P8PQn8m(NE\n8.vhq6#SU\r/p4VI@hĞr6X/rDK$QCƌ]rbQD8h?On\01Ģ\\beMN=J-#N](ĔFqWrx/Y\',,/ѡI{Mo\rDdYՖy\Zz\'2Ŗ&XeY~(\Z\"rE%؜Kh$QC%Qģdބ\0oby(Ndh,,͖YeYLQjK͖XK	\Z\ZGjJd)hLT43PlbeYeYbe\',25s\Z\Z6е?P()gk#esB%<Ye,xL2Hy)yYnCCYXK)F,,Ye^,a	H<,\\ljXB)\Z|DpF\"+7\"/;aazR5EAs}aXn7#x,,RCCB\\m*Pb#x\rn73w}B(QY\"+1z}}o7Y}䄅/}Yz=Qo쎠)K_x~c))/,Bffr>>v/я\rcȔBb.+ѲōC%CDH[>#GX$I4QimazwMXfqBD&)nǅ&F>kѮi/Mh2}$&BDXɲly汴G$<!wl6NQkȋ<$M$}\"q5@neYewp5I)Or_$_ Zދ2e<GɹO@msj@\'\n6cyFnbՑG\\ZLBĉ2lgM\\\"\"~8\"kز8\Z&?J0GOY\"Es0vi1ĉ/o%&򑴌ǷbeͣR\0	#~avkoΑ|Qi?d3$ICP|bEuz_	#[L\\429%I\"<H>\r_ČD].R>IEQ9\ZXYu7\ZoMb^{D (wнx]T򏍅58>p\Z\r7٨Y./=ąCJįE{HXԉYpCC,ɫ62d\"i3I5#ی#-1G^5jC?\0͚.EE2O\"u\"M	7&(\Z,WH%}}Oŉ%MŌ%\n2CP>}r61iɟC#ŢDY{ցӎyhGBD5\0C,ϭZ6JW8YfT|y\Zq,H+3F\r?\Z?\n(Km6?B(zh#Fn\\,Qhԏ^\Z^M,X%?Ǐ:67K:^M<!^Yeq8s8O>Xv\Z$K35	c/jH7\nBb}ڲ .8\r\Z\'C	df7\nDfFB}ٲ/((gU\"?uQ\Zccf3!22[,f$Eݑ\"\'Q]MIGkcce24EL!DEd\"qƖ&6$8JFFH]r$E5C%Yf\nGpGBFO9aEaw#Tf!/p%q\Z+(df1\"cj#RF5P8(5\"3P($bE^2HME((Q@\\_)(\"DW1\"HJ$J#CEDF!B	\ZI(bEeP$?hq%H$EyX^1ɢk+IXB_C.1,r%=Qc-[$5.kǆMbmkVV_ze%Z{,,k+1zܘ^(\'TEЅ<8\0zrϯS#>\nZ6DoBټn#l_KM䇨oGϹ|1.71ĦW.\'鱎G؏\'\01(\0ApxB/Ec#qqC_e<תBLlqI<RcDYr/O/vNdH|ƅf!?!ӲQksd=CycJD덗+lص\Z#4-4A,61Ĕqd54OC%YKٻ\rw4G_SSBN>p]e^,+^<hE4F2OA]e&_uE|-#6\'~5,Y<nǃ݉j׃KV\0&EYyxLx<B5\\>J\"/DYcegiD?Q#$1e\\//@$J,>jE״&ofR\Z6\"\ZÈFD1!(b#I?A\Zx>~qEa<VE_\"c\'P^>B\"\'><ޱu c}Ȓ\\Pp6>p?E\ZRPb%EvU}2^Waq|(q(QE]ؼEY_\'ܡD$Ybh+QYJz񍐂^QC5!jOG+Ep((m%J\rzr!\rQE\r\Z$Y	,ĲE\n(eY?=6\n\rKҢ((q\'N\"37aebXeix>RZ\r[6+QK#dG%P|w(\"(4j!x\\SEQE6\r}(\0?Bт>-8XٸQE$Q]\Z	<,7ŕ,1>1C(fᛍݚ(Ew#%,>eYe,Lo,\\+4Q^b6БXX|/	ŊF/Q]Ȗ\'oxn7!3qbx\\ТVU3ȹYeŖ)h(2Jtn4ňx9QeO&Yel,QEbFhl5fN2LL1c69bWrQ}W5߃3\"ŔQC(c)\ZeHBFHc&FFy!ev#Ժ>!3NDd.*%fH\'1̲xEPl6\rW.ŊBff&CKԗ%y9r\".3Y\Zsd3e6\n&iC>KϩcfN!Ȳ(c$=G/UHә		qf5RXB,^h4\"9+PoGXe^,pPB蟃M#pfu!,ӑ111sF:GQs5M]M̑by}.E3qqdz!73Lh6MI\ZőL_ȵMF)?Y4EX؂ <Kȱ,)cf#S7o,rℚ!bYrzdK .r53[Ȉ1b$H2n2z\ryN8Ƅw3GH8|9ϰ|4=%BN\"dḕZƢKt\rE4j-K&D2\"#]t5$,G<éD1C>s>}QF~|Fhx\\~D.$XI3.0a5I\Zqd5+-5486}o\riȋ#ɚm#hԚ,EԄ>JyE\ZR#kZDe~Fq\r8eED56\"QK%)r#HՁ(\"Kɥ+D.<.P,3k4[ByxF$ %ʏhs~i\"!qf&ȓ4i2bj/b%4^!rc]_$MF/\0#\0\0\0\0\0 !1A0@QaqP\0\0?!{dX  eYxnټ>jc YeY$d($eY$/,I$6RD&\0X@,,9Y3/{-c&x!z#dKim=eY\',I$I\'M2p&o16H\0Ƞ,,,,Iձ_\rxxY={Nby;KܒgB\0cKY$\'$6R\0Y\0AeY&dLw/f\"YgdY#oYa,zN\'6I$LbZ>\0D,,<G$1|>0mI^Y$\\=O3Z̮\\ps,$I$&3[(~ <F$mCNZ8l[l6m0\r\0a\'i2Xwx|_s,K$ITIcЛ,,&܍B]^H>apB]xI>xrW>%YY$,Њe8a\0`) \rGaX{L?|{7/[YpxIl_\0Il>p{_?ȏMLOa`Fݰ9/+cm=;GӁm;Vq\rI%|/@z\r&		\0?ݛ=/V??V\r\0r\'zaa|^	d=FR-\'mf?~i|Lc\0x,g}G[?oEmxm#gea| k$Ng\"ܥٟ\\GG#S71\"00>|3|V;^FIdIZI$8`\0\rgNVC\'նm}p2DC<.[U/x!>!I$ݒI0o_з-8p{orMbml6_!?vfp=GdO,GŒI$II8OԱw٭n\0ܾq-$fyŶQ0YDGxr8;\'I$I%Y$d 9NI؟YXe^rADC6$ϮǶ}:VLu/ٙ$I/$0YA\0K?2&&V)3 AAYlY$IdY6{2\'&fKӄ/XW՟m\04mA{Axm3ę\'pYxIes$3$1I9[)/gق؝lml!<r8\"m2xDfOj3$-οwQm<vq8idAGiil1E<?`odӘ;egKy?8bXqSA!<v|F;+troqw~uǉ)oK-l0<3&xC>\\,DC0em[^֦K7,/6^kl^|}-HH#b\"\"0o7mmį!|[̒I7,}2^8Gb\";1؄!Mmm B܅R8pcQղ}{[ϸr<-\r8OHP\'[(ma.m [rgwmXF~a\0s\0me{]fN%V1zY{!xm\"aammbh[~S򳞌PYǟcdޫgItnJHľN&i=ymM0l0mmlAaJ?rӫ,sY|O|a?n],m1lC\rmabaڗطͶrmma>|!	6ϧׁj\0[/wGl0[,6,m0Ղ̼v/R*oN}Ysq^mx?yxo8>줞ۚ73v/|Lϵ:G&Yup1ܳ{\"?l6|FJaCaizIHl[ؽ\"A̾$GAl<؏!7`ch_\0B	Vɳ&_w6{V%JXXF,?3DpxYωc\r`7`//y8ިLc?~y\Z\'o!p&E8<,y&d\'Nٶ}=F~$\'ˋ0\'\0TY\"#8Gd22Pr*<z\'U{K\"џh?|	!>z&6Yz#a\':Y+9rntd؛esY_G\0_&z<a4?dp,&}YV>wa \rio>w&zuXl+ه,	sx0)6Om?z1臨~aIz a\rjlǖ/wy3!AqImcpl[1!mHɴ70 +GKL\r9og81,y1p_ф=MO/u՗CĈKNYNtm	V^#\r,7b.N7&ZpL|I=8)my9ZO?{KFCm8ߖ|Ix8>aP^g{}aLhMa\0\"ɉw\'6<mCe1\\k=/\'V!yHb\"a8y4R	Pǂ\"8^ͥ\0\rZl/~{oamSh9Џq!E{^\\?mXm|&\"<Dpm`ߩ)2=x[0l00Xzp#Dw>e600oi/3dA<o6e_7/6l0a$␏q# \\mm|6\r00ązgt,/6dI6ooamaf=\"?x2\" ⤷\'8Gmam|CrxD,B#\'\nVVM6Ŷaa&\rz&}!G^Y\0Cl6>MRA<A<C?=\Z\0wya\rpqA=B#7Sxǉ0s!%LGa?_J:|Q\0v-oml>IdAFH,^\0eemmCl_xY`lA<I^i1lsaa!PR:xPy}[maCl%g`t<ߗ6_\0es,l=!!8F:Du3m~rG7x$s,aWUG6aAW\0)Edm\080(xGC\rmYϷtoqe[e?/80\r?ξ萛exն\0<vaw?|7ǌ,mSVYpaJA|ez!bgQ|5\0/mm(m=C|m\r,z/\0o|YO\0#pqob:tao^,mۑ#<2,\0m_DGV9åc,qY$2$\'?-xsxp\"#1l/Tt&΄|O,matxG|\0{_rէm͛<VYgޞdpb\"m؈bm\"<7yz\'1\06-;seݶ#ż6\'$)|	_YH[mvQ6}[(|,#>ެgmyg\0R:ClD&A\\Vݘ˱dIoi6`Ϲj<\0|Nmam[l0ÛmZnIi`d|޼6mm:m:=aa1_p\"&[zo߾!all6m0-P|q}R\"/Soy`?o6m-XbblGNoa돉emr\',=&v[Ć<XBVy,m/a!l16yz\'1Ym\"dK0{7Y/_ͷ\rzCq{ٟ3n/eg%^3|#_>S Eo8?eY=xϑ|6^|޻ؽ_.,dݩ:HI-I$$8~#͈6A~=}y\r8fBi9x^mb?YdY$\"gށ#Ewl\r8|g|~|I$dK9I?ωLvpDYz^)e;Y|9{rb>eOeY$I	eYd_XDDʹ`x%1\'i=v\0<?s!?s,ǈܾ$$;Y	#}#s,!{	YY,K:0ٷ0qN;Ye,`s,\'9Ϩv|Gc~|tYX>N6)CacYY$Y<e:z\'̆ta\"2l}xO,;CFo01AY,CՒI7=Ye7Ä}چU	$s,,,c!2ĈЎ( Ydg,w{gpr\'v8DG,#̝\02ϓee\'mLGLggB$n2I%A]t\' <z^_gg2 ;>#͠K}pj~0t %OIϓNj\rdWh\0EÁ̱Dߘ,VY$:,,SNrI2u},6PP=Y\'2L77a!}̳m-b|76Z|=^mK,K,	p$\"O|k=%e20c|<yOV7ݐ_V[w噤??k13\'=_6D:	Y}ffhx;a1ts,\"lx }NN0\"Yet8g g2y*۽O\'gF^08HݖYeq=6Yd\ry\\lǗx.Ͳpx͓KboЙx}aCqvOR[Ӥ-S߄-#~L92șDx=U|=IcH=#LH,m\'_vղ6G{2}3oḡ p xm6#FA%a~Kba-A85Ҟ	l&[[nRY^|v|\'#8\rgܶ0Wno(ww]m(z[B1Y|Yߖ|HMyC[|c\Z{^u/Ve00v/w\roS^ݸޖ~6a8cy^%Yo`mm{1;Йl1\"b-cmX8}a,>5-oLOA$mOn5#\'\"xml&\Zeyd<&ɟ[|0<1zl}0ݎ~l<da\"$tו_vS#O#LhqߖǧĆa|\rZaKqL=CC=B[agj^BY7A1>B}^pfŶ3OmaǾW/zN+}}l;I1%|Det8=nYcYns>\0Q{{H^q9i,ÒQ2MOOaP/nv%8b}1n0yfތRp;%,28;R[l{*%k\0\0xK`~~_a#؈i}^KG{{9-vI`ddٝ-.G\0ia1lc,\'d݋&p\0Eh׏rьY^l䡈teSi&	{#=FoVBgcr;g\0=Bvm2İwL&}z\0sK(e	K{a2!HgKݾoGieFŌ-}Oݥb^\":eu\0ļDt7?<g<oGL\0?+_6qX#>>\'\0%\0\0\0!1 AQaq0\0\0?ׯF7?->UgFb\"m_.\\sMNæL#ķmz}[&_`nH	\'Oѝ\nw2ںo.D2wQQ34[B\r^ˊ8tHv/}u()wf\"{`>/^AXqC|V2n.ɗ?oh(cRnFGԁ/j.{u5}[F3,ԣ}ZvZ!|O1;Xޣ\0i.\r\ZZ11xZpɩurZ0KZ_Wd<\\?62$\"vsjL\':mr? ҕZ1lԒ)	iRL%>۫6\r1!4z,/I\\B\008uэo/:7\07-RoF\\Laםno	0fHO!0V3.~ר=O#c~~oͦp07~OPhH:\ZR8Vos2Gqd	1Nʿ<=RFcA\00liLd\0VQ\'l1\\ E+}w훶&e጖o<G^9?/c[3m2w$,C3-_DؘLGB{d%z˹Ck#[}}o!Dx5un3p:5D]:oWp۸`d׀	h:w{3c/pܮݻxa\0c=)_\\[~Y\ZnS^\\f\\1Y]\0^Uey-g\0/&s^.K$asU`PB\0=::^7#6Gq<s?grQ<7+Y޸q{q|f)WI	(~v#?-8fsvs9wjkE\"˝p.۠p~[\0p\\\0b]\"l!n\\K:\\S\rE^$FW\"Tm~뾱5	\\|=^-3GCnf|䝵.E\0:\Zُf.nopwT91\0ݿ|Adq4S	ӝ\0W灻R\'BimFsM׋jfӴWvj&W=xZn^{\0\Zy\'VS`Rd.>umBˋpptµzV_xuhk;@kEP$Z/KZZqx>my5m[qLF)\0yq\'⓴\rnAzm-tZ7r7\Zn/	\'iUzxOw.̬Qi8Kf#u6ANRcL>O:Gؐ\rF[/\'93h#EQbqc&>ݿ1x˪Ax@&`	3\0KPS\n[R44G*fh`Cm?\0IybLtiD=.S-h\0>Jxe(6FD`5ܰp\"c50\\RFh_D;\ZF8u[gR`5309F$#Բ?v\0NP`\rf>!^&dgeO% b/\\#$t*hަ/eڋޱs{\0&3\\prHB8^1[F⵻y8OxC/I\"o@|ݷTF!˦g{ܦ^G̃mkw-=2nSSAd4x&۝;ëGlBk@^#\0Եf,s2snnlfSE\\co0k?a\rAd8;>n޲qJm``fEZq7(x]J&$l\\Fi1-$2H2Exޱ9K/ݻs2]\n#qimE&=bS	~2ѾdvJ\0?Jcc_[.[:aJVAp#f\r0j?yO#4mGjF &W+tkjwtf?\'D11b]ZՈCd/F.\"\0f<[M[\0u̽`|/Mº/Ȝc\\rܲq=.$;՚opn-\"ޢq`xMapFߋeڀ1qR|ӮcAvڛǕvQ]rj}VۚON8O(vqjnn0G!Ƙwdu9NBftY;L\0	kW|qi2UlKtgz?q\0h·.jz@tŻV(M0\"4\'4iX2pN|	Fw{ͦ\\\0)ἙrޞuZ}Z<HaF	JQYd`._y[w-\0q],ϭѺwnt.D\09FnVqkq_<\"%#yVf=\'w\Zg>YÖ\Zsݹ_9[mڻaRw,A[ڛ\0aԒNMcA$DExAM1\njWIj:[{C윂5?q7z=E5Mֲ2*muŹ|tkP-C!uja,CD11Ek.b)Fmw(tvО 懎wTy޶p	p?aq9ݻtY##z.51JQ\"D&DJQj#vϫTx-빻}S~8oJ7$\"8n{s&r-«O˭P\\^7VV7gagF&$LC#bcQ-\'tum=2=p\\w\0ه\'<nB{Ns+*}1/t&|CIq\rۗ7n7F.rF55=bhu̿sՇVF=Mq%hPj䟶>1Xr;b4&߆8x7ϩnXe710%QX&Az#{mKK# { 1\03P@7\Z8%x+xS\0!jIf?-61DHm^OEnq\r\\9N\Zpˁ^7du?\080ǁŻ#-7j-[-r<l:_%i=vrB\"<w32\01=Ngi\0\06!FL\\jـoj2XfWmˆ<O]-$2.1wydēt#7wqmS)&bCqNx΢<YfrǁgS)dZF뜚2Otq]=\'ZC$ۨ=eӜ.4KGDDxn\r\r۷H&nVg^ovY-cF/\\mQ@1#F\r]GZj5Hˀ,F7;5xf=v[𐇄pZ0va\nD+HƧ-6mDx#.kZe\"\"Q9`e۹_X%v	:%/S1.fBۜ!dSn$. f3v7k3VH_Ma.jy`qʛzj׷E/#KfTGzkj;oWW.	Da)Cfoh-I{vĭ˿kqFCHep#jAgd#>\Z%J^ omKYjŢ1_bYc.dAtL&:Gßlُvs\"xn;ܸݸ9c\nPǐ17_Psݷ!N$}գ~K_X7/̛ۛHXݹΦmۗ4Bfx]]B~xˣ{XpDlߥ\\c#F78-ӫR;\\Zårp>Mq:ԣQqb`\"ݻs3p1KnaaȈ?nn	O]x羭׏[B0`2La|QNsn-\'?IVzF<iGep#l&(\r[`|Ypx\0/q9x:|!\rCxd,B|&BːFoޭxC;$#գ\rALa\"<K9\0aloh8ܲ0&Mw62\rxAz1#D`<LdwsqͪD^dˆg[-,	\0\0.dkT`JaG+7qKC>nn]ݸeU	3Rׇ1oz)0a`<Y.\0*&)Ӧ]F=u\rjzSsn߈bn<nT0k\rA`fa)\\cx~Zsrs[5,ۖqpD.(cdn|:LJV>Z#$13Åq7z6Ymۆ>#wn!a!߭kH\ZC	u(2l\0Xpvpanb\rx3v#k[Κ`QW<Z:RÓqm¾]KBZp<1&Rq<\\MhČm\ZrVle#\rSIk`0q!M@1,pdpp-!jZxpÍn xˉES`{O[N;8I%kְ[nmCqxJr[F+A,9_\0I;>#YFDDD8`3w8Rְ7ܣ2\\2mZ5석!ӕ.\0<DDDzq0.Cr\"\"#7Mw\'}.#K}3v[dG.3nX>숱7\"rpֆڵ^v9뻗Opլ?FH<DGLD3XXqqoXFq63pr47L;MIYkF~	j2B5!0_`C\\mw6nݹÄH}zy:t(7,/\"%!<Vo \rq0nV;YZv\'I$j\0\r#R`+xpYu/,rdfkkn\0nX\')Cļ30ubsCsvcKf,|r120Prbb%8BT80qhDturqЄώÃ;\"%o1zFJ&)F#\Zhn2zAqX0ݲf|5xLլk-0ͼ7!ĥ,G, dTnׇs1=̛R_˝qy @D۟0DDg\"hCafPvL;e..Sjrc\ri{g\Zηj[s\"<ČV\r3~Y,> pHMRF~gWS\0kpúc~kbdˆos#q\nQI#=\r0Od=8;wYh9OۻsA<\'6\0nLjԗRg!Bp0[?\0anFcwqNiݦ\rD6\'\\q?On^ȆY-x8ad!\\!nD%81lMoT`?צGxBݪaMO @KLΤչ:0ZW!\nx|d:˞Jy~:YVjm[q٬!IuqhRA/nܲ,˅M|sxU&ՅaFXP1\\\0o6OPO8ęw6zb\'>&5gFY|fAx(s9`ioӴ-mWlL@Dp2ާ	85\Z	3mrǄ<a\n\"!(q&&<8[E`ܴK9[uZvS\\#-q1Æpy)a0pC04zۙg:D4u\"6Z8K_R3Xtc~\Z[Y8MIf2ʼ%@a\\=#ѐ\\cڟ6t3m9j`ժpO!uz./0md0`Ʊ,7X~`=9MDRD!2`ICKj$-=hYAqwq \'[|լZŎ^\r!\"eOc@*%)Jqqb(8+vT-͎-7x)8`3իPgYGcbEj #):&[vJ\"\0.m|n$qh6pCȐZ5$!	&9ۀ50O8	\\Ϳ C0W5K~2M;?w]wzKX!fD=Rj|{f7\\ `CJuèרLf֦.%Z\\-KZp7-Zlm\"+n9Q(e7Cs26aj	ۙ0RND\\(1<f\'@Y_%R|H`\"\\Yw.\rn!qլ$X5ZD{G1o<\0ȸ.o}_!0B00SCQU9K/(xIm1;\\,O0l1r]K;ׄ_\rig{`BC!u/tK5$Gwj!\nCxݦ덦ZoDm=_ݲ}BXD Tp9_i#<$AFb)C77/qLI6S~\0D0L	qţݷnokdkx$u\'[zC~6\ZOb;m1ɴFl[G϶\'ia$Ȑuπe[IXW>/zn0 !|5#}Z}`z5[ٍm7wo\'PN1{ŝBsmۖn.	)KX則	߅xh	%e}\\\\%]M2֝]\0͙k\0-C>SKCКG)v#dF*%ٻe{бvu\'ư1<!kw}XmqnL탆 qnF8~:1xę5 &Aru<ڹ+k_רOrzQksu%v^hmao8q\'y~-(s.QS\\[`ad#qZ-b|nNaN[m\rmZn71>-[\\nF٧$;kf[!u:G9zwIp``wlvn!܁k#Ejyd+V 揀WZUi~mrQul-鹁O8>{қe\'%~8SPohSdXsE^1OӨv766Nـk_\\h^ǩC#p\0z\'x\rRrR5\0ճ`x)ơ:\rF>{y7kO\r̍߯\\wp=Z߶\ZۅEW\\7vc~7Z!V;%: u܄7ힾцp߾FV8G-a&׭k6m\n hZ?#nm-XM7[۶GOOw-ܴ_MpN(Mdws2ۄCÈ]o\0p#Kg܌7b w!yx&k|Zֹ8K}/\rOP8\0\\e0s։߮y㶐7i|!S͕%LxQjMltU&Ej]tEq~ZpޥԹ1#>xطه@I7\"#woaK2tn͝[noY;sڃYdGe^3K]xڶwNNhs|Z?NgV812AE\r|0̆!rMH.-m~?w<{gn-QWWp:V=Șu3>$!\n%Ͻo}q4qnh86^lssΝ?A%}1yǍڱ{P?Ռ\\/\\?F#xq;Ʀ뽌wVrGvgGd:4[r8\"<TI	\\/^Qx\r,>K\0|UIoX+lh/{\\ٻj|;CԆK7Iܩ9m܌BԝMV^w&֯vc~h(Իij0ɸ\"]-@l{f	!z)\\i!9kmmܻp8Iti>qoMA< \Z n3ڧ=wb%qqnqp{/\rϗ}gRrlvjczbXIVZ3rV6<,F[q0ݨ3O3[rEfc371ݩ۽:.Ư_7|0eZ88	ԇr\r/Rn#A6wEۧ7V[#g\\KMDCm.zW4,\\/#m.#JƵ\0Öd\0zp4\\/u\\moقKwQ:sF\0YzqlD|d0ۆ$ę`Mare3F\0ه˄.ӻ<!\\ícMJ{(*e#,8oɾG-F~ bŏ7R]Ӄ','¿En qué ciudad naciste?','nose'),(324,'cedula de ciudadania','gerente','julieta','vargas','54984879','calle 15','julieta@gmail.com','$2y$10$jJUQOK9zpNlFlPwU4ayPpecq6s2Oy0Y/BdHNmCXf2dldIArh/4zTi','activo','','¿Cuál es el nombre de tu primera mascota?','tommy');
/*!40000 ALTER TABLE `usuario` ENABLE KEYS */;
UNLOCK TABLES;

--
-- Table structure for table `usuario_permiso`
--

DROP TABLE IF EXISTS `usuario_permiso`;
/*!40101 SET @saved_cs_client     = @@character_set_client */;
/*!40101 SET character_set_client = utf8 */;
CREATE TABLE `usuario_permiso` (
  `usuario_id` int(11) NOT NULL,
  `permiso_id` int(11) NOT NULL,
  PRIMARY KEY (`usuario_id`,`permiso_id`),
  KEY `permiso_id` (`permiso_id`),
  CONSTRAINT `usuario_permiso_ibfk_1` FOREIGN KEY (`usuario_id`) REFERENCES `usuario` (`identificacion`),
  CONSTRAINT `usuario_permiso_ibfk_2` FOREIGN KEY (`permiso_id`) REFERENCES `permiso` (`id`)
) ENGINE=InnoDB DEFAULT CHARSET=utf8mb4 COLLATE=utf8mb4_general_ci;
/*!40101 SET character_set_client = @saved_cs_client */;

--
-- Dumping data for table `usuario_permiso`
--

LOCK TABLES `usuario_permiso` WRITE;
/*!40000 ALTER TABLE `usuario_permiso` DISABLE KEYS */;
/*!40000 ALTER TABLE `usuario_permiso` ENABLE KEYS */;
UNLOCK TABLES;

--
-- Table structure for table `venta`
--

DROP TABLE IF EXISTS `venta`;
/*!40101 SET @saved_cs_client     = @@character_set_client */;
/*!40101 SET character_set_client = utf8 */;
CREATE TABLE `venta` (
  `codigo` int(11) NOT NULL,
  `Usuario_identificacion` int(11) NOT NULL,
  `Producto_codigo` int(11) NOT NULL,
  `Factura_codigo` int(11) NOT NULL,
  PRIMARY KEY (`codigo`),
  UNIQUE KEY `Usuario_identificacion` (`Usuario_identificacion`),
  KEY `fk_Producto_has_Factura_Producto1_idx` (`Producto_codigo`)
) ENGINE=InnoDB DEFAULT CHARSET=utf8 COLLATE=utf8_general_ci;
/*!40101 SET character_set_client = @saved_cs_client */;

--
-- Dumping data for table `venta`
--

LOCK TABLES `venta` WRITE;
/*!40000 ALTER TABLE `venta` DISABLE KEYS */;
/*!40000 ALTER TABLE `venta` ENABLE KEYS */;
UNLOCK TABLES;
/*!40103 SET TIME_ZONE=@OLD_TIME_ZONE */;

/*!40101 SET SQL_MODE=@OLD_SQL_MODE */;
/*!40014 SET FOREIGN_KEY_CHECKS=@OLD_FOREIGN_KEY_CHECKS */;
/*!40014 SET UNIQUE_CHECKS=@OLD_UNIQUE_CHECKS */;
/*!40101 SET CHARACTER_SET_CLIENT=@OLD_CHARACTER_SET_CLIENT */;
/*!40101 SET CHARACTER_SET_RESULTS=@OLD_CHARACTER_SET_RESULTS */;
/*!40101 SET COLLATION_CONNECTION=@OLD_COLLATION_CONNECTION */;
/*!40111 SET SQL_NOTES=@OLD_SQL_NOTES */;

-- Dump completed on 2025-04-09 10:45:30
