-- MariaDB dump 10.19  Distrib 10.4.32-MariaDB, for Win64 (AMD64)
--
-- Host: localhost    Database: inventariomotoracer
-- ------------------------------------------------------
-- Server version	10.4.32-MariaDB

/*!40101 SET @OLD_CHARACTER_SET_CLIENT=@@CHARACTER_SET_CLIENT */;
/*!40101 SET @OLD_CHARACTER_SET_RESULTS=@@CHARACTER_SET_RESULTS */;
/*!40101 SET @OLD_COLLATION_CONNECTION=@@COLLATION_CONNECTION */;
/*!40101 SET NAMES utf8mb4 */;
/*!40103 SET @OLD_TIME_ZONE=@@TIME_ZONE */;
/*!40103 SET TIME_ZONE='+00:00' */;
/*!40014 SET @OLD_UNIQUE_CHECKS=@@UNIQUE_CHECKS, UNIQUE_CHECKS=0 */;
/*!40014 SET @OLD_FOREIGN_KEY_CHECKS=@@FOREIGN_KEY_CHECKS, FOREIGN_KEY_CHECKS=0 */;
/*!40101 SET @OLD_SQL_MODE=@@SQL_MODE, SQL_MODE='NO_AUTO_VALUE_ON_ZERO' */;
/*!40111 SET @OLD_SQL_NOTES=@@SQL_NOTES, SQL_NOTES=0 */;

--
-- Table structure for table `accesos`
--

DROP TABLE IF EXISTS `accesos`;
/*!40101 SET @saved_cs_client     = @@character_set_client */;
/*!40101 SET character_set_client = utf8 */;
CREATE TABLE `accesos` (
  `id` int(11) NOT NULL AUTO_INCREMENT,
  `id_usuario` int(20) NOT NULL,
  `seccion` varchar(100) NOT NULL,
  `sub_seccion` varchar(100) DEFAULT NULL,
  `permitido` tinyint(1) NOT NULL DEFAULT 1,
  PRIMARY KEY (`id`),
  KEY `fk_usuario` (`id_usuario`),
  CONSTRAINT `fk_usuario` FOREIGN KEY (`id_usuario`) REFERENCES `usuario` (`identificacion`) ON DELETE CASCADE
) ENGINE=InnoDB AUTO_INCREMENT=2403 DEFAULT CHARSET=utf8mb4 COLLATE=utf8mb4_general_ci;
/*!40101 SET character_set_client = @saved_cs_client */;

--
-- Dumping data for table `accesos`
--

LOCK TABLES `accesos` WRITE;
/*!40000 ALTER TABLE `accesos` DISABLE KEYS */;
INSERT INTO `accesos` VALUES (1,123,'PRODUCTO','Crear Producto',1),(2,123,'PRODUCTO','Actualizar Producto',1),(3,123,'PRODUCTO','Categorías',1),(4,123,'PRODUCTO','Ubicación',1),(5,123,'PRODUCTO','Marca',1),(6,123,'PROVEEDOR','Crear Proveedor',1),(7,123,'PROVEEDOR','Actualizar Proveedor',1),(8,123,'PROVEEDOR','Lista Proveedor',1),(9,123,'INVENTARIO','Lista de Productos',1),(10,123,'FACTURA','Venta',1),(11,123,'FACTURA','Reporte',1),(12,123,'USUARIO','Información',1),(13,123,'CONFIGURACIÓN','Stock',1),(14,123,'CONFIGURACIÓN','Gestión de Usuarios',1),(2284,1608,'PRODUCTO','Crear Producto',0),(2285,1608,'PRODUCTO','Actualizar Producto',0),(2286,1608,'PRODUCTO','Categorías',0),(2287,1608,'PRODUCTO','Ubicación',0),(2288,1608,'PRODUCTO','Marca',0),(2289,1608,'PROVEEDOR','Crear Proveedor',0),(2290,1608,'PROVEEDOR','Actualizar Proveedor',0),(2291,1608,'PROVEEDOR','Lista Proveedor',0),(2292,1608,'INVENTARIO','Lista de Productos',0),(2293,1608,'FACTURA','Venta',0),(2294,1608,'FACTURA','Reporte',0),(2295,1608,'FACTURA','Lista Clientes',0),(2296,1608,'FACTURA','Lista de Notificaciones',0),(2297,1608,'USUARIO','Información',1),(2298,1608,'CONFIGURACIÓN','Stock',0),(2299,1608,'CONFIGURACIÓN','Gestión de Usuarios',0),(2300,1608,'CONFIGURACIÓN','Copia de Seguridad',0),(2301,1054,'PRODUCTO','Crear Producto',0),(2302,1054,'PRODUCTO','Actualizar Producto',0),(2303,1054,'PRODUCTO','Categorías',0),(2304,1054,'PRODUCTO','Ubicación',0),(2305,1054,'PRODUCTO','Marca',0),(2306,1054,'PROVEEDOR','Crear Proveedor',0),(2307,1054,'PROVEEDOR','Actualizar Proveedor',0),(2308,1054,'PROVEEDOR','Lista Proveedor',0),(2309,1054,'INVENTARIO','Lista de Productos',0),(2310,1054,'FACTURA','Venta',0),(2311,1054,'FACTURA','Reporte',0),(2312,1054,'FACTURA','Lista Clientes',0),(2313,1054,'FACTURA','Lista de Notificaciones',0),(2314,1054,'USUARIO','Información',1),(2315,1054,'CONFIGURACIÓN','Stock',0),(2316,1054,'CONFIGURACIÓN','Gestión de Usuarios',0),(2317,1054,'CONFIGURACIÓN','Copia de Seguridad',0),(2352,222,'PRODUCTO','Crear Producto',0),(2353,222,'PRODUCTO','Actualizar Producto',0),(2354,222,'PRODUCTO','Categorías',0),(2355,222,'PRODUCTO','Ubicación',0),(2356,222,'PRODUCTO','Marca',0),(2357,222,'PROVEEDOR','Crear Proveedor',0),(2358,222,'PROVEEDOR','Actualizar Proveedor',0),(2359,222,'PROVEEDOR','Lista Proveedor',0),(2360,222,'INVENTARIO','Lista de Productos',0),(2361,222,'FACTURA','Venta',0),(2362,222,'FACTURA','Reporte',0),(2363,222,'FACTURA','Lista Clientes',0),(2364,222,'FACTURA','Lista de Notificaciones',0),(2365,222,'USUARIO','Información',1),(2366,222,'CONFIGURACIÓN','Stock',0),(2367,222,'CONFIGURACIÓN','Gestión de Usuarios',0),(2368,222,'CONFIGURACIÓN','Copia de Seguridad',0),(2386,1941,'PRODUCTO','crear producto',0),(2387,1941,'PRODUCTO','actualizar producto',1),(2388,1941,'PRODUCTO','categorías',0),(2389,1941,'PRODUCTO','ubicación',0),(2390,1941,'PRODUCTO','marca',0),(2391,1941,'PROVEEDOR','crear proveedor',1),(2392,1941,'PROVEEDOR','actualizar proveedor',0),(2393,1941,'PROVEEDOR','lista proveedor',0),(2394,1941,'INVENTARIO','lista de productos',1),(2395,1941,'FACTURA','venta',0),(2396,1941,'FACTURA','reporte',0),(2397,1941,'FACTURA','lista clientes',1),(2398,1941,'FACTURA','lista de notificaciones',0),(2399,1941,'USUARIO','información',1),(2400,1941,'CONFIGURACIÓN','stock',1),(2401,1941,'CONFIGURACIÓN','gestión de usuarios',0),(2402,1941,'CONFIGURACIÓN','copia de seguridad',0);
/*!40000 ALTER TABLE `accesos` ENABLE KEYS */;
UNLOCK TABLES;

--
-- Table structure for table `categoria`
--

DROP TABLE IF EXISTS `categoria`;
/*!40101 SET @saved_cs_client     = @@character_set_client */;
/*!40101 SET character_set_client = utf8 */;
CREATE TABLE `categoria` (
  `codigo` int(11) NOT NULL,
  `nombre` varchar(45) NOT NULL,
  PRIMARY KEY (`codigo`)
) ENGINE=InnoDB DEFAULT CHARSET=utf8 COLLATE=utf8_general_ci;
/*!40101 SET character_set_client = @saved_cs_client */;

--
-- Dumping data for table `categoria`
--

LOCK TABLES `categoria` WRITE;
/*!40000 ALTER TABLE `categoria` DISABLE KEYS */;
INSERT INTO `categoria` VALUES (1,'Repuestos'),(2,'bateria'),(4,'faros'),(5,'juego de pastillas de freno'),(6,'prueba'),(8,'hola'),(9,'prueba'),(10,'prueba'),(100,'hello world'),(123,'AKT'),(200,'adios'),(258,'carro'),(564,'hola'),(879,'xd');
/*!40000 ALTER TABLE `categoria` ENABLE KEYS */;
UNLOCK TABLES;

--
-- Table structure for table `cliente`
--

DROP TABLE IF EXISTS `cliente`;
/*!40101 SET @saved_cs_client     = @@character_set_client */;
/*!40101 SET character_set_client = utf8 */;
CREATE TABLE `cliente` (
  `codigo` int(20) NOT NULL,
  `identificacion` enum('CC','TI','NIT') NOT NULL,
  `nombre` varchar(45) NOT NULL,
  `apellido` varchar(45) DEFAULT NULL,
  `telefono` varchar(13) NOT NULL,
  `correo` varchar(45) NOT NULL,
  PRIMARY KEY (`codigo`) USING BTREE
) ENGINE=InnoDB DEFAULT CHARSET=utf8 COLLATE=utf8_general_ci;
/*!40101 SET character_set_client = @saved_cs_client */;

--
-- Dumping data for table `cliente`
--

LOCK TABLES `cliente` WRITE;
/*!40000 ALTER TABLE `cliente` DISABLE KEYS */;
INSERT INTO `cliente` VALUES (0,'CC','prueba','','',''),(123,'CC','daniel','Leonardo lo','145','danielleonardo@gmail.com'),(147,'NIT','EDWIN','Rodriguez','158','edwincastillo@gmail.com'),(258,'CC','Nicolas','castillo','147','nicolascastillo@gmail.com'),(789,'CC','sandra','rodriguez','98765','sandrarodriguez@gmail.com'),(2222222,'CC','Consumidor','Final','12455','consumidorfinal@final.com');
/*!40000 ALTER TABLE `cliente` ENABLE KEYS */;
UNLOCK TABLES;

--
-- Table structure for table `compra`
--

DROP TABLE IF EXISTS `compra`;
/*!40101 SET @saved_cs_client     = @@character_set_client */;
/*!40101 SET character_set_client = utf8 */;
CREATE TABLE `compra` (
  `codigo` int(11) NOT NULL,
  `Usuario_identificacion` int(11) NOT NULL,
  `Producto_codigo` int(11) NOT NULL,
  `OrdenProveedor_codigo` int(11) NOT NULL,
  PRIMARY KEY (`codigo`),
  UNIQUE KEY `Usuario_identificacion` (`Usuario_identificacion`),
  KEY `fk_Producto_has_OrdenProveedor_OrdenProveedor1_idx` (`OrdenProveedor_codigo`),
  KEY `fk_Producto_has_OrdenProveedor_Producto1_idx` (`Producto_codigo`)
) ENGINE=InnoDB DEFAULT CHARSET=utf8 COLLATE=utf8_general_ci;
/*!40101 SET character_set_client = @saved_cs_client */;

--
-- Dumping data for table `compra`
--

LOCK TABLES `compra` WRITE;
/*!40000 ALTER TABLE `compra` DISABLE KEYS */;
/*!40000 ALTER TABLE `compra` ENABLE KEYS */;
UNLOCK TABLES;

--
-- Table structure for table `configuracion_stock`
--

DROP TABLE IF EXISTS `configuracion_stock`;
/*!40101 SET @saved_cs_client     = @@character_set_client */;
/*!40101 SET character_set_client = utf8 */;
CREATE TABLE `configuracion_stock` (
  `id` int(11) NOT NULL AUTO_INCREMENT,
  `min_quantity` int(11) NOT NULL,
  `alarm_time` time DEFAULT NULL,
  `notification_method` varchar(20) NOT NULL,
  PRIMARY KEY (`id`)
) ENGINE=InnoDB AUTO_INCREMENT=3 DEFAULT CHARSET=utf8mb4 COLLATE=utf8mb4_general_ci;
/*!40101 SET character_set_client = @saved_cs_client */;

--
-- Dumping data for table `configuracion_stock`
--

LOCK TABLES `configuracion_stock` WRITE;
/*!40000 ALTER TABLE `configuracion_stock` DISABLE KEYS */;
INSERT INTO `configuracion_stock` VALUES (1,5,'08:00:00','popup'),(2,60,'09:00:00','both');
/*!40000 ALTER TABLE `configuracion_stock` ENABLE KEYS */;
UNLOCK TABLES;

--
-- Table structure for table `factura`
--

DROP TABLE IF EXISTS `factura`;
/*!40101 SET @saved_cs_client     = @@character_set_client */;
/*!40101 SET character_set_client = utf8 */;
CREATE TABLE `factura` (
  `codigo` int(11) NOT NULL AUTO_INCREMENT,
  `fechaGeneracion` datetime NOT NULL,
  `Usuario_identificacion` int(11) NOT NULL,
  `Cliente_codigo` int(20) NOT NULL,
  `precioTotal` double NOT NULL,
  PRIMARY KEY (`codigo`),
  KEY `fk_Usuario_has_Producto_Usuario1_idx` (`Usuario_identificacion`),
  KEY `fk_Factura_Cliente1_idx` (`Cliente_codigo`),
  CONSTRAINT `fk_Factura_Cliente1_idx` FOREIGN KEY (`Cliente_codigo`) REFERENCES `cliente` (`codigo`),
  CONSTRAINT `fk_Usuario_has_Producto_Usuario1` FOREIGN KEY (`Usuario_identificacion`) REFERENCES `usuario` (`identificacion`) ON DELETE NO ACTION ON UPDATE NO ACTION
) ENGINE=InnoDB AUTO_INCREMENT=166 DEFAULT CHARSET=utf8 COLLATE=utf8_general_ci;
/*!40101 SET character_set_client = @saved_cs_client */;

--
-- Dumping data for table `factura`
--

LOCK TABLES `factura` WRITE;
/*!40000 ALTER TABLE `factura` DISABLE KEYS */;
INSERT INTO `factura` VALUES (17,'2025-03-18 14:06:28',123,2222222,7527),(18,'2025-03-18 14:07:02',123,2222222,7527),(19,'2025-03-18 14:07:21',123,2222222,7527),(20,'2025-03-18 19:12:27',123,2222222,7527),(21,'2025-03-18 19:16:12',123,2222222,7527),(22,'2025-03-18 19:16:30',123,2222222,7527),(23,'2025-03-18 19:19:44',123,2222222,7527),(24,'2025-03-18 19:23:18',123,2222222,7527),(25,'2025-03-18 19:23:44',123,2222222,7527),(26,'2025-03-18 19:36:26',123,2222222,7527),(27,'2025-03-18 19:46:13',123,0,7527),(28,'2025-03-18 20:01:52',123,2222222,7527),(29,'2025-03-18 20:49:39',123,2222222,7527),(30,'2025-03-18 20:54:30',123,2222222,54949),(31,'2025-03-18 20:58:44',123,2222222,54949),(32,'2025-03-18 21:01:07',123,2222222,54949),(33,'2025-03-18 21:09:42',123,2222222,7527),(34,'2025-03-19 06:12:13',123,2222222,15054),(35,'2025-03-19 06:13:50',123,2222222,15054),(36,'2025-03-19 07:21:27',123,2222222,15054),(37,'2025-03-19 07:26:08',123,2222222,22581),(38,'2025-03-19 07:39:29',123,2222222,15054),(39,'2025-03-19 07:58:53',123,2222222,15054),(40,'2025-03-19 08:00:35',123,2222222,15054),(42,'2025-03-19 09:07:49',123,2222222,65254),(43,'2025-03-19 09:11:48',123,2222222,109898),(44,'2025-03-19 09:30:29',123,2222222,1561),(45,'2025-03-19 09:31:14',123,2222222,1561),(46,'2025-03-19 10:34:22',123,2222222,22581),(47,'2025-03-19 10:44:39',123,2222222,15054),(48,'2025-03-19 10:46:14',123,789,8046),(49,'2025-03-19 10:57:39',123,2222222,22581),(50,'2025-03-19 11:02:49',123,2222222,650000),(51,'2025-03-19 11:06:36',123,2222222,30108),(52,'2025-03-19 11:12:35',123,2222222,2682),(53,'2025-03-20 09:54:21',123,2222222,115212),(54,'2025-03-21 09:51:24',123,2222222,1561),(55,'2025-03-26 08:17:45',123,2222222,321321),(56,'2025-03-26 08:17:58',123,2222222,321321),(57,'2025-03-26 08:18:26',123,2222222,321321),(58,'2025-03-26 09:16:58',123,2222222,321321),(59,'2025-03-26 09:26:30',123,2222222,321321),(60,'2025-03-26 18:40:28',123,2222222,321321),(61,'2025-03-26 18:48:14',123,2222222,321321),(62,'2025-03-26 18:59:01',123,2222222,321321),(63,'2025-03-26 19:08:20',123,2222222,321321),(64,'2025-03-27 09:02:34',123,123,185200),(65,'2025-03-28 09:10:47',123,2222222,321321),(66,'2025-03-28 09:12:02',123,2222222,321321),(67,'2025-03-28 09:30:16',123,2222222,321321),(68,'2025-03-28 10:44:57',123,2222222,321321),(69,'2025-03-28 10:46:19',123,2222222,321321),(70,'2025-04-07 13:57:17',123,0,2223),(71,'2025-04-11 09:28:32',123,789,14708),(72,'2025-04-21 11:37:26',123,0,6516),(73,'2025-04-23 11:34:17',123,123,24575),(74,'2025-04-23 11:34:19',123,123,24575),(75,'2025-04-23 11:34:20',123,123,24575),(76,'2025-04-23 11:34:21',123,123,24575),(77,'2025-04-23 11:34:21',123,123,24575),(78,'2025-04-23 11:34:21',123,123,24575),(79,'2025-04-23 11:34:21',123,123,24575),(80,'2025-04-23 11:34:22',123,123,24575),(81,'2025-04-23 11:34:24',123,123,24575),(82,'2025-04-23 11:34:24',123,123,24575),(83,'2025-04-23 11:34:24',123,123,24575),(84,'2025-04-23 11:34:24',123,123,24575),(85,'2025-04-23 11:34:24',123,123,24575),(86,'2025-04-23 11:34:25',123,123,24575),(87,'2025-04-23 11:34:25',123,123,24575),(88,'2025-04-23 11:34:25',123,123,24575),(89,'2025-04-23 11:34:25',123,123,24575),(90,'2025-04-23 11:34:25',123,123,24575),(91,'2025-04-23 11:34:26',123,123,24575),(92,'2025-04-23 11:34:47',123,123,652682),(93,'2025-04-23 11:34:50',123,123,652682),(94,'2025-04-23 11:34:52',123,123,652682),(95,'2025-04-23 11:34:53',123,123,652682),(96,'2025-04-23 11:34:53',123,123,652682),(97,'2025-04-23 11:38:08',123,123,24575),(98,'2025-04-23 11:38:08',123,123,24575),(99,'2025-04-23 11:38:08',123,123,24575),(100,'2025-04-23 11:38:08',123,123,24575),(101,'2025-04-23 11:38:09',123,123,24575),(102,'2025-04-23 11:38:09',123,123,24575),(103,'2025-04-23 11:38:09',123,123,24575),(104,'2025-04-23 11:38:09',123,123,24575),(105,'2025-04-23 11:38:12',123,123,24575),(106,'2025-04-23 11:38:12',123,123,24575),(107,'2025-04-23 11:38:36',123,258,650000),(108,'2025-04-23 11:38:37',123,258,650000),(109,'2025-04-23 11:38:37',123,258,650000),(110,'2025-04-23 11:38:37',123,258,650000),(111,'2025-04-23 11:38:37',123,258,650000),(112,'2025-04-23 11:38:38',123,258,650000),(113,'2025-04-23 11:38:38',123,258,650000),(114,'2025-04-23 11:38:38',123,258,650000),(115,'2025-04-23 11:38:38',123,258,650000),(116,'2025-04-23 11:38:38',123,258,650000),(117,'2025-04-23 11:38:39',123,258,650000),(118,'2025-04-23 11:38:39',123,258,650000),(119,'2025-04-23 11:41:14',123,147,109898),(120,'2025-04-23 11:41:15',123,147,109898),(121,'2025-04-23 11:41:16',123,147,109898),(122,'2025-04-23 11:41:16',123,147,109898),(123,'2025-04-23 11:41:16',123,147,109898),(124,'2025-04-23 11:41:16',123,147,109898),(125,'2025-04-23 11:41:16',123,147,109898),(126,'2025-04-23 11:41:16',123,147,109898),(127,'2025-04-23 11:41:17',123,147,109898),(128,'2025-04-23 11:41:17',123,147,109898),(129,'2025-04-23 11:41:17',123,147,109898),(130,'2025-04-23 11:41:17',123,147,109898),(131,'2025-04-23 11:41:18',123,147,109898),(132,'2025-04-23 11:41:18',123,147,109898),(133,'2025-04-23 11:41:18',123,147,109898),(134,'2025-04-23 11:41:18',123,147,109898),(135,'2025-04-23 11:43:36',123,147,13033),(136,'2025-04-23 11:44:36',123,258,6516),(137,'2025-04-23 11:44:36',123,258,6516),(138,'2025-04-23 11:44:36',123,258,6516),(139,'2025-04-23 11:44:36',123,258,6516),(140,'2025-04-23 11:44:37',123,258,6516),(141,'2025-04-23 11:44:37',123,258,6516),(142,'2025-04-23 11:44:38',123,258,6516),(143,'2025-04-23 11:45:08',123,147,2682),(144,'2025-04-24 11:24:36',123,789,876876),(145,'2025-04-24 11:24:49',123,789,876876),(146,'2025-04-24 11:31:44',123,258,876876),(147,'2025-04-29 06:45:18',123,258,38060),(148,'2025-04-29 06:52:31',123,123,650000),(149,'2025-04-29 06:55:12',123,789,2682),(150,'2025-04-29 06:57:07',123,258,7527),(151,'2025-04-29 06:58:34',123,258,7527),(152,'2025-04-29 06:59:47',123,123,7527),(153,'2025-04-29 07:00:30',123,258,7527),(154,'2025-05-05 06:34:54',123,123,876876),(155,'2025-05-08 06:34:24',123,0,876876),(156,'2025-05-08 06:35:13',123,0,876876),(157,'2025-05-08 07:03:40',123,0,5000),(158,'2025-05-09 06:31:58',123,258,5000),(159,'2025-05-09 06:33:20',123,147,5000),(160,'2025-05-09 06:34:02',123,123,50000),(161,'2025-05-15 07:25:01',123,0,120000),(162,'2025-05-15 07:56:20',123,0,1590),(163,'2025-05-19 08:30:23',123,123,54949),(164,'2025-05-23 10:16:14',123,147,6733),(165,'2025-05-27 10:51:21',123,789,3506);
/*!40000 ALTER TABLE `factura` ENABLE KEYS */;
UNLOCK TABLES;

--
-- Table structure for table `factura_metodo_pago`
--

DROP TABLE IF EXISTS `factura_metodo_pago`;
/*!40101 SET @saved_cs_client     = @@character_set_client */;
/*!40101 SET character_set_client = utf8 */;
CREATE TABLE `factura_metodo_pago` (
  `id` int(11) NOT NULL AUTO_INCREMENT,
  `Factura_codigo` int(11) NOT NULL,
  `metodoPago` enum('tarjeta','efectivo','transferencia') NOT NULL,
  `monto` double NOT NULL,
  PRIMARY KEY (`id`),
  KEY `Factura_codigo` (`Factura_codigo`),
  CONSTRAINT `factura_metodo_pago_ibfk_1` FOREIGN KEY (`Factura_codigo`) REFERENCES `factura` (`codigo`)
) ENGINE=InnoDB AUTO_INCREMENT=213 DEFAULT CHARSET=utf8mb4 COLLATE=utf8mb4_general_ci;
/*!40101 SET character_set_client = @saved_cs_client */;

--
-- Dumping data for table `factura_metodo_pago`
--

LOCK TABLES `factura_metodo_pago` WRITE;
/*!40000 ALTER TABLE `factura_metodo_pago` DISABLE KEYS */;
INSERT INTO `factura_metodo_pago` VALUES (29,17,'efectivo',5000),(30,17,'tarjeta',2527),(31,18,'efectivo',5000),(32,18,'tarjeta',2527),(33,19,'efectivo',5000),(34,19,'tarjeta',2527),(35,20,'efectivo',5000),(36,20,'transferencia',2527),(37,21,'efectivo',5000),(38,21,'transferencia',2527),(39,22,'efectivo',5000),(40,22,'transferencia',2527),(41,23,'efectivo',5000),(42,23,'tarjeta',2527),(43,24,'efectivo',7527),(44,25,'efectivo',7527),(45,26,'efectivo',7527),(46,27,'efectivo',5000),(47,27,'transferencia',2527),(48,28,'efectivo',7527),(49,29,'efectivo',7527),(50,30,'efectivo',54949),(51,31,'efectivo',54949),(52,32,'efectivo',54949),(53,33,'efectivo',7527),(54,34,'efectivo',5054),(55,34,'transferencia',10000),(56,35,'efectivo',5054),(57,35,'transferencia',5000),(58,35,'transferencia',5000),(59,36,'efectivo',15054),(60,37,'efectivo',22581),(61,38,'efectivo',15054),(62,39,'efectivo',15054),(63,40,'transferencia',15054),(65,42,'efectivo',65254),(66,43,'efectivo',50000),(67,43,'transferencia',59898),(68,44,'efectivo',1561949),(69,45,'efectivo',1561949),(70,46,'efectivo',22581),(71,47,'efectivo',15054),(72,48,'efectivo',8046),(73,49,'efectivo',22581),(74,50,'transferencia',650000),(75,51,'efectivo',30108),(76,52,'efectivo',2682),(77,53,'efectivo',115212),(78,54,'efectivo',1561949),(79,55,'efectivo',321321),(80,56,'efectivo',321321),(81,57,'efectivo',321321),(82,58,'efectivo',321321),(83,59,'efectivo',321321),(84,60,'efectivo',321321),(85,61,'efectivo',321321),(86,62,'efectivo',321321),(87,63,'efectivo',321321),(88,64,'efectivo',185200),(89,65,'efectivo',321321),(90,66,'efectivo',321321),(91,67,'efectivo',321321),(92,68,'efectivo',321321),(93,69,'efectivo',321321),(94,70,'efectivo',2223123),(95,71,'efectivo',14708487446),(96,72,'efectivo',100000),(97,72,'transferencia',6516471465),(98,73,'efectivo',24575747943),(99,74,'efectivo',24575747943),(100,75,'efectivo',24575747943),(101,76,'efectivo',24575747943),(102,77,'efectivo',24575747943),(103,78,'efectivo',24575747943),(104,79,'efectivo',24575747943),(105,80,'efectivo',24575747943),(106,81,'efectivo',24575747943),(107,82,'efectivo',24575747943),(108,83,'efectivo',24575747943),(109,84,'efectivo',24575747943),(110,85,'efectivo',24575747943),(111,86,'efectivo',24575747943),(112,87,'efectivo',24575747943),(113,88,'efectivo',24575747943),(114,89,'efectivo',24575747943),(115,90,'efectivo',24575747943),(116,91,'efectivo',24575747943),(117,92,'efectivo',30000),(118,92,'tarjeta',622682),(119,93,'efectivo',30000),(120,93,'tarjeta',622682),(121,94,'efectivo',30000),(122,94,'tarjeta',622682),(123,95,'efectivo',30000),(124,95,'tarjeta',622682),(125,96,'efectivo',30000),(126,96,'tarjeta',622682),(127,97,'efectivo',24575747943),(128,98,'efectivo',24575747943),(129,99,'efectivo',24575747943),(130,100,'efectivo',24575747943),(131,101,'efectivo',24575747943),(132,102,'efectivo',24575747943),(133,103,'efectivo',24575747943),(134,104,'efectivo',24575747943),(135,105,'efectivo',24575747943),(136,106,'efectivo',24575747943),(137,107,'efectivo',50000),(138,107,'tarjeta',600000),(139,108,'efectivo',50000),(140,108,'tarjeta',600000),(141,109,'efectivo',50000),(142,109,'tarjeta',600000),(143,110,'efectivo',50000),(144,110,'tarjeta',600000),(145,111,'efectivo',50000),(146,111,'tarjeta',600000),(147,112,'efectivo',50000),(148,112,'tarjeta',600000),(149,113,'efectivo',50000),(150,113,'tarjeta',600000),(151,114,'efectivo',50000),(152,114,'tarjeta',600000),(153,115,'efectivo',50000),(154,115,'tarjeta',600000),(155,116,'efectivo',50000),(156,116,'tarjeta',600000),(157,117,'efectivo',50000),(158,117,'tarjeta',600000),(159,118,'efectivo',50000),(160,118,'tarjeta',600000),(161,119,'efectivo',109898),(162,120,'efectivo',109898),(163,121,'efectivo',109898),(164,122,'efectivo',109898),(165,123,'efectivo',109898),(166,124,'efectivo',109898),(167,125,'efectivo',109898),(168,126,'efectivo',109898),(169,127,'efectivo',109898),(170,128,'efectivo',109898),(171,129,'efectivo',109898),(172,130,'efectivo',109898),(173,131,'efectivo',109898),(174,132,'efectivo',109898),(175,133,'efectivo',109898),(176,134,'efectivo',109898),(177,135,'efectivo',13033033032),(178,136,'efectivo',6516516516),(179,137,'efectivo',6516516516),(180,138,'efectivo',6516516516),(181,139,'efectivo',6516516516),(182,140,'efectivo',6516516516),(183,141,'efectivo',6516516516),(184,142,'efectivo',6516516516),(185,143,'efectivo',2682),(186,144,'efectivo',876876),(187,145,'efectivo',876876),(188,146,'efectivo',876876),(189,147,'efectivo',38060636),(190,148,'efectivo',100000),(191,148,'tarjeta',550000),(192,149,'tarjeta',2682),(193,150,'tarjeta',7527),(194,151,'tarjeta',7527),(195,152,'tarjeta',7527),(196,153,'tarjeta',7527),(197,154,'efectivo',30000),(198,154,'tarjeta',846876),(199,155,'efectivo',100000),(200,155,'tarjeta',776876),(201,156,'efectivo',100000),(202,156,'tarjeta',776876),(203,157,'efectivo',5000000),(204,158,'efectivo',5000000),(205,159,'efectivo',5000000),(206,160,'efectivo',50000),(207,161,'efectivo',100000),(208,161,'tarjeta',20000),(209,162,'efectivo',1590000),(210,163,'efectivo',100000),(211,164,'efectivo',6733333754),(212,165,'efectivo',3506876);
/*!40000 ALTER TABLE `factura_metodo_pago` ENABLE KEYS */;
UNLOCK TABLES;

--
-- Table structure for table `marca`
--

DROP TABLE IF EXISTS `marca`;
/*!40101 SET @saved_cs_client     = @@character_set_client */;
/*!40101 SET character_set_client = utf8 */;
CREATE TABLE `marca` (
  `codigo` int(11) NOT NULL,
  `nombre` varchar(45) NOT NULL,
  PRIMARY KEY (`codigo`)
) ENGINE=InnoDB DEFAULT CHARSET=utf8 COLLATE=utf8_general_ci;
/*!40101 SET character_set_client = @saved_cs_client */;

--
-- Dumping data for table `marca`
--

LOCK TABLES `marca` WRITE;
/*!40000 ALTER TABLE `marca` DISABLE KEYS */;
INSERT INTO `marca` VALUES (1,'akt'),(2,'yamaha'),(3,'bajaj'),(4,'suzuki'),(5,'honda'),(6,'ninja'),(7,'ninja'),(8,'NKD'),(9,'nose');
/*!40000 ALTER TABLE `marca` ENABLE KEYS */;
UNLOCK TABLES;

--
-- Table structure for table `notificaciones`
--

DROP TABLE IF EXISTS `notificaciones`;
/*!40101 SET @saved_cs_client     = @@character_set_client */;
/*!40101 SET character_set_client = utf8 */;
CREATE TABLE `notificaciones` (
  `id` int(11) NOT NULL AUTO_INCREMENT,
  `mensaje` text NOT NULL,
  `fecha` timestamp NOT NULL DEFAULT current_timestamp(),
  `leida` tinyint(1) DEFAULT 0,
  PRIMARY KEY (`id`)
) ENGINE=InnoDB AUTO_INCREMENT=798 DEFAULT CHARSET=utf8mb4 COLLATE=utf8mb4_general_ci;
/*!40101 SET character_set_client = @saved_cs_client */;

--
-- Dumping data for table `notificaciones`
--

LOCK TABLES `notificaciones` WRITE;
/*!40000 ALTER TABLE `notificaciones` DISABLE KEYS */;
INSERT INTO `notificaciones` VALUES (1,'Producto nose bajo mínimo! Stock actual: 42','2025-03-26 23:59:01',1),(2,'Producto chazis bajo mínimo! Stock actual: 20','2025-03-26 23:59:01',1),(3,'Producto nose bajo mínimo! Stock actual: 41','2025-03-27 00:08:20',1),(4,'Producto chazis bajo mínimo! Stock actual: 20','2025-03-27 00:08:20',1),(5,'Producto nose bajo mínimo! Stock actual: 41','2025-03-27 14:02:34',1),(6,'Producto chazis bajo mínimo! Stock actual: 19','2025-03-27 14:02:34',1),(7,'Producto chaiz bajo mínimo! Stock actual: 49','2025-03-27 14:02:34',1),(8,'Producto nose bajo mínimo! Stock actual: 40','2025-03-28 14:10:47',1),(9,'Producto chazis bajo mínimo! Stock actual: 19','2025-03-28 14:10:47',1),(10,'Producto chaiz bajo mínimo! Stock actual: 49','2025-03-28 14:10:47',1),(11,'Producto nose bajo mínimo! Stock actual: 39','2025-03-28 14:12:02',1),(12,'Producto chazis bajo mínimo! Stock actual: 19','2025-03-28 14:12:02',1),(13,'Producto chaiz bajo mínimo! Stock actual: 49','2025-03-28 14:12:02',1),(14,'Producto nose bajo mínimo! Stock actual: 38','2025-03-28 14:30:16',1),(15,'Producto chazis bajo mínimo! Stock actual: 19','2025-03-28 14:30:16',1),(16,'Producto chaiz bajo mínimo! Stock actual: 49','2025-03-28 14:30:16',1),(17,'Producto nose bajo mínimo! Stock actual: 37','2025-03-28 15:44:57',1),(18,'Producto chazis bajo mínimo! Stock actual: 19','2025-03-28 15:44:57',1),(19,'Producto chaiz bajo mínimo! Stock actual: 49','2025-03-28 15:44:57',1),(20,'Producto nose bajo mínimo! Stock actual: 36','2025-03-28 15:46:19',1),(21,'Producto chazis bajo mínimo! Stock actual: 19','2025-03-28 15:46:19',1),(22,'Producto chaiz bajo mínimo! Stock actual: 49','2025-03-28 15:46:19',1),(23,'Producto fghdhf bajo mínimo! Stock actual: 36','2025-04-07 18:57:17',1),(24,'Producto chazis bajo mínimo! Stock actual: 19','2025-04-07 18:57:17',1),(25,'Producto efhedjh bajo mínimo! Stock actual: 1','2025-04-07 18:57:17',1),(26,'Producto rhefh bajo mínimo! Stock actual: 52','2025-04-07 18:57:17',1),(27,'Producto freno bajo mínimo! Stock actual: 25','2025-04-07 18:57:17',1),(28,'Producto filtro de aceite fz18 200 bajo mínimo! Stock actual: 4','2025-04-07 18:57:17',1),(29,'Producto pin pastilla freno set xt660 bajo mínimo! Stock actual: 5','2025-04-07 18:57:17',1),(30,'Producto foco bajo mínimo! Stock actual: 9','2025-04-07 18:57:17',1),(31,'Producto fhdh bajo mínimo! Stock actual: 19','2025-04-07 18:57:17',1),(32,'Producto kit de arrastre cb 190r honda original bajo mínimo! Stock actual: 6','2025-04-07 18:57:17',1),(33,'Producto dulce bajo mínimo! Stock actual: 7','2025-04-07 18:57:17',0),(34,'Producto sdgdjhfgj bajo mínimo! Stock actual: 45','2025-04-07 18:57:17',0),(35,'Producto rhefh bajo mínimo! Stock actual: 52','2025-04-11 14:28:32',1),(36,'Producto FRENO bajo mínimo! Stock actual: 25','2025-04-11 14:28:32',1),(37,'Producto filtro de aceite fz18 200 bajo mínimo! Stock actual: 4','2025-04-11 14:28:32',1),(38,'Producto pin pastilla freno set xt660 bajo mínimo! Stock actual: 4','2025-04-11 14:28:32',1),(39,'Producto fhdh bajo mínimo! Stock actual: 18','2025-04-11 14:28:32',1),(40,'Producto kit de arrastre cb 190r honda original bajo mínimo! Stock actual: 5','2025-04-11 14:28:32',1),(41,'Producto dulce bajo mínimo! Stock actual: 7','2025-04-11 14:28:32',1),(42,'Producto sdgdjhfgj bajo mínimo! Stock actual: 45','2025-04-11 14:28:32',1),(43,'Producto rhefh bajo mínimo! Stock actual: 52','2025-04-21 16:37:26',1),(44,'Producto FRENO bajo mínimo! Stock actual: 25','2025-04-21 16:37:26',1),(45,'Producto filtro de aceite fz18 200 bajo mínimo! Stock actual: 4','2025-04-21 16:37:26',1),(46,'Producto pin pastilla freno set xt660 bajo mínimo! Stock actual: 4','2025-04-21 16:37:26',1),(47,'Producto fhdh bajo mínimo! Stock actual: 17','2025-04-21 16:37:26',1),(48,'Producto kit de arrastre cb 190r honda original bajo mínimo! Stock actual: 4','2025-04-21 16:37:26',1),(49,'Producto dulce bajo mínimo! Stock actual: 7','2025-04-21 16:37:26',1),(50,'Producto sdgdjhfgj bajo mínimo! Stock actual: 45','2025-04-21 16:37:26',1),(51,'Producto rhefh bajo mínimo! Stock actual: 52','2025-04-23 16:34:17',0),(52,'Producto FRENO bajo mínimo! Stock actual: 25','2025-04-23 16:34:17',0),(53,'Producto filtro de aceite fz18 200 bajo mínimo! Stock actual: 4','2025-04-23 16:34:17',0),(54,'Producto pin pastilla freno set xt660 bajo mínimo! Stock actual: 1','2025-04-23 16:34:17',0),(55,'Producto fhdh bajo mínimo! Stock actual: 17','2025-04-23 16:34:17',0),(56,'Producto kit de arrastre cb 190r honda original bajo mínimo! Stock actual: 4','2025-04-23 16:34:17',0),(57,'Producto dulce bajo mínimo! Stock actual: 7','2025-04-23 16:34:17',0),(58,'Producto sdgdjhfgj bajo mínimo! Stock actual: 45','2025-04-23 16:34:17',0),(59,'Producto rhefh bajo mínimo! Stock actual: 52','2025-04-23 16:34:19',0),(60,'Producto FRENO bajo mínimo! Stock actual: 25','2025-04-23 16:34:19',0),(61,'Producto filtro de aceite fz18 200 bajo mínimo! Stock actual: 4','2025-04-23 16:34:19',0),(62,'Producto pin pastilla freno set xt660 bajo mínimo! Stock actual: -2','2025-04-23 16:34:19',0),(63,'Producto fhdh bajo mínimo! Stock actual: 17','2025-04-23 16:34:19',0),(64,'Producto kit de arrastre cb 190r honda original bajo mínimo! Stock actual: 4','2025-04-23 16:34:19',0),(65,'Producto dulce bajo mínimo! Stock actual: 7','2025-04-23 16:34:19',0),(66,'Producto sdgdjhfgj bajo mínimo! Stock actual: 45','2025-04-23 16:34:19',0),(67,'Producto rhefh bajo mínimo! Stock actual: 52','2025-04-23 16:34:20',0),(68,'Producto FRENO bajo mínimo! Stock actual: 25','2025-04-23 16:34:20',0),(69,'Producto filtro de aceite fz18 200 bajo mínimo! Stock actual: 4','2025-04-23 16:34:20',0),(70,'Producto pin pastilla freno set xt660 bajo mínimo! Stock actual: -5','2025-04-23 16:34:20',0),(71,'Producto fhdh bajo mínimo! Stock actual: 17','2025-04-23 16:34:20',0),(72,'Producto kit de arrastre cb 190r honda original bajo mínimo! Stock actual: 4','2025-04-23 16:34:20',0),(73,'Producto dulce bajo mínimo! Stock actual: 7','2025-04-23 16:34:20',0),(74,'Producto sdgdjhfgj bajo mínimo! Stock actual: 45','2025-04-23 16:34:20',0),(75,'Producto rhefh bajo mínimo! Stock actual: 52','2025-04-23 16:34:21',0),(76,'Producto FRENO bajo mínimo! Stock actual: 25','2025-04-23 16:34:21',0),(77,'Producto filtro de aceite fz18 200 bajo mínimo! Stock actual: 4','2025-04-23 16:34:21',0),(78,'Producto pin pastilla freno set xt660 bajo mínimo! Stock actual: -8','2025-04-23 16:34:21',0),(79,'Producto fhdh bajo mínimo! Stock actual: 17','2025-04-23 16:34:21',0),(80,'Producto kit de arrastre cb 190r honda original bajo mínimo! Stock actual: 4','2025-04-23 16:34:21',0),(81,'Producto dulce bajo mínimo! Stock actual: 7','2025-04-23 16:34:21',0),(82,'Producto sdgdjhfgj bajo mínimo! Stock actual: 45','2025-04-23 16:34:21',0),(83,'Producto rhefh bajo mínimo! Stock actual: 52','2025-04-23 16:34:21',0),(84,'Producto FRENO bajo mínimo! Stock actual: 25','2025-04-23 16:34:21',0),(85,'Producto filtro de aceite fz18 200 bajo mínimo! Stock actual: 4','2025-04-23 16:34:21',0),(86,'Producto pin pastilla freno set xt660 bajo mínimo! Stock actual: -11','2025-04-23 16:34:21',0),(87,'Producto fhdh bajo mínimo! Stock actual: 17','2025-04-23 16:34:21',0),(88,'Producto kit de arrastre cb 190r honda original bajo mínimo! Stock actual: 4','2025-04-23 16:34:21',0),(89,'Producto dulce bajo mínimo! Stock actual: 7','2025-04-23 16:34:21',0),(90,'Producto sdgdjhfgj bajo mínimo! Stock actual: 45','2025-04-23 16:34:21',0),(91,'Producto rhefh bajo mínimo! Stock actual: 52','2025-04-23 16:34:21',0),(92,'Producto FRENO bajo mínimo! Stock actual: 25','2025-04-23 16:34:21',0),(93,'Producto filtro de aceite fz18 200 bajo mínimo! Stock actual: 4','2025-04-23 16:34:21',0),(94,'Producto pin pastilla freno set xt660 bajo mínimo! Stock actual: -14','2025-04-23 16:34:21',0),(95,'Producto fhdh bajo mínimo! Stock actual: 17','2025-04-23 16:34:21',0),(96,'Producto kit de arrastre cb 190r honda original bajo mínimo! Stock actual: 4','2025-04-23 16:34:21',0),(97,'Producto dulce bajo mínimo! Stock actual: 7','2025-04-23 16:34:21',0),(98,'Producto sdgdjhfgj bajo mínimo! Stock actual: 45','2025-04-23 16:34:21',0),(99,'Producto rhefh bajo mínimo! Stock actual: 52','2025-04-23 16:34:21',0),(100,'Producto FRENO bajo mínimo! Stock actual: 25','2025-04-23 16:34:21',0),(101,'Producto filtro de aceite fz18 200 bajo mínimo! Stock actual: 4','2025-04-23 16:34:21',0),(102,'Producto pin pastilla freno set xt660 bajo mínimo! Stock actual: -17','2025-04-23 16:34:21',0),(103,'Producto fhdh bajo mínimo! Stock actual: 17','2025-04-23 16:34:21',0),(104,'Producto kit de arrastre cb 190r honda original bajo mínimo! Stock actual: 4','2025-04-23 16:34:21',0),(105,'Producto dulce bajo mínimo! Stock actual: 7','2025-04-23 16:34:21',0),(106,'Producto sdgdjhfgj bajo mínimo! Stock actual: 45','2025-04-23 16:34:21',0),(107,'Producto rhefh bajo mínimo! Stock actual: 52','2025-04-23 16:34:22',0),(108,'Producto FRENO bajo mínimo! Stock actual: 25','2025-04-23 16:34:22',0),(109,'Producto filtro de aceite fz18 200 bajo mínimo! Stock actual: 4','2025-04-23 16:34:22',0),(110,'Producto pin pastilla freno set xt660 bajo mínimo! Stock actual: -20','2025-04-23 16:34:22',0),(111,'Producto fhdh bajo mínimo! Stock actual: 17','2025-04-23 16:34:22',0),(112,'Producto kit de arrastre cb 190r honda original bajo mínimo! Stock actual: 4','2025-04-23 16:34:22',0),(113,'Producto dulce bajo mínimo! Stock actual: 7','2025-04-23 16:34:22',0),(114,'Producto sdgdjhfgj bajo mínimo! Stock actual: 45','2025-04-23 16:34:22',0),(115,'Producto rhefh bajo mínimo! Stock actual: 52','2025-04-23 16:34:24',0),(116,'Producto FRENO bajo mínimo! Stock actual: 25','2025-04-23 16:34:24',0),(117,'Producto filtro de aceite fz18 200 bajo mínimo! Stock actual: 4','2025-04-23 16:34:24',0),(118,'Producto pin pastilla freno set xt660 bajo mínimo! Stock actual: -23','2025-04-23 16:34:24',0),(119,'Producto fhdh bajo mínimo! Stock actual: 17','2025-04-23 16:34:24',0),(120,'Producto kit de arrastre cb 190r honda original bajo mínimo! Stock actual: 4','2025-04-23 16:34:24',0),(121,'Producto dulce bajo mínimo! Stock actual: 7','2025-04-23 16:34:24',0),(122,'Producto sdgdjhfgj bajo mínimo! Stock actual: 45','2025-04-23 16:34:24',0),(123,'Producto rhefh bajo mínimo! Stock actual: 52','2025-04-23 16:34:24',0),(124,'Producto FRENO bajo mínimo! Stock actual: 25','2025-04-23 16:34:24',0),(125,'Producto filtro de aceite fz18 200 bajo mínimo! Stock actual: 4','2025-04-23 16:34:24',0),(126,'Producto pin pastilla freno set xt660 bajo mínimo! Stock actual: -26','2025-04-23 16:34:24',0),(127,'Producto fhdh bajo mínimo! Stock actual: 17','2025-04-23 16:34:24',0),(128,'Producto kit de arrastre cb 190r honda original bajo mínimo! Stock actual: 4','2025-04-23 16:34:24',0),(129,'Producto dulce bajo mínimo! Stock actual: 7','2025-04-23 16:34:24',0),(130,'Producto sdgdjhfgj bajo mínimo! Stock actual: 45','2025-04-23 16:34:24',0),(131,'Producto rhefh bajo mínimo! Stock actual: 52','2025-04-23 16:34:24',0),(132,'Producto FRENO bajo mínimo! Stock actual: 25','2025-04-23 16:34:24',0),(133,'Producto filtro de aceite fz18 200 bajo mínimo! Stock actual: 4','2025-04-23 16:34:24',0),(134,'Producto pin pastilla freno set xt660 bajo mínimo! Stock actual: -29','2025-04-23 16:34:24',0),(135,'Producto fhdh bajo mínimo! Stock actual: 17','2025-04-23 16:34:24',0),(136,'Producto kit de arrastre cb 190r honda original bajo mínimo! Stock actual: 4','2025-04-23 16:34:24',0),(137,'Producto dulce bajo mínimo! Stock actual: 7','2025-04-23 16:34:24',0),(138,'Producto sdgdjhfgj bajo mínimo! Stock actual: 45','2025-04-23 16:34:24',0),(139,'Producto rhefh bajo mínimo! Stock actual: 52','2025-04-23 16:34:24',0),(140,'Producto FRENO bajo mínimo! Stock actual: 25','2025-04-23 16:34:24',0),(141,'Producto filtro de aceite fz18 200 bajo mínimo! Stock actual: 4','2025-04-23 16:34:24',0),(142,'Producto pin pastilla freno set xt660 bajo mínimo! Stock actual: -32','2025-04-23 16:34:24',0),(143,'Producto fhdh bajo mínimo! Stock actual: 17','2025-04-23 16:34:24',0),(144,'Producto kit de arrastre cb 190r honda original bajo mínimo! Stock actual: 4','2025-04-23 16:34:24',0),(145,'Producto dulce bajo mínimo! Stock actual: 7','2025-04-23 16:34:24',0),(146,'Producto sdgdjhfgj bajo mínimo! Stock actual: 45','2025-04-23 16:34:24',0),(147,'Producto rhefh bajo mínimo! Stock actual: 52','2025-04-23 16:34:24',0),(148,'Producto FRENO bajo mínimo! Stock actual: 25','2025-04-23 16:34:24',0),(149,'Producto filtro de aceite fz18 200 bajo mínimo! Stock actual: 4','2025-04-23 16:34:24',0),(150,'Producto pin pastilla freno set xt660 bajo mínimo! Stock actual: -35','2025-04-23 16:34:24',0),(151,'Producto fhdh bajo mínimo! Stock actual: 17','2025-04-23 16:34:24',0),(152,'Producto kit de arrastre cb 190r honda original bajo mínimo! Stock actual: 4','2025-04-23 16:34:24',0),(153,'Producto dulce bajo mínimo! Stock actual: 7','2025-04-23 16:34:24',0),(154,'Producto sdgdjhfgj bajo mínimo! Stock actual: 45','2025-04-23 16:34:24',0),(155,'Producto rhefh bajo mínimo! Stock actual: 52','2025-04-23 16:34:25',0),(156,'Producto FRENO bajo mínimo! Stock actual: 25','2025-04-23 16:34:25',0),(157,'Producto filtro de aceite fz18 200 bajo mínimo! Stock actual: 4','2025-04-23 16:34:25',0),(158,'Producto pin pastilla freno set xt660 bajo mínimo! Stock actual: -38','2025-04-23 16:34:25',0),(159,'Producto fhdh bajo mínimo! Stock actual: 17','2025-04-23 16:34:25',0),(160,'Producto kit de arrastre cb 190r honda original bajo mínimo! Stock actual: 4','2025-04-23 16:34:25',0),(161,'Producto dulce bajo mínimo! Stock actual: 7','2025-04-23 16:34:25',0),(162,'Producto sdgdjhfgj bajo mínimo! Stock actual: 45','2025-04-23 16:34:25',0),(163,'Producto rhefh bajo mínimo! Stock actual: 52','2025-04-23 16:34:25',0),(164,'Producto FRENO bajo mínimo! Stock actual: 25','2025-04-23 16:34:25',0),(165,'Producto filtro de aceite fz18 200 bajo mínimo! Stock actual: 4','2025-04-23 16:34:25',0),(166,'Producto pin pastilla freno set xt660 bajo mínimo! Stock actual: -41','2025-04-23 16:34:25',0),(167,'Producto fhdh bajo mínimo! Stock actual: 17','2025-04-23 16:34:25',0),(168,'Producto kit de arrastre cb 190r honda original bajo mínimo! Stock actual: 4','2025-04-23 16:34:25',0),(169,'Producto dulce bajo mínimo! Stock actual: 7','2025-04-23 16:34:25',0),(170,'Producto sdgdjhfgj bajo mínimo! Stock actual: 45','2025-04-23 16:34:25',0),(171,'Producto rhefh bajo mínimo! Stock actual: 52','2025-04-23 16:34:25',0),(172,'Producto FRENO bajo mínimo! Stock actual: 25','2025-04-23 16:34:25',0),(173,'Producto filtro de aceite fz18 200 bajo mínimo! Stock actual: 4','2025-04-23 16:34:25',0),(174,'Producto pin pastilla freno set xt660 bajo mínimo! Stock actual: -44','2025-04-23 16:34:25',0),(175,'Producto fhdh bajo mínimo! Stock actual: 17','2025-04-23 16:34:25',0),(176,'Producto kit de arrastre cb 190r honda original bajo mínimo! Stock actual: 4','2025-04-23 16:34:25',0),(177,'Producto dulce bajo mínimo! Stock actual: 7','2025-04-23 16:34:25',0),(178,'Producto sdgdjhfgj bajo mínimo! Stock actual: 45','2025-04-23 16:34:25',0),(179,'Producto rhefh bajo mínimo! Stock actual: 52','2025-04-23 16:34:25',0),(180,'Producto FRENO bajo mínimo! Stock actual: 25','2025-04-23 16:34:25',0),(181,'Producto filtro de aceite fz18 200 bajo mínimo! Stock actual: 4','2025-04-23 16:34:25',0),(182,'Producto pin pastilla freno set xt660 bajo mínimo! Stock actual: -47','2025-04-23 16:34:25',0),(183,'Producto fhdh bajo mínimo! Stock actual: 17','2025-04-23 16:34:25',0),(184,'Producto kit de arrastre cb 190r honda original bajo mínimo! Stock actual: 4','2025-04-23 16:34:25',0),(185,'Producto dulce bajo mínimo! Stock actual: 7','2025-04-23 16:34:25',0),(186,'Producto sdgdjhfgj bajo mínimo! Stock actual: 45','2025-04-23 16:34:25',0),(187,'Producto rhefh bajo mínimo! Stock actual: 52','2025-04-23 16:34:25',0),(188,'Producto FRENO bajo mínimo! Stock actual: 25','2025-04-23 16:34:25',0),(189,'Producto filtro de aceite fz18 200 bajo mínimo! Stock actual: 4','2025-04-23 16:34:25',0),(190,'Producto pin pastilla freno set xt660 bajo mínimo! Stock actual: -50','2025-04-23 16:34:25',0),(191,'Producto fhdh bajo mínimo! Stock actual: 17','2025-04-23 16:34:25',0),(192,'Producto kit de arrastre cb 190r honda original bajo mínimo! Stock actual: 4','2025-04-23 16:34:25',0),(193,'Producto dulce bajo mínimo! Stock actual: 7','2025-04-23 16:34:25',0),(194,'Producto sdgdjhfgj bajo mínimo! Stock actual: 45','2025-04-23 16:34:25',0),(195,'Producto rhefh bajo mínimo! Stock actual: 52','2025-04-23 16:34:26',0),(196,'Producto FRENO bajo mínimo! Stock actual: 25','2025-04-23 16:34:26',0),(197,'Producto filtro de aceite fz18 200 bajo mínimo! Stock actual: 4','2025-04-23 16:34:26',0),(198,'Producto pin pastilla freno set xt660 bajo mínimo! Stock actual: -53','2025-04-23 16:34:26',0),(199,'Producto fhdh bajo mínimo! Stock actual: 17','2025-04-23 16:34:26',0),(200,'Producto kit de arrastre cb 190r honda original bajo mínimo! Stock actual: 4','2025-04-23 16:34:26',0),(201,'Producto dulce bajo mínimo! Stock actual: 7','2025-04-23 16:34:26',0),(202,'Producto sdgdjhfgj bajo mínimo! Stock actual: 45','2025-04-23 16:34:26',0),(203,'Producto rhefh bajo mínimo! Stock actual: 51','2025-04-23 16:34:48',0),(204,'Producto FRENO bajo mínimo! Stock actual: 24','2025-04-23 16:34:48',0),(205,'Producto filtro de aceite fz18 200 bajo mínimo! Stock actual: 4','2025-04-23 16:34:48',0),(206,'Producto pin pastilla freno set xt660 bajo mínimo! Stock actual: -53','2025-04-23 16:34:48',0),(207,'Producto fhdh bajo mínimo! Stock actual: 17','2025-04-23 16:34:48',0),(208,'Producto kit de arrastre cb 190r honda original bajo mínimo! Stock actual: 4','2025-04-23 16:34:48',0),(209,'Producto dulce bajo mínimo! Stock actual: 7','2025-04-23 16:34:48',0),(210,'Producto sdgdjhfgj bajo mínimo! Stock actual: 45','2025-04-23 16:34:48',0),(211,'Producto rhefh bajo mínimo! Stock actual: 50','2025-04-23 16:34:50',0),(212,'Producto FRENO bajo mínimo! Stock actual: 23','2025-04-23 16:34:50',0),(213,'Producto filtro de aceite fz18 200 bajo mínimo! Stock actual: 4','2025-04-23 16:34:50',0),(214,'Producto pin pastilla freno set xt660 bajo mínimo! Stock actual: -53','2025-04-23 16:34:50',0),(215,'Producto fhdh bajo mínimo! Stock actual: 17','2025-04-23 16:34:50',0),(216,'Producto kit de arrastre cb 190r honda original bajo mínimo! Stock actual: 4','2025-04-23 16:34:50',0),(217,'Producto dulce bajo mínimo! Stock actual: 7','2025-04-23 16:34:50',0),(218,'Producto sdgdjhfgj bajo mínimo! Stock actual: 45','2025-04-23 16:34:50',0),(219,'Producto rhefh bajo mínimo! Stock actual: 49','2025-04-23 16:34:52',0),(220,'Producto FRENO bajo mínimo! Stock actual: 22','2025-04-23 16:34:52',0),(221,'Producto filtro de aceite fz18 200 bajo mínimo! Stock actual: 4','2025-04-23 16:34:52',0),(222,'Producto pin pastilla freno set xt660 bajo mínimo! Stock actual: -53','2025-04-23 16:34:52',0),(223,'Producto fhdh bajo mínimo! Stock actual: 17','2025-04-23 16:34:52',0),(224,'Producto kit de arrastre cb 190r honda original bajo mínimo! Stock actual: 4','2025-04-23 16:34:52',0),(225,'Producto dulce bajo mínimo! Stock actual: 7','2025-04-23 16:34:52',0),(226,'Producto sdgdjhfgj bajo mínimo! Stock actual: 45','2025-04-23 16:34:52',0),(227,'Producto rhefh bajo mínimo! Stock actual: 48','2025-04-23 16:34:53',0),(228,'Producto FRENO bajo mínimo! Stock actual: 21','2025-04-23 16:34:53',0),(229,'Producto filtro de aceite fz18 200 bajo mínimo! Stock actual: 4','2025-04-23 16:34:53',0),(230,'Producto pin pastilla freno set xt660 bajo mínimo! Stock actual: -53','2025-04-23 16:34:53',0),(231,'Producto fhdh bajo mínimo! Stock actual: 17','2025-04-23 16:34:53',0),(232,'Producto kit de arrastre cb 190r honda original bajo mínimo! Stock actual: 4','2025-04-23 16:34:53',0),(233,'Producto dulce bajo mínimo! Stock actual: 7','2025-04-23 16:34:53',0),(234,'Producto sdgdjhfgj bajo mínimo! Stock actual: 45','2025-04-23 16:34:53',0),(235,'Producto rhefh bajo mínimo! Stock actual: 47','2025-04-23 16:34:53',0),(236,'Producto FRENO bajo mínimo! Stock actual: 20','2025-04-23 16:34:53',0),(237,'Producto filtro de aceite fz18 200 bajo mínimo! Stock actual: 4','2025-04-23 16:34:53',0),(238,'Producto pin pastilla freno set xt660 bajo mínimo! Stock actual: -53','2025-04-23 16:34:53',0),(239,'Producto fhdh bajo mínimo! Stock actual: 17','2025-04-23 16:34:53',0),(240,'Producto kit de arrastre cb 190r honda original bajo mínimo! Stock actual: 4','2025-04-23 16:34:53',0),(241,'Producto dulce bajo mínimo! Stock actual: 7','2025-04-23 16:34:53',0),(242,'Producto sdgdjhfgj bajo mínimo! Stock actual: 45','2025-04-23 16:34:53',0),(243,'Producto rhefh bajo mínimo! Stock actual: 47','2025-04-23 16:38:08',0),(244,'Producto FRENO bajo mínimo! Stock actual: 20','2025-04-23 16:38:08',0),(245,'Producto filtro de aceite fz18 200 bajo mínimo! Stock actual: 4','2025-04-23 16:38:08',0),(246,'Producto pin pastilla freno set xt660 bajo mínimo! Stock actual: -56','2025-04-23 16:38:08',0),(247,'Producto fhdh bajo mínimo! Stock actual: 17','2025-04-23 16:38:08',0),(248,'Producto kit de arrastre cb 190r honda original bajo mínimo! Stock actual: 4','2025-04-23 16:38:08',0),(249,'Producto dulce bajo mínimo! Stock actual: 7','2025-04-23 16:38:08',0),(250,'Producto sdgdjhfgj bajo mínimo! Stock actual: 45','2025-04-23 16:38:08',0),(251,'Producto rhefh bajo mínimo! Stock actual: 47','2025-04-23 16:38:08',0),(252,'Producto FRENO bajo mínimo! Stock actual: 20','2025-04-23 16:38:08',0),(253,'Producto filtro de aceite fz18 200 bajo mínimo! Stock actual: 4','2025-04-23 16:38:08',0),(254,'Producto pin pastilla freno set xt660 bajo mínimo! Stock actual: -59','2025-04-23 16:38:08',0),(255,'Producto fhdh bajo mínimo! Stock actual: 17','2025-04-23 16:38:08',0),(256,'Producto kit de arrastre cb 190r honda original bajo mínimo! Stock actual: 4','2025-04-23 16:38:08',0),(257,'Producto dulce bajo mínimo! Stock actual: 7','2025-04-23 16:38:08',0),(258,'Producto sdgdjhfgj bajo mínimo! Stock actual: 45','2025-04-23 16:38:08',0),(259,'Producto rhefh bajo mínimo! Stock actual: 47','2025-04-23 16:38:08',0),(260,'Producto FRENO bajo mínimo! Stock actual: 20','2025-04-23 16:38:08',0),(261,'Producto filtro de aceite fz18 200 bajo mínimo! Stock actual: 4','2025-04-23 16:38:08',0),(262,'Producto pin pastilla freno set xt660 bajo mínimo! Stock actual: -62','2025-04-23 16:38:08',0),(263,'Producto fhdh bajo mínimo! Stock actual: 17','2025-04-23 16:38:08',0),(264,'Producto kit de arrastre cb 190r honda original bajo mínimo! Stock actual: 4','2025-04-23 16:38:08',0),(265,'Producto dulce bajo mínimo! Stock actual: 7','2025-04-23 16:38:08',0),(266,'Producto sdgdjhfgj bajo mínimo! Stock actual: 45','2025-04-23 16:38:08',0),(267,'Producto rhefh bajo mínimo! Stock actual: 47','2025-04-23 16:38:08',0),(268,'Producto FRENO bajo mínimo! Stock actual: 20','2025-04-23 16:38:08',0),(269,'Producto filtro de aceite fz18 200 bajo mínimo! Stock actual: 4','2025-04-23 16:38:08',0),(270,'Producto pin pastilla freno set xt660 bajo mínimo! Stock actual: -65','2025-04-23 16:38:08',0),(271,'Producto fhdh bajo mínimo! Stock actual: 17','2025-04-23 16:38:08',0),(272,'Producto kit de arrastre cb 190r honda original bajo mínimo! Stock actual: 4','2025-04-23 16:38:08',0),(273,'Producto dulce bajo mínimo! Stock actual: 7','2025-04-23 16:38:08',0),(274,'Producto sdgdjhfgj bajo mínimo! Stock actual: 45','2025-04-23 16:38:08',0),(275,'Producto rhefh bajo mínimo! Stock actual: 47','2025-04-23 16:38:09',0),(276,'Producto FRENO bajo mínimo! Stock actual: 20','2025-04-23 16:38:09',0),(277,'Producto filtro de aceite fz18 200 bajo mínimo! Stock actual: 4','2025-04-23 16:38:09',0),(278,'Producto pin pastilla freno set xt660 bajo mínimo! Stock actual: -68','2025-04-23 16:38:09',0),(279,'Producto fhdh bajo mínimo! Stock actual: 17','2025-04-23 16:38:09',0),(280,'Producto kit de arrastre cb 190r honda original bajo mínimo! Stock actual: 4','2025-04-23 16:38:09',0),(281,'Producto dulce bajo mínimo! Stock actual: 7','2025-04-23 16:38:09',0),(282,'Producto sdgdjhfgj bajo mínimo! Stock actual: 45','2025-04-23 16:38:09',0),(283,'Producto rhefh bajo mínimo! Stock actual: 47','2025-04-23 16:38:09',0),(284,'Producto FRENO bajo mínimo! Stock actual: 20','2025-04-23 16:38:09',0),(285,'Producto filtro de aceite fz18 200 bajo mínimo! Stock actual: 4','2025-04-23 16:38:09',0),(286,'Producto pin pastilla freno set xt660 bajo mínimo! Stock actual: -71','2025-04-23 16:38:09',0),(287,'Producto fhdh bajo mínimo! Stock actual: 17','2025-04-23 16:38:09',0),(288,'Producto kit de arrastre cb 190r honda original bajo mínimo! Stock actual: 4','2025-04-23 16:38:09',0),(289,'Producto dulce bajo mínimo! Stock actual: 7','2025-04-23 16:38:09',0),(290,'Producto sdgdjhfgj bajo mínimo! Stock actual: 45','2025-04-23 16:38:09',0),(291,'Producto rhefh bajo mínimo! Stock actual: 47','2025-04-23 16:38:09',0),(292,'Producto FRENO bajo mínimo! Stock actual: 20','2025-04-23 16:38:09',0),(293,'Producto filtro de aceite fz18 200 bajo mínimo! Stock actual: 4','2025-04-23 16:38:09',0),(294,'Producto pin pastilla freno set xt660 bajo mínimo! Stock actual: -74','2025-04-23 16:38:09',0),(295,'Producto fhdh bajo mínimo! Stock actual: 17','2025-04-23 16:38:09',0),(296,'Producto kit de arrastre cb 190r honda original bajo mínimo! Stock actual: 4','2025-04-23 16:38:09',0),(297,'Producto dulce bajo mínimo! Stock actual: 7','2025-04-23 16:38:09',0),(298,'Producto sdgdjhfgj bajo mínimo! Stock actual: 45','2025-04-23 16:38:09',0),(299,'Producto rhefh bajo mínimo! Stock actual: 47','2025-04-23 16:38:09',0),(300,'Producto FRENO bajo mínimo! Stock actual: 20','2025-04-23 16:38:09',0),(301,'Producto filtro de aceite fz18 200 bajo mínimo! Stock actual: 4','2025-04-23 16:38:09',0),(302,'Producto pin pastilla freno set xt660 bajo mínimo! Stock actual: -77','2025-04-23 16:38:09',0),(303,'Producto fhdh bajo mínimo! Stock actual: 17','2025-04-23 16:38:09',0),(304,'Producto kit de arrastre cb 190r honda original bajo mínimo! Stock actual: 4','2025-04-23 16:38:09',0),(305,'Producto dulce bajo mínimo! Stock actual: 7','2025-04-23 16:38:09',0),(306,'Producto sdgdjhfgj bajo mínimo! Stock actual: 45','2025-04-23 16:38:09',0),(307,'Producto rhefh bajo mínimo! Stock actual: 47','2025-04-23 16:38:12',0),(308,'Producto FRENO bajo mínimo! Stock actual: 20','2025-04-23 16:38:12',0),(309,'Producto filtro de aceite fz18 200 bajo mínimo! Stock actual: 4','2025-04-23 16:38:12',0),(310,'Producto pin pastilla freno set xt660 bajo mínimo! Stock actual: -80','2025-04-23 16:38:12',0),(311,'Producto fhdh bajo mínimo! Stock actual: 17','2025-04-23 16:38:12',0),(312,'Producto kit de arrastre cb 190r honda original bajo mínimo! Stock actual: 4','2025-04-23 16:38:12',0),(313,'Producto dulce bajo mínimo! Stock actual: 7','2025-04-23 16:38:12',0),(314,'Producto sdgdjhfgj bajo mínimo! Stock actual: 45','2025-04-23 16:38:12',0),(315,'Producto rhefh bajo mínimo! Stock actual: 47','2025-04-23 16:38:12',0),(316,'Producto FRENO bajo mínimo! Stock actual: 20','2025-04-23 16:38:12',0),(317,'Producto filtro de aceite fz18 200 bajo mínimo! Stock actual: 4','2025-04-23 16:38:12',1),(318,'Producto pin pastilla freno set xt660 bajo mínimo! Stock actual: -83','2025-04-23 16:38:12',0),(319,'Producto fhdh bajo mínimo! Stock actual: 17','2025-04-23 16:38:12',0),(320,'Producto kit de arrastre cb 190r honda original bajo mínimo! Stock actual: 4','2025-04-23 16:38:12',0),(321,'Producto dulce bajo mínimo! Stock actual: 7','2025-04-23 16:38:12',0),(322,'Producto sdgdjhfgj bajo mínimo! Stock actual: 45','2025-04-23 16:38:12',0),(323,'Producto rhefh bajo mínimo! Stock actual: 47','2025-04-23 16:38:36',0),(324,'Producto FRENO bajo mínimo! Stock actual: 19','2025-04-23 16:38:36',0),(325,'Producto filtro de aceite fz18 200 bajo mínimo! Stock actual: 4','2025-04-23 16:38:36',0),(326,'Producto pin pastilla freno set xt660 bajo mínimo! Stock actual: -83','2025-04-23 16:38:36',0),(327,'Producto fhdh bajo mínimo! Stock actual: 17','2025-04-23 16:38:36',0),(328,'Producto kit de arrastre cb 190r honda original bajo mínimo! Stock actual: 4','2025-04-23 16:38:36',0),(329,'Producto dulce bajo mínimo! Stock actual: 7','2025-04-23 16:38:36',0),(330,'Producto sdgdjhfgj bajo mínimo! Stock actual: 45','2025-04-23 16:38:36',0),(331,'Producto rhefh bajo mínimo! Stock actual: 47','2025-04-23 16:38:37',0),(332,'Producto FRENO bajo mínimo! Stock actual: 18','2025-04-23 16:38:37',0),(333,'Producto filtro de aceite fz18 200 bajo mínimo! Stock actual: 4','2025-04-23 16:38:37',0),(334,'Producto pin pastilla freno set xt660 bajo mínimo! Stock actual: -83','2025-04-23 16:38:37',0),(335,'Producto fhdh bajo mínimo! Stock actual: 17','2025-04-23 16:38:37',0),(336,'Producto kit de arrastre cb 190r honda original bajo mínimo! Stock actual: 4','2025-04-23 16:38:37',0),(337,'Producto dulce bajo mínimo! Stock actual: 7','2025-04-23 16:38:37',0),(338,'Producto sdgdjhfgj bajo mínimo! Stock actual: 45','2025-04-23 16:38:37',0),(339,'Producto rhefh bajo mínimo! Stock actual: 47','2025-04-23 16:38:37',0),(340,'Producto FRENO bajo mínimo! Stock actual: 17','2025-04-23 16:38:37',0),(341,'Producto filtro de aceite fz18 200 bajo mínimo! Stock actual: 4','2025-04-23 16:38:37',0),(342,'Producto pin pastilla freno set xt660 bajo mínimo! Stock actual: -83','2025-04-23 16:38:37',0),(343,'Producto fhdh bajo mínimo! Stock actual: 17','2025-04-23 16:38:37',0),(344,'Producto kit de arrastre cb 190r honda original bajo mínimo! Stock actual: 4','2025-04-23 16:38:37',0),(345,'Producto dulce bajo mínimo! Stock actual: 7','2025-04-23 16:38:37',0),(346,'Producto sdgdjhfgj bajo mínimo! Stock actual: 45','2025-04-23 16:38:37',0),(347,'Producto rhefh bajo mínimo! Stock actual: 47','2025-04-23 16:38:37',0),(348,'Producto FRENO bajo mínimo! Stock actual: 16','2025-04-23 16:38:37',0),(349,'Producto filtro de aceite fz18 200 bajo mínimo! Stock actual: 4','2025-04-23 16:38:37',0),(350,'Producto pin pastilla freno set xt660 bajo mínimo! Stock actual: -83','2025-04-23 16:38:37',0),(351,'Producto fhdh bajo mínimo! Stock actual: 17','2025-04-23 16:38:37',0),(352,'Producto kit de arrastre cb 190r honda original bajo mínimo! Stock actual: 4','2025-04-23 16:38:37',0),(353,'Producto dulce bajo mínimo! Stock actual: 7','2025-04-23 16:38:37',0),(354,'Producto sdgdjhfgj bajo mínimo! Stock actual: 45','2025-04-23 16:38:37',0),(355,'Producto rhefh bajo mínimo! Stock actual: 47','2025-04-23 16:38:37',0),(356,'Producto FRENO bajo mínimo! Stock actual: 15','2025-04-23 16:38:37',0),(357,'Producto filtro de aceite fz18 200 bajo mínimo! Stock actual: 4','2025-04-23 16:38:37',0),(358,'Producto pin pastilla freno set xt660 bajo mínimo! Stock actual: -83','2025-04-23 16:38:37',0),(359,'Producto fhdh bajo mínimo! Stock actual: 17','2025-04-23 16:38:37',0),(360,'Producto kit de arrastre cb 190r honda original bajo mínimo! Stock actual: 4','2025-04-23 16:38:37',0),(361,'Producto dulce bajo mínimo! Stock actual: 7','2025-04-23 16:38:37',0),(362,'Producto sdgdjhfgj bajo mínimo! Stock actual: 45','2025-04-23 16:38:37',0),(363,'Producto rhefh bajo mínimo! Stock actual: 47','2025-04-23 16:38:38',0),(364,'Producto FRENO bajo mínimo! Stock actual: 14','2025-04-23 16:38:38',0),(365,'Producto filtro de aceite fz18 200 bajo mínimo! Stock actual: 4','2025-04-23 16:38:38',0),(366,'Producto pin pastilla freno set xt660 bajo mínimo! Stock actual: -83','2025-04-23 16:38:38',0),(367,'Producto fhdh bajo mínimo! Stock actual: 17','2025-04-23 16:38:38',0),(368,'Producto kit de arrastre cb 190r honda original bajo mínimo! Stock actual: 4','2025-04-23 16:38:38',0),(369,'Producto dulce bajo mínimo! Stock actual: 7','2025-04-23 16:38:38',0),(370,'Producto sdgdjhfgj bajo mínimo! Stock actual: 45','2025-04-23 16:38:38',0),(371,'Producto rhefh bajo mínimo! Stock actual: 47','2025-04-23 16:38:38',0),(372,'Producto FRENO bajo mínimo! Stock actual: 13','2025-04-23 16:38:38',0),(373,'Producto filtro de aceite fz18 200 bajo mínimo! Stock actual: 4','2025-04-23 16:38:38',0),(374,'Producto pin pastilla freno set xt660 bajo mínimo! Stock actual: -83','2025-04-23 16:38:38',0),(375,'Producto fhdh bajo mínimo! Stock actual: 17','2025-04-23 16:38:38',0),(376,'Producto kit de arrastre cb 190r honda original bajo mínimo! Stock actual: 4','2025-04-23 16:38:38',0),(377,'Producto dulce bajo mínimo! Stock actual: 7','2025-04-23 16:38:38',0),(378,'Producto sdgdjhfgj bajo mínimo! Stock actual: 45','2025-04-23 16:38:38',0),(379,'Producto rhefh bajo mínimo! Stock actual: 47','2025-04-23 16:38:38',0),(380,'Producto FRENO bajo mínimo! Stock actual: 12','2025-04-23 16:38:38',0),(381,'Producto filtro de aceite fz18 200 bajo mínimo! Stock actual: 4','2025-04-23 16:38:38',0),(382,'Producto pin pastilla freno set xt660 bajo mínimo! Stock actual: -83','2025-04-23 16:38:38',0),(383,'Producto fhdh bajo mínimo! Stock actual: 17','2025-04-23 16:38:38',0),(384,'Producto kit de arrastre cb 190r honda original bajo mínimo! Stock actual: 4','2025-04-23 16:38:38',0),(385,'Producto dulce bajo mínimo! Stock actual: 7','2025-04-23 16:38:38',0),(386,'Producto sdgdjhfgj bajo mínimo! Stock actual: 45','2025-04-23 16:38:38',0),(387,'Producto rhefh bajo mínimo! Stock actual: 47','2025-04-23 16:38:38',0),(388,'Producto FRENO bajo mínimo! Stock actual: 11','2025-04-23 16:38:38',0),(389,'Producto filtro de aceite fz18 200 bajo mínimo! Stock actual: 4','2025-04-23 16:38:38',0),(390,'Producto pin pastilla freno set xt660 bajo mínimo! Stock actual: -83','2025-04-23 16:38:38',0),(391,'Producto fhdh bajo mínimo! Stock actual: 17','2025-04-23 16:38:38',0),(392,'Producto kit de arrastre cb 190r honda original bajo mínimo! Stock actual: 4','2025-04-23 16:38:38',0),(393,'Producto dulce bajo mínimo! Stock actual: 7','2025-04-23 16:38:38',0),(394,'Producto sdgdjhfgj bajo mínimo! Stock actual: 45','2025-04-23 16:38:38',0),(395,'Producto rhefh bajo mínimo! Stock actual: 47','2025-04-23 16:38:38',0),(396,'Producto FRENO bajo mínimo! Stock actual: 10','2025-04-23 16:38:38',0),(397,'Producto filtro de aceite fz18 200 bajo mínimo! Stock actual: 4','2025-04-23 16:38:38',0),(398,'Producto pin pastilla freno set xt660 bajo mínimo! Stock actual: -83','2025-04-23 16:38:38',0),(399,'Producto fhdh bajo mínimo! Stock actual: 17','2025-04-23 16:38:38',0),(400,'Producto kit de arrastre cb 190r honda original bajo mínimo! Stock actual: 4','2025-04-23 16:38:38',0),(401,'Producto dulce bajo mínimo! Stock actual: 7','2025-04-23 16:38:38',0),(402,'Producto sdgdjhfgj bajo mínimo! Stock actual: 45','2025-04-23 16:38:38',0),(403,'Producto rhefh bajo mínimo! Stock actual: 47','2025-04-23 16:38:39',0),(404,'Producto FRENO bajo mínimo! Stock actual: 9','2025-04-23 16:38:39',0),(405,'Producto filtro de aceite fz18 200 bajo mínimo! Stock actual: 4','2025-04-23 16:38:39',1),(406,'Producto pin pastilla freno set xt660 bajo mínimo! Stock actual: -83','2025-04-23 16:38:39',0),(407,'Producto fhdh bajo mínimo! Stock actual: 17','2025-04-23 16:38:39',0),(408,'Producto kit de arrastre cb 190r honda original bajo mínimo! Stock actual: 4','2025-04-23 16:38:39',0),(409,'Producto dulce bajo mínimo! Stock actual: 7','2025-04-23 16:38:39',0),(410,'Producto sdgdjhfgj bajo mínimo! Stock actual: 45','2025-04-23 16:38:39',0),(411,'Producto rhefh bajo mínimo! Stock actual: 47','2025-04-23 16:38:39',0),(412,'Producto FRENO bajo mínimo! Stock actual: 8','2025-04-23 16:38:39',0),(413,'Producto filtro de aceite fz18 200 bajo mínimo! Stock actual: 4','2025-04-23 16:38:39',0),(414,'Producto pin pastilla freno set xt660 bajo mínimo! Stock actual: -83','2025-04-23 16:38:39',0),(415,'Producto fhdh bajo mínimo! Stock actual: 17','2025-04-23 16:38:39',0),(416,'Producto kit de arrastre cb 190r honda original bajo mínimo! Stock actual: 4','2025-04-23 16:38:39',0),(417,'Producto dulce bajo mínimo! Stock actual: 7','2025-04-23 16:38:39',0),(418,'Producto sdgdjhfgj bajo mínimo! Stock actual: 45','2025-04-23 16:38:39',0),(419,'Producto rhefh bajo mínimo! Stock actual: 47','2025-04-23 16:41:14',0),(420,'Producto FRENO bajo mínimo! Stock actual: 8','2025-04-23 16:41:14',0),(421,'Producto filtro de aceite fz18 200 bajo mínimo! Stock actual: 4','2025-04-23 16:41:14',0),(422,'Producto pin pastilla freno set xt660 bajo mínimo! Stock actual: -83','2025-04-23 16:41:14',0),(423,'Producto fhdh bajo mínimo! Stock actual: 15','2025-04-23 16:41:14',0),(424,'Producto kit de arrastre cb 190r honda original bajo mínimo! Stock actual: 4','2025-04-23 16:41:14',0),(425,'Producto dulce bajo mínimo! Stock actual: 7','2025-04-23 16:41:14',0),(426,'Producto sdgdjhfgj bajo mínimo! Stock actual: 45','2025-04-23 16:41:14',0),(427,'Producto rhefh bajo mínimo! Stock actual: 47','2025-04-23 16:41:15',0),(428,'Producto FRENO bajo mínimo! Stock actual: 8','2025-04-23 16:41:15',0),(429,'Producto filtro de aceite fz18 200 bajo mínimo! Stock actual: 4','2025-04-23 16:41:15',0),(430,'Producto pin pastilla freno set xt660 bajo mínimo! Stock actual: -83','2025-04-23 16:41:15',0),(431,'Producto fhdh bajo mínimo! Stock actual: 13','2025-04-23 16:41:15',0),(432,'Producto kit de arrastre cb 190r honda original bajo mínimo! Stock actual: 4','2025-04-23 16:41:15',0),(433,'Producto dulce bajo mínimo! Stock actual: 7','2025-04-23 16:41:15',0),(434,'Producto sdgdjhfgj bajo mínimo! Stock actual: 45','2025-04-23 16:41:15',0),(435,'Producto rhefh bajo mínimo! Stock actual: 47','2025-04-23 16:41:16',0),(436,'Producto FRENO bajo mínimo! Stock actual: 8','2025-04-23 16:41:16',0),(437,'Producto filtro de aceite fz18 200 bajo mínimo! Stock actual: 4','2025-04-23 16:41:16',0),(438,'Producto pin pastilla freno set xt660 bajo mínimo! Stock actual: -83','2025-04-23 16:41:16',0),(439,'Producto fhdh bajo mínimo! Stock actual: 11','2025-04-23 16:41:16',0),(440,'Producto kit de arrastre cb 190r honda original bajo mínimo! Stock actual: 4','2025-04-23 16:41:16',0),(441,'Producto dulce bajo mínimo! Stock actual: 7','2025-04-23 16:41:16',0),(442,'Producto sdgdjhfgj bajo mínimo! Stock actual: 45','2025-04-23 16:41:16',0),(443,'Producto rhefh bajo mínimo! Stock actual: 47','2025-04-23 16:41:16',0),(444,'Producto FRENO bajo mínimo! Stock actual: 8','2025-04-23 16:41:16',0),(445,'Producto filtro de aceite fz18 200 bajo mínimo! Stock actual: 4','2025-04-23 16:41:16',0),(446,'Producto pin pastilla freno set xt660 bajo mínimo! Stock actual: -83','2025-04-23 16:41:16',0),(447,'Producto fhdh bajo mínimo! Stock actual: 9','2025-04-23 16:41:16',0),(448,'Producto kit de arrastre cb 190r honda original bajo mínimo! Stock actual: 4','2025-04-23 16:41:16',0),(449,'Producto dulce bajo mínimo! Stock actual: 7','2025-04-23 16:41:16',0),(450,'Producto sdgdjhfgj bajo mínimo! Stock actual: 45','2025-04-23 16:41:16',0),(451,'Producto rhefh bajo mínimo! Stock actual: 47','2025-04-23 16:41:16',0),(452,'Producto FRENO bajo mínimo! Stock actual: 8','2025-04-23 16:41:16',0),(453,'Producto filtro de aceite fz18 200 bajo mínimo! Stock actual: 4','2025-04-23 16:41:16',0),(454,'Producto pin pastilla freno set xt660 bajo mínimo! Stock actual: -83','2025-04-23 16:41:16',0),(455,'Producto fhdh bajo mínimo! Stock actual: 7','2025-04-23 16:41:16',0),(456,'Producto kit de arrastre cb 190r honda original bajo mínimo! Stock actual: 4','2025-04-23 16:41:16',0),(457,'Producto dulce bajo mínimo! Stock actual: 7','2025-04-23 16:41:16',0),(458,'Producto sdgdjhfgj bajo mínimo! Stock actual: 45','2025-04-23 16:41:16',0),(459,'Producto rhefh bajo mínimo! Stock actual: 47','2025-04-23 16:41:16',0),(460,'Producto FRENO bajo mínimo! Stock actual: 8','2025-04-23 16:41:16',0),(461,'Producto filtro de aceite fz18 200 bajo mínimo! Stock actual: 4','2025-04-23 16:41:16',0),(462,'Producto pin pastilla freno set xt660 bajo mínimo! Stock actual: -83','2025-04-23 16:41:16',0),(463,'Producto fhdh bajo mínimo! Stock actual: 5','2025-04-23 16:41:16',0),(464,'Producto kit de arrastre cb 190r honda original bajo mínimo! Stock actual: 4','2025-04-23 16:41:16',0),(465,'Producto dulce bajo mínimo! Stock actual: 7','2025-04-23 16:41:16',0),(466,'Producto sdgdjhfgj bajo mínimo! Stock actual: 45','2025-04-23 16:41:16',0),(467,'Producto rhefh bajo mínimo! Stock actual: 47','2025-04-23 16:41:16',0),(468,'Producto FRENO bajo mínimo! Stock actual: 8','2025-04-23 16:41:16',0),(469,'Producto filtro de aceite fz18 200 bajo mínimo! Stock actual: 4','2025-04-23 16:41:16',0),(470,'Producto pin pastilla freno set xt660 bajo mínimo! Stock actual: -83','2025-04-23 16:41:16',0),(471,'Producto fhdh bajo mínimo! Stock actual: 3','2025-04-23 16:41:16',0),(472,'Producto kit de arrastre cb 190r honda original bajo mínimo! Stock actual: 4','2025-04-23 16:41:16',0),(473,'Producto dulce bajo mínimo! Stock actual: 7','2025-04-23 16:41:16',0),(474,'Producto sdgdjhfgj bajo mínimo! Stock actual: 45','2025-04-23 16:41:16',0),(475,'Producto rhefh bajo mínimo! Stock actual: 47','2025-04-23 16:41:16',0),(476,'Producto FRENO bajo mínimo! Stock actual: 8','2025-04-23 16:41:16',0),(477,'Producto filtro de aceite fz18 200 bajo mínimo! Stock actual: 4','2025-04-23 16:41:16',0),(478,'Producto pin pastilla freno set xt660 bajo mínimo! Stock actual: -83','2025-04-23 16:41:16',0),(479,'Producto fhdh bajo mínimo! Stock actual: 1','2025-04-23 16:41:16',0),(480,'Producto kit de arrastre cb 190r honda original bajo mínimo! Stock actual: 4','2025-04-23 16:41:16',0),(481,'Producto dulce bajo mínimo! Stock actual: 7','2025-04-23 16:41:16',0),(482,'Producto sdgdjhfgj bajo mínimo! Stock actual: 45','2025-04-23 16:41:16',0),(483,'Producto rhefh bajo mínimo! Stock actual: 47','2025-04-23 16:41:17',0),(484,'Producto FRENO bajo mínimo! Stock actual: 8','2025-04-23 16:41:17',0),(485,'Producto filtro de aceite fz18 200 bajo mínimo! Stock actual: 4','2025-04-23 16:41:17',0),(486,'Producto pin pastilla freno set xt660 bajo mínimo! Stock actual: -83','2025-04-23 16:41:17',0),(487,'Producto fhdh bajo mínimo! Stock actual: -1','2025-04-23 16:41:17',0),(488,'Producto kit de arrastre cb 190r honda original bajo mínimo! Stock actual: 4','2025-04-23 16:41:17',0),(489,'Producto dulce bajo mínimo! Stock actual: 7','2025-04-23 16:41:17',0),(490,'Producto sdgdjhfgj bajo mínimo! Stock actual: 45','2025-04-23 16:41:17',0),(491,'Producto rhefh bajo mínimo! Stock actual: 47','2025-04-23 16:41:17',0),(492,'Producto FRENO bajo mínimo! Stock actual: 8','2025-04-23 16:41:17',0),(493,'Producto filtro de aceite fz18 200 bajo mínimo! Stock actual: 4','2025-04-23 16:41:17',0),(494,'Producto pin pastilla freno set xt660 bajo mínimo! Stock actual: -83','2025-04-23 16:41:17',0),(495,'Producto fhdh bajo mínimo! Stock actual: -3','2025-04-23 16:41:17',0),(496,'Producto kit de arrastre cb 190r honda original bajo mínimo! Stock actual: 4','2025-04-23 16:41:17',0),(497,'Producto dulce bajo mínimo! Stock actual: 7','2025-04-23 16:41:17',0),(498,'Producto sdgdjhfgj bajo mínimo! Stock actual: 45','2025-04-23 16:41:17',0),(499,'Producto rhefh bajo mínimo! Stock actual: 47','2025-04-23 16:41:17',0),(500,'Producto FRENO bajo mínimo! Stock actual: 8','2025-04-23 16:41:17',0),(501,'Producto filtro de aceite fz18 200 bajo mínimo! Stock actual: 4','2025-04-23 16:41:17',0),(502,'Producto pin pastilla freno set xt660 bajo mínimo! Stock actual: -83','2025-04-23 16:41:17',0),(503,'Producto fhdh bajo mínimo! Stock actual: -5','2025-04-23 16:41:17',0),(504,'Producto kit de arrastre cb 190r honda original bajo mínimo! Stock actual: 4','2025-04-23 16:41:17',0),(505,'Producto dulce bajo mínimo! Stock actual: 7','2025-04-23 16:41:17',0),(506,'Producto sdgdjhfgj bajo mínimo! Stock actual: 45','2025-04-23 16:41:17',0),(507,'Producto rhefh bajo mínimo! Stock actual: 47','2025-04-23 16:41:17',0),(508,'Producto FRENO bajo mínimo! Stock actual: 8','2025-04-23 16:41:17',0),(509,'Producto filtro de aceite fz18 200 bajo mínimo! Stock actual: 4','2025-04-23 16:41:17',0),(510,'Producto pin pastilla freno set xt660 bajo mínimo! Stock actual: -83','2025-04-23 16:41:17',0),(511,'Producto fhdh bajo mínimo! Stock actual: -7','2025-04-23 16:41:17',0),(512,'Producto kit de arrastre cb 190r honda original bajo mínimo! Stock actual: 4','2025-04-23 16:41:17',0),(513,'Producto dulce bajo mínimo! Stock actual: 7','2025-04-23 16:41:17',0),(514,'Producto sdgdjhfgj bajo mínimo! Stock actual: 45','2025-04-23 16:41:17',0),(515,'Producto rhefh bajo mínimo! Stock actual: 47','2025-04-23 16:41:18',0),(516,'Producto FRENO bajo mínimo! Stock actual: 8','2025-04-23 16:41:18',0),(517,'Producto filtro de aceite fz18 200 bajo mínimo! Stock actual: 4','2025-04-23 16:41:18',0),(518,'Producto pin pastilla freno set xt660 bajo mínimo! Stock actual: -83','2025-04-23 16:41:18',0),(519,'Producto fhdh bajo mínimo! Stock actual: -9','2025-04-23 16:41:18',0),(520,'Producto kit de arrastre cb 190r honda original bajo mínimo! Stock actual: 4','2025-04-23 16:41:18',0),(521,'Producto dulce bajo mínimo! Stock actual: 7','2025-04-23 16:41:18',0),(522,'Producto sdgdjhfgj bajo mínimo! Stock actual: 45','2025-04-23 16:41:18',0),(523,'Producto rhefh bajo mínimo! Stock actual: 47','2025-04-23 16:41:18',0),(524,'Producto FRENO bajo mínimo! Stock actual: 8','2025-04-23 16:41:18',0),(525,'Producto filtro de aceite fz18 200 bajo mínimo! Stock actual: 4','2025-04-23 16:41:18',0),(526,'Producto pin pastilla freno set xt660 bajo mínimo! Stock actual: -83','2025-04-23 16:41:18',0),(527,'Producto fhdh bajo mínimo! Stock actual: -11','2025-04-23 16:41:18',0),(528,'Producto kit de arrastre cb 190r honda original bajo mínimo! Stock actual: 4','2025-04-23 16:41:18',0),(529,'Producto dulce bajo mínimo! Stock actual: 7','2025-04-23 16:41:18',0),(530,'Producto sdgdjhfgj bajo mínimo! Stock actual: 45','2025-04-23 16:41:18',0),(531,'Producto rhefh bajo mínimo! Stock actual: 47','2025-04-23 16:41:18',0),(532,'Producto FRENO bajo mínimo! Stock actual: 8','2025-04-23 16:41:18',0),(533,'Producto filtro de aceite fz18 200 bajo mínimo! Stock actual: 4','2025-04-23 16:41:18',0),(534,'Producto pin pastilla freno set xt660 bajo mínimo! Stock actual: -83','2025-04-23 16:41:18',0),(535,'Producto fhdh bajo mínimo! Stock actual: -13','2025-04-23 16:41:18',0),(536,'Producto kit de arrastre cb 190r honda original bajo mínimo! Stock actual: 4','2025-04-23 16:41:18',0),(537,'Producto dulce bajo mínimo! Stock actual: 7','2025-04-23 16:41:18',0),(538,'Producto sdgdjhfgj bajo mínimo! Stock actual: 45','2025-04-23 16:41:18',0),(539,'Producto rhefh bajo mínimo! Stock actual: 47','2025-04-23 16:41:18',0),(540,'Producto FRENO bajo mínimo! Stock actual: 8','2025-04-23 16:41:18',0),(541,'Producto filtro de aceite fz18 200 bajo mínimo! Stock actual: 4','2025-04-23 16:41:18',0),(542,'Producto pin pastilla freno set xt660 bajo mínimo! Stock actual: -83','2025-04-23 16:41:18',0),(543,'Producto fhdh bajo mínimo! Stock actual: -15','2025-04-23 16:41:18',0),(544,'Producto kit de arrastre cb 190r honda original bajo mínimo! Stock actual: 4','2025-04-23 16:41:18',0),(545,'Producto dulce bajo mínimo! Stock actual: 7','2025-04-23 16:41:18',0),(546,'Producto sdgdjhfgj bajo mínimo! Stock actual: 45','2025-04-23 16:41:18',0),(547,'Producto rhefh bajo mínimo! Stock actual: 47','2025-04-23 16:43:36',0),(548,'Producto FRENO bajo mínimo! Stock actual: 8','2025-04-23 16:43:36',0),(549,'Producto filtro de aceite fz18 200 bajo mínimo! Stock actual: 4','2025-04-23 16:43:36',0),(550,'Producto pin pastilla freno set xt660 bajo mínimo! Stock actual: -83','2025-04-23 16:43:36',0),(551,'Producto fhdh bajo mínimo! Stock actual: -15','2025-04-23 16:43:36',0),(552,'Producto kit de arrastre cb 190r honda original bajo mínimo! Stock actual: 2','2025-04-23 16:43:36',0),(553,'Producto dulce bajo mínimo! Stock actual: 7','2025-04-23 16:43:36',0),(554,'Producto sdgdjhfgj bajo mínimo! Stock actual: 45','2025-04-23 16:43:36',0),(555,'Producto rhefh bajo mínimo! Stock actual: 47','2025-04-23 16:44:36',0),(556,'Producto FRENO bajo mínimo! Stock actual: 8','2025-04-23 16:44:36',0),(557,'Producto filtro de aceite fz18 200 bajo mínimo! Stock actual: 4','2025-04-23 16:44:36',0),(558,'Producto pin pastilla freno set xt660 bajo mínimo! Stock actual: -83','2025-04-23 16:44:36',0),(559,'Producto fhdh bajo mínimo! Stock actual: -15','2025-04-23 16:44:36',0),(560,'Producto kit de arrastre cb 190r honda original bajo mínimo! Stock actual: 1','2025-04-23 16:44:36',0),(561,'Producto dulce bajo mínimo! Stock actual: 7','2025-04-23 16:44:36',0),(562,'Producto sdgdjhfgj bajo mínimo! Stock actual: 45','2025-04-23 16:44:36',0),(563,'Producto rhefh bajo mínimo! Stock actual: 47','2025-04-23 16:44:36',0),(564,'Producto FRENO bajo mínimo! Stock actual: 8','2025-04-23 16:44:36',0),(565,'Producto filtro de aceite fz18 200 bajo mínimo! Stock actual: 4','2025-04-23 16:44:36',0),(566,'Producto pin pastilla freno set xt660 bajo mínimo! Stock actual: -83','2025-04-23 16:44:36',0),(567,'Producto fhdh bajo mínimo! Stock actual: -15','2025-04-23 16:44:36',0),(568,'Producto kit de arrastre cb 190r honda original bajo mínimo! Stock actual: 0','2025-04-23 16:44:36',0),(569,'Producto dulce bajo mínimo! Stock actual: 7','2025-04-23 16:44:36',0),(570,'Producto sdgdjhfgj bajo mínimo! Stock actual: 45','2025-04-23 16:44:36',0),(571,'Producto rhefh bajo mínimo! Stock actual: 47','2025-04-23 16:44:36',0),(572,'Producto FRENO bajo mínimo! Stock actual: 8','2025-04-23 16:44:36',0),(573,'Producto filtro de aceite fz18 200 bajo mínimo! Stock actual: 4','2025-04-23 16:44:36',0),(574,'Producto pin pastilla freno set xt660 bajo mínimo! Stock actual: -83','2025-04-23 16:44:36',0),(575,'Producto fhdh bajo mínimo! Stock actual: -15','2025-04-23 16:44:36',0),(576,'Producto kit de arrastre cb 190r honda original bajo mínimo! Stock actual: -1','2025-04-23 16:44:36',0),(577,'Producto dulce bajo mínimo! Stock actual: 7','2025-04-23 16:44:36',0),(578,'Producto sdgdjhfgj bajo mínimo! Stock actual: 45','2025-04-23 16:44:36',0),(579,'Producto rhefh bajo mínimo! Stock actual: 47','2025-04-23 16:44:36',0),(580,'Producto FRENO bajo mínimo! Stock actual: 8','2025-04-23 16:44:36',0),(581,'Producto filtro de aceite fz18 200 bajo mínimo! Stock actual: 4','2025-04-23 16:44:36',0),(582,'Producto pin pastilla freno set xt660 bajo mínimo! Stock actual: -83','2025-04-23 16:44:36',0),(583,'Producto fhdh bajo mínimo! Stock actual: -15','2025-04-23 16:44:36',0),(584,'Producto kit de arrastre cb 190r honda original bajo mínimo! Stock actual: -2','2025-04-23 16:44:36',0),(585,'Producto dulce bajo mínimo! Stock actual: 7','2025-04-23 16:44:36',0),(586,'Producto sdgdjhfgj bajo mínimo! Stock actual: 45','2025-04-23 16:44:36',0),(587,'Producto rhefh bajo mínimo! Stock actual: 47','2025-04-23 16:44:37',0),(588,'Producto FRENO bajo mínimo! Stock actual: 8','2025-04-23 16:44:37',0),(589,'Producto filtro de aceite fz18 200 bajo mínimo! Stock actual: 4','2025-04-23 16:44:37',0),(590,'Producto pin pastilla freno set xt660 bajo mínimo! Stock actual: -83','2025-04-23 16:44:37',0),(591,'Producto fhdh bajo mínimo! Stock actual: -15','2025-04-23 16:44:37',0),(592,'Producto kit de arrastre cb 190r honda original bajo mínimo! Stock actual: -3','2025-04-23 16:44:37',0),(593,'Producto dulce bajo mínimo! Stock actual: 7','2025-04-23 16:44:37',0),(594,'Producto sdgdjhfgj bajo mínimo! Stock actual: 45','2025-04-23 16:44:37',0),(595,'Producto rhefh bajo mínimo! Stock actual: 47','2025-04-23 16:44:37',0),(596,'Producto FRENO bajo mínimo! Stock actual: 8','2025-04-23 16:44:37',0),(597,'Producto filtro de aceite fz18 200 bajo mínimo! Stock actual: 4','2025-04-23 16:44:37',0),(598,'Producto pin pastilla freno set xt660 bajo mínimo! Stock actual: -83','2025-04-23 16:44:37',0),(599,'Producto fhdh bajo mínimo! Stock actual: -15','2025-04-23 16:44:37',0),(600,'Producto kit de arrastre cb 190r honda original bajo mínimo! Stock actual: -4','2025-04-23 16:44:37',0),(601,'Producto dulce bajo mínimo! Stock actual: 7','2025-04-23 16:44:37',0),(602,'Producto sdgdjhfgj bajo mínimo! Stock actual: 45','2025-04-23 16:44:37',0),(603,'Producto rhefh bajo mínimo! Stock actual: 47','2025-04-23 16:44:38',0),(604,'Producto FRENO bajo mínimo! Stock actual: 8','2025-04-23 16:44:38',0),(605,'Producto filtro de aceite fz18 200 bajo mínimo! Stock actual: 4','2025-04-23 16:44:38',0),(606,'Producto pin pastilla freno set xt660 bajo mínimo! Stock actual: -83','2025-04-23 16:44:38',0),(607,'Producto fhdh bajo mínimo! Stock actual: -15','2025-04-23 16:44:38',0),(608,'Producto kit de arrastre cb 190r honda original bajo mínimo! Stock actual: -5','2025-04-23 16:44:38',0),(609,'Producto dulce bajo mínimo! Stock actual: 7','2025-04-23 16:44:38',0),(610,'Producto sdgdjhfgj bajo mínimo! Stock actual: 45','2025-04-23 16:44:38',0),(611,'Producto rhefh bajo mínimo! Stock actual: 46','2025-04-23 16:45:08',1),(612,'Producto FRENO bajo mínimo! Stock actual: 8','2025-04-23 16:45:08',0),(613,'Producto filtro de aceite fz18 200 bajo mínimo! Stock actual: 4','2025-04-23 16:45:08',0),(614,'Producto pin pastilla freno set xt660 bajo mínimo! Stock actual: -83','2025-04-23 16:45:08',0),(615,'Producto fhdh bajo mínimo! Stock actual: -15','2025-04-23 16:45:08',0),(616,'Producto kit de arrastre cb 190r honda original bajo mínimo! Stock actual: -5','2025-04-23 16:45:08',0),(617,'Producto dulce bajo mínimo! Stock actual: 7','2025-04-23 16:45:08',0),(618,'Producto sdgdjhfgj bajo mínimo! Stock actual: 45','2025-04-23 16:45:08',0),(619,'Producto rhefh bajo mínimo! Stock actual: 46','2025-04-24 16:24:36',1),(620,'Producto FRENO bajo mínimo! Stock actual: 8','2025-04-24 16:24:36',1),(621,'Producto filtro de aceite fz18 200 bajo mínimo! Stock actual: 4','2025-04-24 16:24:36',1),(622,'Producto pin pastilla freno set xt660 bajo mínimo! Stock actual: -83','2025-04-24 16:24:36',1),(623,'Producto fhdh bajo mínimo! Stock actual: -15','2025-04-24 16:24:36',0),(624,'Producto kit de arrastre cb 190r honda original bajo mínimo! Stock actual: -5','2025-04-24 16:24:36',0),(625,'Producto dulce bajo mínimo! Stock actual: 6','2025-04-24 16:24:36',0),(626,'Producto sdgdjhfgj bajo mínimo! Stock actual: 45','2025-04-24 16:24:36',0),(627,'Producto rhefh bajo mínimo! Stock actual: 46','2025-04-24 16:24:49',1),(628,'Producto FRENO bajo mínimo! Stock actual: 8','2025-04-24 16:24:49',1),(629,'Producto filtro de aceite fz18 200 bajo mínimo! Stock actual: 4','2025-04-24 16:24:49',1),(630,'Producto pin pastilla freno set xt660 bajo mínimo! Stock actual: -83','2025-04-24 16:24:49',1),(631,'Producto fhdh bajo mínimo! Stock actual: -15','2025-04-24 16:24:49',1),(632,'Producto kit de arrastre cb 190r honda original bajo mínimo! Stock actual: -5','2025-04-24 16:24:49',1),(633,'Producto dulce bajo mínimo! Stock actual: 5','2025-04-24 16:24:49',1),(634,'Producto sdgdjhfgj bajo mínimo! Stock actual: 45','2025-04-24 16:24:49',1),(635,'Producto rhefh bajo mínimo! Stock actual: 46','2025-04-24 16:31:44',1),(636,'Producto FRENO bajo mínimo! Stock actual: 8','2025-04-24 16:31:44',1),(637,'Producto filtro de aceite fz18 200 bajo mínimo! Stock actual: 4','2025-04-24 16:31:44',1),(638,'Producto pin pastilla freno set xt660 bajo mínimo! Stock actual: -83','2025-04-24 16:31:44',1),(639,'Producto fhdh bajo mínimo! Stock actual: -15','2025-04-24 16:31:44',1),(640,'Producto kit de arrastre cb 190r honda original bajo mínimo! Stock actual: -5','2025-04-24 16:31:44',1),(641,'Producto dulce bajo mínimo! Stock actual: 4','2025-04-24 16:31:44',1),(642,'Producto sdgdjhfgj bajo mínimo! Stock actual: 45','2025-04-24 16:31:44',1),(643,'Producto rhefh bajo mínimo! Stock actual: 46','2025-04-29 11:45:18',0),(644,'Producto FRENO bajo mínimo! Stock actual: 8','2025-04-29 11:45:18',0),(645,'Producto filtro de aceite fz18 200 bajo mínimo! Stock actual: 0','2025-04-29 11:45:18',0),(646,'Producto pin pastilla freno set xt660 bajo mínimo! Stock actual: -83','2025-04-29 11:45:18',0),(647,'Producto fhdh bajo mínimo! Stock actual: -15','2025-04-29 11:45:18',0),(648,'Producto kit de arrastre cb 190r honda original bajo mínimo! Stock actual: -5','2025-04-29 11:45:18',0),(649,'Producto dulce bajo mínimo! Stock actual: 4','2025-04-29 11:45:18',0),(650,'Producto sdgdjhfgj bajo mínimo! Stock actual: 45','2025-04-29 11:45:18',0),(651,'Producto rhefh bajo mínimo! Stock actual: 46','2025-04-29 11:52:31',0),(652,'Producto FRENO bajo mínimo! Stock actual: 7','2025-04-29 11:52:31',0),(653,'Producto filtro de aceite fz18 200 bajo mínimo! Stock actual: 0','2025-04-29 11:52:31',0),(654,'Producto pin pastilla freno set xt660 bajo mínimo! Stock actual: -83','2025-04-29 11:52:31',0),(655,'Producto fhdh bajo mínimo! Stock actual: -15','2025-04-29 11:52:31',0),(656,'Producto kit de arrastre cb 190r honda original bajo mínimo! Stock actual: -5','2025-04-29 11:52:31',0),(657,'Producto dulce bajo mínimo! Stock actual: 4','2025-04-29 11:52:31',0),(658,'Producto sdgdjhfgj bajo mínimo! Stock actual: 45','2025-04-29 11:52:31',0),(659,'Producto rhefh bajo mínimo! Stock actual: 45','2025-04-29 11:55:12',0),(660,'Producto FRENO bajo mínimo! Stock actual: 7','2025-04-29 11:55:12',0),(661,'Producto filtro de aceite fz18 200 bajo mínimo! Stock actual: 0','2025-04-29 11:55:12',0),(662,'Producto pin pastilla freno set xt660 bajo mínimo! Stock actual: -83','2025-04-29 11:55:12',0),(663,'Producto fhdh bajo mínimo! Stock actual: -15','2025-04-29 11:55:12',0),(664,'Producto kit de arrastre cb 190r honda original bajo mínimo! Stock actual: -5','2025-04-29 11:55:12',0),(665,'Producto dulce bajo mínimo! Stock actual: 4','2025-04-29 11:55:12',0),(666,'Producto sdgdjhfgj bajo mínimo! Stock actual: 45','2025-04-29 11:55:12',0),(667,'Producto rhefh bajo mínimo! Stock actual: 45','2025-04-29 11:57:07',0),(668,'Producto FRENO bajo mínimo! Stock actual: 7','2025-04-29 11:57:07',0),(669,'Producto filtro de aceite fz18 200 bajo mínimo! Stock actual: 0','2025-04-29 11:57:07',0),(670,'Producto pin pastilla freno set xt660 bajo mínimo! Stock actual: -83','2025-04-29 11:57:07',0),(671,'Producto fhdh bajo mínimo! Stock actual: -15','2025-04-29 11:57:07',0),(672,'Producto kit de arrastre cb 190r honda original bajo mínimo! Stock actual: -5','2025-04-29 11:57:07',0),(673,'Producto dulce bajo mínimo! Stock actual: 4','2025-04-29 11:57:07',0),(674,'Producto sdgdjhfgj bajo mínimo! Stock actual: 45','2025-04-29 11:57:07',0),(675,'Producto rhefh bajo mínimo! Stock actual: 45','2025-04-29 11:58:34',1),(676,'Producto FRENO bajo mínimo! Stock actual: 7','2025-04-29 11:58:34',1),(677,'Producto filtro de aceite fz18 200 bajo mínimo! Stock actual: 0','2025-04-29 11:58:34',1),(678,'Producto pin pastilla freno set xt660 bajo mínimo! Stock actual: -83','2025-04-29 11:58:34',1),(679,'Producto fhdh bajo mínimo! Stock actual: -15','2025-04-29 11:58:34',0),(680,'Producto kit de arrastre cb 190r honda original bajo mínimo! Stock actual: -5','2025-04-29 11:58:34',0),(681,'Producto dulce bajo mínimo! Stock actual: 4','2025-04-29 11:58:34',0),(682,'Producto sdgdjhfgj bajo mínimo! Stock actual: 45','2025-04-29 11:58:34',0),(683,'Producto rhefh bajo mínimo! Stock actual: 45','2025-04-29 11:59:47',1),(684,'Producto FRENO bajo mínimo! Stock actual: 7','2025-04-29 11:59:47',1),(685,'Producto filtro de aceite fz18 200 bajo mínimo! Stock actual: 0','2025-04-29 11:59:47',1),(686,'Producto pin pastilla freno set xt660 bajo mínimo! Stock actual: -83','2025-04-29 11:59:47',1),(687,'Producto fhdh bajo mínimo! Stock actual: -15','2025-04-29 11:59:47',1),(688,'Producto kit de arrastre cb 190r honda original bajo mínimo! Stock actual: -5','2025-04-29 11:59:47',1),(689,'Producto dulce bajo mínimo! Stock actual: 4','2025-04-29 11:59:47',1),(690,'Producto sdgdjhfgj bajo mínimo! Stock actual: 45','2025-04-29 11:59:47',1),(691,'Producto rhefh bajo mínimo! Stock actual: 45','2025-04-29 12:00:30',1),(692,'Producto FRENO bajo mínimo! Stock actual: 7','2025-04-29 12:00:30',1),(693,'Producto filtro de aceite fz18 200 bajo mínimo! Stock actual: 0','2025-04-29 12:00:30',1),(694,'Producto pin pastilla freno set xt660 bajo mínimo! Stock actual: -83','2025-04-29 12:00:30',1),(695,'Producto fhdh bajo mínimo! Stock actual: -15','2025-04-29 12:00:30',1),(696,'Producto kit de arrastre cb 190r honda original bajo mínimo! Stock actual: -5','2025-04-29 12:00:30',1),(697,'Producto dulce bajo mínimo! Stock actual: 4','2025-04-29 12:00:30',1),(698,'Producto sdgdjhfgj bajo mínimo! Stock actual: 45','2025-04-29 12:00:30',1),(699,'Producto filtro de aceite fz18 200 bajo mínimo! Stock actual: 0','2025-05-05 11:34:54',1),(700,'Producto pin pastilla freno set xt660 bajo mínimo! Stock actual: -83','2025-05-05 11:34:54',1),(701,'Producto fhdh bajo mínimo! Stock actual: -15','2025-05-05 11:34:54',1),(702,'Producto kit de arrastre cb 190r honda original bajo mínimo! Stock actual: -5','2025-05-05 11:34:54',1),(703,'Producto dulce bajo mínimo! Stock actual: 3','2025-05-05 11:34:55',1),(704,'Producto sdgdjhfgj bajo mínimo! Stock actual: 45','2025-05-05 11:34:55',1),(705,'Producto filtro de aceite fz18 200 bajo mínimo! Stock actual: 0','2025-05-08 11:34:24',1),(706,'Producto pin pastilla freno set xt660 bajo mínimo! Stock actual: -83','2025-05-08 11:34:24',1),(707,'Producto fhdh bajo mínimo! Stock actual: -15','2025-05-08 11:34:24',0),(708,'Producto kit de arrastre cb 190r honda original bajo mínimo! Stock actual: -5','2025-05-08 11:34:24',0),(709,'Producto dulce bajo mínimo! Stock actual: 2','2025-05-08 11:34:24',0),(710,'Producto sdgdjhfgj bajo mínimo! Stock actual: 45','2025-05-08 11:34:24',0),(711,'Producto filtro de aceite fz18 200 bajo mínimo! Stock actual: 0','2025-05-08 11:35:13',1),(712,'Producto pin pastilla freno set xt660 bajo mínimo! Stock actual: -83','2025-05-08 11:35:13',1),(713,'Producto fhdh bajo mínimo! Stock actual: -15','2025-05-08 11:35:13',1),(714,'Producto kit de arrastre cb 190r honda original bajo mínimo! Stock actual: -5','2025-05-08 11:35:13',1),(715,'Producto dulce bajo mínimo! Stock actual: 1','2025-05-08 11:35:13',1),(716,'Producto sdgdjhfgj bajo mínimo! Stock actual: 45','2025-05-08 11:35:13',1),(717,'Producto filtro de aceite fz18 200 bajo mínimo! Stock actual: 0','2025-05-08 12:03:40',1),(718,'Producto pin pastilla freno set xt660 bajo mínimo! Stock actual: -83','2025-05-08 12:03:40',1),(719,'Producto fhdh bajo mínimo! Stock actual: -15','2025-05-08 12:03:40',1),(720,'Producto kit de arrastre cb 190r honda original bajo mínimo! Stock actual: -5','2025-05-08 12:03:40',1),(721,'Producto dulce bajo mínimo! Stock actual: 1','2025-05-08 12:03:40',1),(722,'Producto sdgdjhfgj bajo mínimo! Stock actual: 44','2025-05-08 12:03:40',1),(723,'Producto filtro de aceite fz18 200 bajo mínimo! Stock actual: 0','2025-05-09 11:31:58',1),(724,'Producto fhdh bajo mínimo! Stock actual: 15','2025-05-09 11:31:58',1),(725,'Producto kit de arrastre cb 190r honda original bajo mínimo! Stock actual: -5','2025-05-09 11:31:58',1),(726,'Producto dulce bajo mínimo! Stock actual: 1','2025-05-09 11:31:58',1),(727,'Producto sdgdjhfgj bajo mínimo! Stock actual: 43','2025-05-09 11:31:58',1),(728,'Producto dfg bajo mínimo! Stock actual: 18','2025-05-09 11:31:58',1),(729,'Producto filtro de aceite fz18 200 bajo mínimo! Stock actual: 0','2025-05-09 11:33:20',0),(730,'Producto fhdh bajo mínimo! Stock actual: 15','2025-05-09 11:33:20',0),(731,'Producto kit de arrastre cb 190r honda original bajo mínimo! Stock actual: -5','2025-05-09 11:33:20',0),(732,'Producto dulce bajo mínimo! Stock actual: 1','2025-05-09 11:33:20',0),(733,'Producto sdgdjhfgj bajo mínimo! Stock actual: 42','2025-05-09 11:33:20',0),(734,'Producto dfg bajo mínimo! Stock actual: 18','2025-05-09 11:33:20',0),(735,'Producto filtro de aceite fz18 200 bajo mínimo! Stock actual: 0','2025-05-09 11:34:02',0),(736,'Producto fhdh bajo mínimo! Stock actual: 15','2025-05-09 11:34:02',0),(737,'Producto kit de arrastre cb 190r honda original bajo mínimo! Stock actual: -5','2025-05-09 11:34:02',0),(738,'Producto dulce bajo mínimo! Stock actual: 1','2025-05-09 11:34:02',0),(739,'Producto sdgdjhfgj bajo mínimo! Stock actual: 42','2025-05-09 11:34:02',0),(740,'Producto dfg bajo mínimo! Stock actual: 17','2025-05-09 11:34:02',0),(741,'Producto bolsas bajo mínimo! Stock actual: 20','2025-05-15 12:25:01',0),(742,'Producto guantes bajo mínimo! Stock actual: 44','2025-05-15 12:25:01',0),(743,'Producto filtro de aceite fz18 200 bajo mínimo! Stock actual: 0','2025-05-15 12:25:01',0),(744,'Producto fhdh bajo mínimo! Stock actual: 15','2025-05-15 12:25:01',0),(745,'Producto dulce bajo mínimo! Stock actual: 1','2025-05-15 12:25:01',0),(746,'Producto cascos bajo mínimo! Stock actual: 49','2025-05-15 12:25:01',0),(747,'Producto maletas bajo mínimo! Stock actual: 20','2025-05-15 12:25:01',0),(748,'Producto vestuario bajo mínimo! Stock actual: 14','2025-05-15 12:25:01',0),(749,'Producto sdgdjhfgj bajo mínimo! Stock actual: 42','2025-05-15 12:25:01',0),(750,'Producto dfg bajo mínimo! Stock actual: 17','2025-05-15 12:25:01',0),(751,'Producto gdxgdxhf bajo mínimo! Stock actual: 12','2025-05-15 12:25:01',0),(752,'Producto bolsas bajo mínimo! Stock actual: 20','2025-05-15 12:56:20',0),(753,'Producto guantes bajo mínimo! Stock actual: 44','2025-05-15 12:56:20',0),(754,'Producto filtro de aceite fz18 200 bajo mínimo! Stock actual: 0','2025-05-15 12:56:20',0),(755,'Producto fhdh bajo mínimo! Stock actual: 15','2025-05-15 12:56:20',0),(756,'Producto dulce bajo mínimo! Stock actual: 1','2025-05-15 12:56:20',0),(757,'Producto cascos bajo mínimo! Stock actual: 49','2025-05-15 12:56:20',0),(758,'Producto maletas bajo mínimo! Stock actual: 20','2025-05-15 12:56:20',0),(759,'Producto vestuario bajo mínimo! Stock actual: 14','2025-05-15 12:56:20',0),(760,'Producto sdgdjhfgj bajo mínimo! Stock actual: 42','2025-05-15 12:56:20',0),(761,'Producto dfg bajo mínimo! Stock actual: 17','2025-05-15 12:56:20',0),(762,'Producto gdxgdxhf bajo mínimo! Stock actual: 12','2025-05-15 12:56:20',0),(763,'Producto Jdlebejsoe bajo mínimo! Stock actual: 35','2025-05-15 12:56:20',0),(764,'Producto bolsas bajo mínimo! Stock actual: 20','2025-05-19 13:30:23',1),(765,'Producto guantes bajo mínimo! Stock actual: 44','2025-05-19 13:30:23',0),(766,'Producto filtro de aceite fz18 200 bajo mínimo! Stock actual: 0','2025-05-19 13:30:23',0),(767,'Producto fhdh bajo mínimo! Stock actual: 14','2025-05-19 13:30:23',0),(768,'Producto dulce bajo mínimo! Stock actual: 1','2025-05-19 13:30:23',1),(769,'Producto cascos bajo mínimo! Stock actual: 49','2025-05-19 13:30:23',1),(770,'Producto maletas bajo mínimo! Stock actual: 20','2025-05-19 13:30:23',1),(771,'Producto vestuario bajo mínimo! Stock actual: 14','2025-05-19 13:30:23',1),(772,'Producto sdgdjhfgj bajo mínimo! Stock actual: 42','2025-05-19 13:30:23',1),(773,'Producto dfg bajo mínimo! Stock actual: 17','2025-05-19 13:30:23',1),(774,'Producto gdxgdxhf bajo mínimo! Stock actual: 12','2025-05-19 13:30:23',1),(775,'Producto Jdlebejsoe bajo mínimo! Stock actual: 35','2025-05-19 13:30:23',1),(776,'Producto bolsas bajo mínimo! Stock actual: 20','2025-05-23 15:16:14',0),(777,'Producto guantes bajo mínimo! Stock actual: 44','2025-05-23 15:16:14',0),(778,'Producto fhdh bajo mínimo! Stock actual: 14','2025-05-23 15:16:14',1),(779,'Producto dulce bajo mínimo! Stock actual: 1','2025-05-23 15:16:14',1),(780,'Producto cascos bajo mínimo! Stock actual: 48','2025-05-23 15:16:14',1),(781,'Producto maletas bajo mínimo! Stock actual: 19','2025-05-23 15:16:14',1),(782,'Producto vestuario bajo mínimo! Stock actual: 14','2025-05-23 15:16:14',1),(783,'Producto sdgdjhfgj bajo mínimo! Stock actual: 42','2025-05-23 15:16:14',1),(784,'Producto dfg bajo mínimo! Stock actual: 17','2025-05-23 15:16:14',1),(785,'Producto gdxgdxhf bajo mínimo! Stock actual: 12','2025-05-23 15:16:14',0),(786,'Producto Jdlebejsoe bajo mínimo! Stock actual: 34','2025-05-23 15:16:14',1),(787,'Producto bolsas bajo mínimo! Stock actual: 20','2025-05-27 15:51:21',0),(788,'Producto guantes bajo mínimo! Stock actual: 44','2025-05-27 15:51:21',0),(789,'Producto fhdh bajo mínimo! Stock actual: 14','2025-05-27 15:51:21',0),(790,'Producto dulce bajo mínimo! Stock actual: 0','2025-05-27 15:51:21',0),(791,'Producto cascos bajo mínimo! Stock actual: 47','2025-05-27 15:51:21',0),(792,'Producto maletas bajo mínimo! Stock actual: 18','2025-05-27 15:51:21',0),(793,'Producto vestuario bajo mínimo! Stock actual: 13','2025-05-27 15:51:21',0),(794,'Producto sdgdjhfgj bajo mínimo! Stock actual: 42','2025-05-27 15:51:21',0),(795,'Producto dfg bajo mínimo! Stock actual: 17','2025-05-27 15:51:21',0),(796,'Producto gdxgdxhf bajo mínimo! Stock actual: 12','2025-05-27 15:51:21',0),(797,'Producto Jdlebejsoe bajo mínimo! Stock actual: 34','2025-05-27 15:51:21',0);
/*!40000 ALTER TABLE `notificaciones` ENABLE KEYS */;
UNLOCK TABLES;

--
-- Table structure for table `permiso`
--

DROP TABLE IF EXISTS `permiso`;
/*!40101 SET @saved_cs_client     = @@character_set_client */;
/*!40101 SET character_set_client = utf8 */;
CREATE TABLE `permiso` (
  `id` int(11) NOT NULL AUTO_INCREMENT,
  `nombre` varchar(50) NOT NULL,
  PRIMARY KEY (`id`)
) ENGINE=InnoDB AUTO_INCREMENT=24 DEFAULT CHARSET=utf8mb4 COLLATE=utf8mb4_general_ci;
/*!40101 SET character_set_client = @saved_cs_client */;

--
-- Dumping data for table `permiso`
--

LOCK TABLES `permiso` WRITE;
/*!40000 ALTER TABLE `permiso` DISABLE KEYS */;
INSERT INTO `permiso` VALUES (1,'PRODUCTO'),(2,'Crear Producto'),(3,'Actualizar Producto'),(4,'Categorias'),(5,'Ubicacion'),(6,'Marca'),(7,'PROVEEDOR'),(8,'Crear Proveedor'),(9,'Actualizar Proveedor'),(10,'Lista Proveedor'),(11,'INVENTARIO'),(12,'Lista de Productos'),(13,'FACTURA'),(14,'Venta'),(15,'Reporte'),(16,'USUARIO'),(17,'Informacion'),(18,'CONFIGURACION'),(19,'Stock'),(20,'Gestion de usuarios'),(21,'Personalizacion de Reportes'),(22,'Notificaciones de Stock'),(23,'Frecuencia Automatica de Reportes');
/*!40000 ALTER TABLE `permiso` ENABLE KEYS */;
UNLOCK TABLES;

--
-- Table structure for table `producto`
--

DROP TABLE IF EXISTS `producto`;
/*!40101 SET @saved_cs_client     = @@character_set_client */;
/*!40101 SET character_set_client = utf8 */;
CREATE TABLE `producto` (
  `codigo1` int(11) NOT NULL,
  `codigo2` int(50) NOT NULL,
  `nombre` varchar(45) NOT NULL,
  `iva` double NOT NULL,
  `precio1` double NOT NULL,
  `precio2` double NOT NULL,
  `precio3` double NOT NULL,
  `cantidad` int(11) NOT NULL,
  `descripcion` text NOT NULL,
  `Categoria_codigo` int(11) NOT NULL,
  `Marca_codigo` int(11) NOT NULL,
  `UnidadMedida_codigo` int(11) NOT NULL,
  `Ubicacion_codigo` int(11) NOT NULL,
  `proveedor_nit` int(11) NOT NULL,
  PRIMARY KEY (`codigo1`),
  KEY `fk_Producto_Categoria1_idx` (`Categoria_codigo`),
  KEY `fk_Producto_Marca1_idx` (`Marca_codigo`),
  KEY `fk_Producto_UnidadMedida1_idx` (`UnidadMedida_codigo`),
  KEY `fk_Producto_Ubicacion1_idx` (`Ubicacion_codigo`),
  KEY `proveedor_nit` (`proveedor_nit`) USING BTREE,
  CONSTRAINT `fk_Producto_Categoria1` FOREIGN KEY (`Categoria_codigo`) REFERENCES `categoria` (`codigo`) ON DELETE NO ACTION ON UPDATE NO ACTION,
  CONSTRAINT `fk_Producto_Marca1` FOREIGN KEY (`Marca_codigo`) REFERENCES `marca` (`codigo`) ON DELETE NO ACTION ON UPDATE NO ACTION,
  CONSTRAINT `fk_Producto_Proveedor1` FOREIGN KEY (`proveedor_nit`) REFERENCES `proveedor` (`nit`) ON DELETE NO ACTION ON UPDATE NO ACTION,
  CONSTRAINT `fk_Producto_Ubicacion1` FOREIGN KEY (`Ubicacion_codigo`) REFERENCES `ubicacion` (`codigo`) ON DELETE NO ACTION ON UPDATE NO ACTION,
  CONSTRAINT `fk_Producto_UnidadMedida1` FOREIGN KEY (`UnidadMedida_codigo`) REFERENCES `unidadmedida` (`codigo`) ON DELETE NO ACTION ON UPDATE NO ACTION
) ENGINE=InnoDB DEFAULT CHARSET=utf8 COLLATE=utf8_general_ci;
/*!40101 SET character_set_client = @saved_cs_client */;

--
-- Dumping data for table `producto`
--

LOCK TABLES `producto` WRITE;
/*!40000 ALTER TABLE `producto` DISABLE KEYS */;
INSERT INTO `producto` VALUES (125,746,'bolsas',19,127000,124000,147000,20,'bonitos',2,2,2,2,9298),(213,21,'guantes',19,11,1200000,1500000,44,'bonitos',258,2,1,2,9298),(745,0,'pin pastilla freno set xt660',19,860,8191915981,5119191,83,'nn',1,2,1,4,9298),(895,0,'fhdh',15,194941,54949,59849,14,'fdhdfh',1,3,1,3,753),(1204,0,'dulce',19,3456346,876876,8757865,0,'r6utr6utryjtryujty',2,2,1,3,9298),(1233,1236,'cascos',19,15000,120000,147000,47,'bonitos',2,2,1,1,753),(1278,1246,'maletas',19,120000,1270000,12400000,18,'bonitos',2,2,2,2,9298),(1472,1234,'vestuario',19,147000,1240000,2000000,13,'bonitos',2,2,2,2,753),(1532,2567,'accesorios',19,1400,1200,1070,500,'bonitos',2,2,2,2,9298),(1564,0,'sdgdjhfgj',18,49494,5000000,4800000,42,'no se bndad',5,3,2,3,753),(1747,744,'dfg',19,30000,50000,60000,17,'sdvsdv',2,2,2,4,9298),(65497868,2147483647,'sdfsd',19,647,494984984,681981651,7651,'',2,2,1,1,45686),(98498451,819819861,'gdxgdxhf',19,216168,35138135,384351,12,'',4,6,1,3,9298),(628197472,73927362,'Jdlebejsoe',19,6834949761,6731943754,7664949465,34,'',123,8,1,3,648465165);
/*!40000 ALTER TABLE `producto` ENABLE KEYS */;
UNLOCK TABLES;

--
-- Table structure for table `producto_factura`
--

DROP TABLE IF EXISTS `producto_factura`;
/*!40101 SET @saved_cs_client     = @@character_set_client */;
/*!40101 SET character_set_client = utf8 */;
CREATE TABLE `producto_factura` (
  `id` int(11) NOT NULL AUTO_INCREMENT,
  `Factura_codigo` int(11) NOT NULL,
  `Producto_codigo` int(11) NOT NULL,
  `cantidad` int(11) NOT NULL,
  `precioUnitario` double NOT NULL,
  PRIMARY KEY (`id`),
  KEY `Factura_codigo` (`Factura_codigo`),
  KEY `producto_factura_ibfk_2` (`Producto_codigo`),
  CONSTRAINT `producto_factura_ibfk_1` FOREIGN KEY (`Factura_codigo`) REFERENCES `factura` (`codigo`),
  CONSTRAINT `producto_factura_ibfk_2` FOREIGN KEY (`Producto_codigo`) REFERENCES `producto` (`codigo1`) ON DELETE CASCADE
) ENGINE=InnoDB AUTO_INCREMENT=185 DEFAULT CHARSET=utf8mb4 COLLATE=utf8mb4_general_ci;
/*!40101 SET character_set_client = @saved_cs_client */;

--
-- Dumping data for table `producto_factura`
--

LOCK TABLES `producto_factura` WRITE;
/*!40000 ALTER TABLE `producto_factura` DISABLE KEYS */;
INSERT INTO `producto_factura` VALUES (77,71,745,1,8191),(78,71,895,1,54949),(81,72,895,1,54949),(82,73,745,3,8191),(83,74,745,3,8191),(84,75,745,3,8191),(85,76,745,3,8191),(86,77,745,3,8191),(87,78,745,3,8191),(88,79,745,3,8191),(89,80,745,3,8191),(90,81,745,3,8191),(91,82,745,3,8191),(92,83,745,3,8191),(93,84,745,3,8191),(94,85,745,3,8191),(95,86,745,3,8191),(96,87,745,3,8191),(97,88,745,3,8191),(98,89,745,3,8191),(99,90,745,3,8191),(100,91,745,3,8191),(111,97,745,3,8191),(112,98,745,3,8191),(113,99,745,3,8191),(114,100,745,3,8191),(115,101,745,3,8191),(116,102,745,3,8191),(117,103,745,3,8191),(118,104,745,3,8191),(119,105,745,3,8191),(120,106,745,3,8191),(133,119,895,2,54949),(134,120,895,2,54949),(135,121,895,2,54949),(136,122,895,2,54949),(137,123,895,2,54949),(138,124,895,2,54949),(139,125,895,2,54949),(140,126,895,2,54949),(141,127,895,2,54949),(142,128,895,2,54949),(143,129,895,2,54949),(144,130,895,2,54949),(145,131,895,2,54949),(146,132,895,2,54949),(147,133,895,2,54949),(148,134,895,2,54949),(158,144,1204,1,876876),(159,145,1204,1,876876),(160,146,1204,1,876876),(168,154,1204,1,876876),(169,155,1204,1,876876),(170,156,1204,1,876876),(171,157,1564,1,5000),(172,158,1564,1,5000),(173,159,1564,1,5000),(174,160,1747,1,50000),(175,161,1233,1,120000),(177,163,895,1,54949),(178,164,1233,1,120000),(179,164,1278,1,1270),(180,164,628197472,1,6731),(181,165,1233,1,120000),(182,165,1278,1,1270),(183,165,1472,1,1240),(184,165,1204,1,876876);
/*!40000 ALTER TABLE `producto_factura` ENABLE KEYS */;
UNLOCK TABLES;

--
-- Table structure for table `producto_has_factura`
--

DROP TABLE IF EXISTS `producto_has_factura`;
/*!40101 SET @saved_cs_client     = @@character_set_client */;
/*!40101 SET character_set_client = utf8 */;
CREATE TABLE `producto_has_factura` (
  `Producto_codigo` int(11) NOT NULL,
  `Factura_codigo` int(11) NOT NULL,
  `cantidad` int(11) NOT NULL,
  `precioUnitario` double NOT NULL,
  PRIMARY KEY (`Producto_codigo`,`Factura_codigo`),
  KEY `fk_Producto_has_Factura_Factura1_idx` (`Factura_codigo`),
  KEY `fk_Producto_has_Factura_Producto1_idx` (`Producto_codigo`),
  CONSTRAINT `fk_Producto_has_Factura_Factura1` FOREIGN KEY (`Factura_codigo`) REFERENCES `factura` (`codigo`) ON DELETE NO ACTION ON UPDATE NO ACTION,
  CONSTRAINT `fk_Producto_has_Factura_Producto1` FOREIGN KEY (`Producto_codigo`) REFERENCES `producto` (`codigo1`) ON DELETE NO ACTION ON UPDATE NO ACTION
) ENGINE=InnoDB DEFAULT CHARSET=utf8 COLLATE=utf8_general_ci;
/*!40101 SET character_set_client = @saved_cs_client */;

--
-- Dumping data for table `producto_has_factura`
--

LOCK TABLES `producto_has_factura` WRITE;
/*!40000 ALTER TABLE `producto_has_factura` DISABLE KEYS */;
/*!40000 ALTER TABLE `producto_has_factura` ENABLE KEYS */;
UNLOCK TABLES;

--
-- Table structure for table `proveedor`
--

DROP TABLE IF EXISTS `proveedor`;
/*!40101 SET @saved_cs_client     = @@character_set_client */;
/*!40101 SET character_set_client = utf8 */;
CREATE TABLE `proveedor` (
  `nit` int(11) NOT NULL,
  `nombre` varchar(45) NOT NULL,
  `telefono` varchar(13) NOT NULL,
  `direccion` varchar(100) NOT NULL,
  `correo` varchar(45) NOT NULL,
  `estado` enum('activo','inactivo') NOT NULL,
  PRIMARY KEY (`nit`)
) ENGINE=InnoDB DEFAULT CHARSET=utf8 COLLATE=utf8_general_ci;
/*!40101 SET character_set_client = @saved_cs_client */;

--
-- Dumping data for table `proveedor`
--

LOCK TABLES `proveedor` WRITE;
/*!40000 ALTER TABLE `proveedor` DISABLE KEYS */;
INSERT INTO `proveedor` VALUES (753,'cable','565468','kyiugniyg','iugniug','activo'),(9298,'ninja','8484684','Cra 40 N 6-50','hbbibv','activo'),(45686,'akt','641684684','kunhiuh','ibgiugbiu','activo'),(648465165,'HONDA','9528161','cra20 n 37 -18','hondapartes@gmail.com','activo');
/*!40000 ALTER TABLE `proveedor` ENABLE KEYS */;
UNLOCK TABLES;

--
-- Table structure for table `ubicacion`
--

DROP TABLE IF EXISTS `ubicacion`;
/*!40101 SET @saved_cs_client     = @@character_set_client */;
/*!40101 SET character_set_client = utf8 */;
CREATE TABLE `ubicacion` (
  `codigo` int(11) NOT NULL,
  `nombre` varchar(45) NOT NULL,
  PRIMARY KEY (`codigo`)
) ENGINE=InnoDB DEFAULT CHARSET=utf8 COLLATE=utf8_general_ci;
/*!40101 SET character_set_client = @saved_cs_client */;

--
-- Dumping data for table `ubicacion`
--

LOCK TABLES `ubicacion` WRITE;
/*!40000 ALTER TABLE `ubicacion` DISABLE KEYS */;
INSERT INTO `ubicacion` VALUES (1,'estanteria 4'),(2,'pasillo 4 '),(3,'cajon 3'),(4,'columna 23'),(5,'prueba');
/*!40000 ALTER TABLE `ubicacion` ENABLE KEYS */;
UNLOCK TABLES;

--
-- Table structure for table `unidadmedida`
--

DROP TABLE IF EXISTS `unidadmedida`;
/*!40101 SET @saved_cs_client     = @@character_set_client */;
/*!40101 SET character_set_client = utf8 */;
CREATE TABLE `unidadmedida` (
  `codigo` int(11) NOT NULL,
  `nombre` varchar(45) NOT NULL,
  PRIMARY KEY (`codigo`)
) ENGINE=InnoDB DEFAULT CHARSET=utf8 COLLATE=utf8_general_ci;
/*!40101 SET character_set_client = @saved_cs_client */;

--
-- Dumping data for table `unidadmedida`
--

LOCK TABLES `unidadmedida` WRITE;
/*!40000 ALTER TABLE `unidadmedida` DISABLE KEYS */;
INSERT INTO `unidadmedida` VALUES (1,'unidad'),(2,'unidades'),(3,'unidades'),(4,'unidades'),(5,'unidades');
/*!40000 ALTER TABLE `unidadmedida` ENABLE KEYS */;
UNLOCK TABLES;

--
-- Table structure for table `usuario`
--

DROP TABLE IF EXISTS `usuario`;
/*!40101 SET @saved_cs_client     = @@character_set_client */;
/*!40101 SET character_set_client = utf8 */;
CREATE TABLE `usuario` (
  `identificacion` int(11) NOT NULL,
  `tipoDocumento` varchar(50) DEFAULT 'cedula de ciudadania',
  `rol` enum('administrador','gerente') DEFAULT 'gerente',
  `nombre` varchar(45) NOT NULL,
  `apellido` varchar(45) NOT NULL,
  `telefono` varchar(13) NOT NULL,
  `direccion` varchar(100) NOT NULL,
  `correo` varchar(45) NOT NULL,
  `contraseña` varchar(255) NOT NULL,
  `estado` enum('activo','inactivo') DEFAULT 'activo',
  `foto` longblob NOT NULL,
  `codigo_recuperacion` varchar(6) DEFAULT NULL,
  PRIMARY KEY (`identificacion`),
  UNIQUE KEY `correo` (`correo`)
) ENGINE=InnoDB DEFAULT CHARSET=utf8 COLLATE=utf8_general_ci;
/*!40101 SET character_set_client = @saved_cs_client */;

--
-- Dumping data for table `usuario`
--

LOCK TABLES `usuario` WRITE;
/*!40000 ALTER TABLE `usuario` DISABLE KEYS */;
INSERT INTO `usuario` VALUES (123,'cedula de ciudadania','administrador','Pedro','Hernandez','123','123','danielbaron297@gmail.com','$2y$10$Vfp52DNVcxYASdGsMoWkpOCIAwDlWoqoh7CmesYMr8JJObfZrgN/K','activo','RIFF(c\0\0WEBPVP8 c\0\0>*\0\0>BL%6pb	inزo`fO7zXx}ͷM%vo?8v\ry_T[0s_-\ry&Ω2AQlΩ2AR7tPqBj/cmZ\\JƏ!tfbX\0J~\r2Dzuc;;RsM\"辛l,?hr\nkTX#lh5gz۪x\ZwsfWbFD\Z0>F@9L\'=Hb MZ86,QsQ*x;2\"6)gY\r%l15Iʶ`hȦ/ ɡr{\0v|C!E6	1Tbq&$}9c6Fs9t9#P҃6PܬQP~\'#u# h*)m>˰H	p>.T#lݶ	,MZ Jܕ\'+6ᴢzTP0b! xP?YB˹9s{hxb|B	[mt3][>cT\'6чeQWWJejᗖL8k8>_,MmLJM:d@wb}#4ID(	aV4ӟBSݫNZ\0۝L	YQM6ЈHəXU%s4́3LthJ:ז==.俔^X%C\r	I>݉u1Uµ&J\0Bx*[q/nZ\rvlkPtg/|AI>ҷ\r)q4\r[\req=ĽWې챐wwܕ	_M	_=>:	M4&A3L7>FEp@kqˣStBtd\r4> l\0tc/qwR\0^B\'cI9)~7sh10ŀnSpkEL~F0fkn#-@wCF^p(w6D,S8ނ1L\\14//2Mشw[[wQt:\n~3\'ֺd2fbPr;\"PcwP][>Y9.L9nsQ-Ɔn%K|pz,z:i7 O/8&Kx*)7\'x4\0:)-$;zjq`194KgyLmGC\'wI1\'3o5G6٬IEsx\r;`ƽ~\r\"OAe2&U:TobnnEM29iEXǍ`޸kVZE{w;HZm͔\\\\,d\ZfIYPLA]^mz7\r\\dS T4 *_ިԬp/%&?RuG[xޒ`2O}`\\fg!mǲ81\0	PʶzT䷆%(IV\r:t\0X<Ƚ~y\\OI4kzi΂s嶈\0OWXofIP;E>}q(㣷nϼżMj=1>8gG4AЁڤr!-^\\;tۊZxeU/X;h#KlD?.oOm!UK/4)gYlv4)ⷃ9u9#\0)w5#LQ`gA͢hC:lQK_-7/E.H$g]*+HYS?oD9R7\"+Ȉk_k6\0qfwVbU6u44M	n,\\c }\\)\ZAyݖ4d7jG\0y~s6.wǠ9\"CfV~[Rm=}\n\Zy=qx(3RFR0tJKH\\Q\Z)J1;hV}\n;o:NA]\0ۋZT]DPf`\rEQ@J70G9ܮRÕ6M:>.犦Z\";{[j=2X!sOs:27zLpx\nAnԴqO;VL(bLw7!AR\nkdG9=j}#٤`A\"\"4ieSChk\0-\n>|PK=$:ms 05v$DQ(?Az@Wn6Py0lN͞W191oކ%eht@}o ~PXHt2[2.?{1d$y_x:0^<&@Ӷ7i,ybIދM$3zOΨ\'\n$1dA\nʜvh}KJR[OM;\'֌H+\Zؿn`#>j*4h4߬o6zcK-esl%a!%<ۥrMgY#a՞jeu,Sџ<[3 ZDV03_qy~?#kAN&>Tq,~̻4 X{#!F~\nT\0\\ں,X}6B	^*\'@\r(|4I*wiO\"~\\l~\0Nkh^^sd*~m/UO\0!^-foTRN\\ed\nť)&Q!2\"v!\r6&U99}\rE*~mI\0m4\0(xVDwxN:Uu$؛=L#y(co[hl\r-zx|	rRAΜSim>j&7\Z*Rr۝w0G:i\r8&@,\ZmNݥ4Ƥ>x[>NUu0lhnK&+PZ\n~9{V6^1Vˌ}(sC!u{qZKnXsV7,`rbmU4nʮSJĠ\'ՠ.T\Z\n0@Ç(AD!*DYhRXފ\0r\r&_wqѲ<ҥ4c?>\"vEZ0Zl@yŘ\ZtaO)ب<u0ёbb;Pw!m2y6p1ElhVOTKt{yp0&V)u֟F]v 1Šw/:_~l&ZWqJ=u,1͖08b\"Qħ/@/+dV-hGrWȯR!Cxѯa48\0iJ)rD|ze)DC\0R̈LXg&\nT׻\'|JK-gG2A\08Ԭ(6KN^nsJa\Z4Z0IKW0)`sc~\"TNa@1H\njV`P@rr\rsV ﻫfhୀe	J̭6$g\\\'^2yYn3d$f+9̣T	Ѳ-z4# ;oRd6]4dlPߵ(]&}XS,dT\r\0y^@a\0 o%֌6z2toh[M2AQg\n/>M~H#?˓cn;J-:;_VEqǸ&;,=V-{P8VC>iL<ف$^\ZheC[W,F!Mkl\'A+̆tD82ӑE_9g([a\'NlOI;_{Gh׾eJkĶ\ZͬǈIZ:gѡVeM$yޡӹ&Qyy\'ɝ0\"W\nt|89np̽(xf9GGSaѝ@.zL@N(:}Bjq@2s5G]bJ<c0֒af7{H)ԉ~u	GcxŭD8T܇{V*bGo@;\'Bx/UN.x5<	4ЍIC}=ESja*ހ*.c9Gdj78\\F濾Bd+9.(EM/qѥz8+9{ՖMɗi|,REQ>k|o 7{pJ\\\Z.$`$OqH<OQMn83uP+z\r+9^exl7lF惢V +~]qi+Ads:}A1I.D4Y	;ؕ5,MmGuz\"_d*Ahgh}?NGs UEDk$mjTکuI@f\0uIq퍆K1}g搥Ϭ/񳙱nӛ}nR@\nD8*-/l98G\'(~Q;mYvR.R.]s`W~`da,rwV]fq<y}Z.[>cTQzю(\\K?xEдDf 20{)zPȞ3]6\"+$le`\"JYw[DV-< GW.4Ȫ%S0 :}pOr+[S9$n,2-l!8ż,4?g4bL\'SHanb(#z*RN~0se{?&_\\lr(\0MsnZ>AY\ZwC^&7\0\\}\')QlIn~\\$B]ggTX&O:ݬn9Z#F7QubK;d7<@^*xƾqR TWGݡ:Nqp6B	7E#\\\'f\"\r!t|x\Z3Xd9h5<Df;՘^cQ*vOnͲr7TS%~~)1KG\0[7i1N8;XKILSj!X,~5Ew䗋!I=\\B Bd)H+\0;拾\06_#\0/;s0*bõxKosi: zd@znb.,MGZŦBq	cD\r֭$.Ho;nFpTypBl(\0{N@-mZ]tق^:w҆M%ת@\\KkI\0x.Op\ZP*ʿ]=ǎ˷@n/J?<Vl\"mXK\'B|X`AZ\n\'nu`Kn}ϾcHm8e\nʿ\\J˄C2~)-[m\Z|RSukDP>G{d?)-8	^	OKsa&CM˽x11_%BL6`2+\0hB?pP39=|^Neteg\0B:;Pq^:ްcMZޜ:\Zմi\rt>D\"pMq>&fm2gw̪AtveU)l^0B5%N|Vk&NMt(	j*,E ŗ,7n/R\"B@bp,ki>Sߪ\'7~ّA77\'7PQd^Ũ6>($^@K\r$pַ1Ԩ*Wxͭ°\\.7&*D}[0Kid3}xB\"K1p|;BXP7VP\\/\\xԬs\0YZc2slIMY\nx2v8	\"CӺNS9>SABk9\\0;<%Xz.XmR%޶uN$	FCsBRamn$=<p̚~>[rZ\n\0q^AQ4^0еE}yvoZSiT)!yQJWKq]JjFmnz5Ah}\nxeOfN.yd\"3f|AR\\k!P\'hvVV>x9MLyyל2qyayYǲwEmVG5.Cw*K$p kUI}d>+}*n{ Ռr::LxI?3KI~mն~*-MۛZmx`3Uw&\\0W!^毘\0f{ZLτhOd6&C\n1a5H\'Fհm\' ˶l\\nF<X@;,F0ټ}BK@M\nh,d$4\ZOvhc@FsP5%^CBl\0)MRii.*ub\0\02S_&Nt}/4MKga%Pj\"kNW/ge\'Pqu4kH,4N\\.6Lr#As`F.o\"`[J^z_ƁZ`l\na^*[vl=$yIvBYI5nJzRG[Wvc9\\|{=!i-Ko?+yS]t	oe\"\rT\n`|kO7A	T=^ĔpaqV8GOHRɕ9դ$[3)jyN>~T^ylÚęC_B؋ɴn6G7An-ڐQ\n8J}98KrK/m3D0ܯ^	|fB/8-;vP&-u<nfY,f/\nD.M(!,DOi\n+-F8V#Ev*ѝ/$h\0%!K&$Aڐ%\n5龗<؄}i4\"E*U`\n2S1<	ey`bM>OX?3UiUiAx(!*XoQ\0Kd@jc,onPF֊8$g7/Rho[SB\0\'Nomz<2ܔn O6Wel{\ZKÝNawl{c1$^!c͖,a_ٰsݺ[=i/r\"(C0,Б]5O`UA[&vfY|u<oЯ)E7j8e3xl`!(׫4Cd@dZo&Y>LywY\ZVe97kN[lSĺ:{_4c0mHT\0^\Zr(M44V,.CLb!\\LirӜaeQ2GzK˰\r\Z9L\r5/\"f7	&uceh\Z\'|zGι\09 \'dﳴWȜ\nġF>\0.;,2e\n<gw\"1l$r4T\0?BeBmbkozb}\"嗜+Yސ?۾I2=v{SKïXyaoR$\ns-\0J%^us	TCV\\!u85Ʀ54{9\ngTE0gL\"e_+ʜx	wX5k#Uz- nF:3Q+\07=rLAWK:/r?%ݪ?t\n\'\"|)|&bH@<Nc}qeF;̂zB{Xnʓ}Q$\r%?BK Gldʲ|-6\0eT]f3JB\ZsGf2F0ȿ\'	A%a\'a cHXW=܈#T\',;|£Aԇ?w>(tpw#\r\r/bo>&]7\'#-2bZЯi(ۗ7zs)8Kg[Fb8yУ ͥxHHƂMRfM$aRr.:D_ˌ(P\\\ZZXl9`mR7;w{VOO R֡+a\\|>Xbywa\\)YpV 6%xllKf󨻇\'Ͼ3\"0p5NtgiqE!{\re0)	±!MnwFd*|L\'Zmu``iE44CN]sWUkBSpX*|Y|lb)fZ8P9{FT³^qԞƥTV,b6.E$z\r~\n^=WsX?`KO&(XP3\Z(AۇyCYC$zrKW5l|oY.L6RjM݌cTW{\nv\\4~IA[;* +\"^ktͺmdE}\"\nF>x*}[ @!ɖU>=e:ʚ .Uv\"Z2IxӜmAC!HΜR~\0Yc&kZ%C9R^`.U1GK_WPt2\0{W`YB9m_黰!i0$<+9/Z]%%T8U%,!тnN ES\\~¶[4_Bjﳏ$~.\"՗1|U$5:8Q`\'baWyC3鰥`aUI5Onb¬HyaH\"1e%=HnKcW_k&>=p:F͸	X6\\uS.JS_ŒdQc	ǹqᨐG1Njي$p[ܑGё8\0ʎx\0ރ\\V#ȰE] f5v&.cjl&ʶH5$\n^]V/ϧW3usC$ן\"KFn2HRh GɘVKSUh(Du7ŵ]>G+N\Z_2anE$@;16Ev:-I\'/q:-IrTgA3᩺u^M@gx%sJΧEn`Re; c9[1Q2=x\ny@\Z)5k	7S:iZcBݸT3YN$aJpңoN\\PZX9\002k\\ڨsq^DNPo-Mһ0%G-z^oߘ!rTS\"ւ£y5b\n\rt}e⾱C.<e4K!к/cp\Z*[Di+1آ2*=1eqUQUDԀlZ)?w73[L	y7B6NCex6Nt}DEǫ`Jŗ}YV`=.lWS6tcƻrծtxA\\/kslz@QT*p;<U汳MP\"#N\'&~!ږ1rqy\\lnp*D5Aқn*7	aI,\n\\͞Xw)۞<\Z\nbML%`~>tgH.^3\\Ș6v_^1Pڨދ+`\0-Mp[}9$8jV=rz\n\Zz[8)Sx&>b\'-DZF}Wj\ZVͧN\ng{x1@NF$w.\0xfTuzE47tTݶx\nޯcmmK@UnB|D\"!Lμ2v2]3\\^r\Z{,}ǰ^E2#3k؜4WI9iH޷V鸀; #rYs`,	s\\scAsګdi1c;e]wE\\AN0vW_ihW )ZZH@\0D=&廎=IATP1?\nWlWy2aD 9!Aӆ,(ktpmB\"߲݌~\nq}\niwGhpFе\Z\ZE2*(Xp\n{9.c݈tTJx6`hydr\'QBt1N)u;(	%0^\"bF \'pwi\Z&fmn5فj;N*	zCw8kWiuzنN]ּ&ԟ<h&NԒ	F>ܠV\"G쯦NXb8\rI*plP*<g%OFE/9)BPM8210F_{q~BqE{;42?k7Hʔ\0$`&yǎ ^H,:@=VFX8TCT3?4SW\rwjDW; 	IZ]ٌz-Sf0vn`jl2IکDdD\\H/jOdL{S|0)#\'T;8<⶞=_?Wn^\'d-t\'yt6Vo^bJ6jNhl1_ࣧh,~C|zzi&	S\rZng^x\0vt\nu9w_:(aki\Z©Ұ2M%=އVV35m{:lp$Q#1`z}?磿C!Tu}L)>hVx\n\'Ut]^<Uv}m:D6ЂZ\\@Qʒ4q>\n#L\nP0?srv2憯$pL(-uS\rEtQv@:)\r7oZXJs`Fu\nn.LUMHHhIr\'|^fIt1sC- L#\r9A&ޮ 5GPaul,5KoN`Шԭ@@[ĩjsE9ZsZ-Y/eg~Ͼ\Zzaf!\0>	(2SDu{Quak\rHف4073XRfĄ:B7bq%ױ3ٛ*Q\\!,W£g*\'z[N=VjJGJ/o4y$B7j[N\0:w\0-sem(΍E&NɓFwaeKko.LlleFXiN6MC!V\ZҭG$%<K \n9bF|{%/}JEWpѣ\ZWugݚlzh{\n( O6rja.& FmO[#_\Z}G~`N{`ȗ5Vm=qoG.1r1\\4s3Uؘ*{]׳]EJaoQϞ׌3(:ʡ3!,Z:Gm\0ТhO%KώnkERhDtFஜ\\VDg\"(wLT?ynwW/\0!5{j#\'		3=\\4W` =_ㅮBڡ\"J\0am)XB7	TGP]5SZHAg[9(64a#\ZgCBT s-Xjav\r,(rd\r]=XvtmC=\n!1\r\"ֺ!wzKƥ{T~En7#ݫ[uZe,̫W<G}Oߖ!wou\r0ᥡ~	-x9kX$,&\\$o\0л[ㄭT˲@b틠1_*9Ami=b)Avv(lcq@\0DCs>k<CAXlF?K}1sRx1/бw[1ʹ 4plE	d~yi`k]Uo@!)*+ NgO蚋bLtsVfSUOdb,m0D<w2fi*C&㔩siluh&VGWO`i<olUrGG?Lz5&	k]eI^0>gtlZk}iޤbn\nY@YEϕ\'M\"`H|E[\r!{Z)$ԷXmC;4_0O\\1MS6{a7~k[B:Oo받&[uvܿ]e.\0D ^<5֡ϱH\'EMr]h6˱\'9Yl3:Hsh$jaZ\r(](1v&f)SDc&ՄtS@ݔWθ@`vymUGR&ΠX.X,\n\02]s\ro\\|]yh\rm\'K\\$f2qiGfףQOj\0&3gL\'q,%^8)l*[Fu\Z!{^_n8͏b=0\Ze2K1oʽ8kv.OOG%uJ]ߣaQA%S~Q\rCd<^1_e\\\rÃ꾏<H4	,pBY	J11BqҲ6\0h\n`b#)b!īfIh+nMBgNBtA5ǅorXX\0DA$H 5nNL7?p1հ,Y08%yX|-@wM*ѭMmq}c2<m~rܠc6iZ#䮙]v4C90(}ݨ;mB@ߵҔ.?aP3w v	9H?~=:9gJZB,{?x+9\\#+9<t|ؖ>ya_VM) C|*[$\Z6*n9CfMH\n߮ջ7S9	r,<%GTKlvGFp9L7fTY5ɍeP^XOəڎeUIoKq\0kjWI~RP1m2F8&iYhQe5a-؎~	]gvCp Y*3L5v|c>A>gzfc9;[mDk2WvIXn8IV4vRٱ~8qv$;HVSN6BHA%B%4i<~%T\0E>(\\mT5v)Co7g${cOx-\'@u׎a=sNFjdM~xfV@,#󖑅XܰZK+0b,TɎ8Or`MQ;}p&AQsRo%8cT??<ahfREFē$\Z|B9p]XńG[ϛuWH	Ru\'462X\\2d:%؈(\\ԦgF*R%x,ߘ\rP@W!t\'lˉLKfPfvp9TjurNatOEW_i]NȾ:4.C8Ln5wyF#h*@r^ݪrYy\\ЩͭwN \ZPCv5a50_\n?Bup)Y4<QEb>?Ds=DrBX]a惾dKDl?C\nZUeˉ=MMP>^]i>x`zυVF |d0W:j>a#\",dS\r.Nr\'r]LъR	-aƭoS¯<nrKl٥\Zr,\ZpooHSA>Mtdgأo?\nkFf&в~LMrn1v?_?F{Z$skQ||Q\0d?5;\ZuR.b͇4Eb9؝t~A]F慾\r0{[BF0omh\n`__ݮ#z<t.In~j&<|8XA&M=HClwzYRR}ďSdf!7>|˄\nX=jᕩ9CN-\n_h/iSalmd	\Z+BYlgv8G	2QY	>7L|z]DQcQFAT0`\0aSGK-~|T\0&tl{(kFeLrUf=Ph\\(1{Ʋ]{aryU_~_Ye6|YwT^<uECiv}}JRp缼-\Zi9%+kUiYd@2^w妌Uh+t}I4iZߴBgfMMɏC_Ta:	6dE2LKPtA.sk*}4ڱUS;~!JŧM}<-*ŭ<YOuQr>qUǉWETV-y6>	.{ѾfһP2uRom\0GOOfKV>PTLIATk54l XIchnV0o!N>1E$c0uL-o<xl#%vN{SҐYxĵᢠXqx<R:7|4u[щ`P\nHd\0ٻִl;uh(3}vo*±{km;cݝ=mbJcRh4NEWgD .v0ZԆN$/!-߁HTs}-fwc<&]DEc-ɜ,J\"&eOi\ZK1f!;/.]\Z٣}gP&w@/]L::Ӽc@;}S5UعJ\r288\Z>Ʀ#ҏ(8>iWL,x\0\rʥ<]Aݮ^n<0oQR\0	jՉü7VoPӨp^u)&g?/ݻOkH}R\0.͙I0C~jK.b-E冋t;#T_`5}Pl		o[U=\06(F\\dǃo0PC!@;XV],D\"lT}i-bgѩpã5B&XaԶ\Z#ٝ=jIbC|X$1Xsm 5n:|IPMVN|1#]+$El!JD/| &Dj\\Fq[Vˠa|C\01H]S|Q_3HP#FMNWב9eM VxoB\\,*NulOkd_ s*=KGy(Ƨޥcr-a/O7s|\nޚ+3Nt푅7h>mp!Pr.WrRDQ&a;za\'8n~Ji\Z#v}ց}/ֻ*W\nVT!wsCMʙ͆L͔4RX^q\nvjo p@Њg>Pk6avI$|\';z#^ʰr2/cs3+e\")0:m<MZB}i]F)OtVX\rG0K5!V^u&{1.3>Mh D;e\nʩISLι<I6⤮3s>SfFk@|}KzD7E&7\Z~;y䤉ZcC=\'pg̍0\0e&ݟy:b:<R)\\Z~Ub.ySxFg~1p#]rc Hrk2^O8&pmwK\00bRIT\0v~%x8UV:dAZ\0ռRސ2F-E\ZK}9Qψ\"bB(6B!Mz}}\rDr\'>VjvЉ%הHù`\Zil([ߖ,e4P?`o]SuM:~yx=$.sPW\'\"SVs	?jA~Qḧ́\Zf;{\0UEҏn6}Q^u$eJ*,&Ϝ-@VpXչ!ngVC*ĖNݲgс(P얍wW@$y~,wh}ujG>-隻1K`5F7$W&L%dB`Zc@6Zo3Њ_.j!	8E\n!qƚd,$SfcP>31*yu[\"-bRM@GUAs{l+Δ&\\et\0]Bu\0\Z˄d|=jިP%6;00V,+_B [r\rEf`fZp0:H$%j)ȽA.bp׍)pvqgO&J<\0/\Z	ё.vX>Pr#︀><u7y;(9)0\'EHvX+ث\r-T&=zНj11cqy7FjQm!Efv ze\0@8@ߐ;cu_`4S9_Pӆq\0c} ?l/FĴ]r@\"u+<\nNنREr7Tekn	rr{7\0Xh}$14I^WW_^܂/%fD,0qx/+n3\"mq.w+}@r\Z!d*(҇8K?AږQ:SڸB$FDt4@dn1͘}:)ya?{\":`>z,v\nH챂]	j\nxbKUP.s(70Q\\m5Q96	2׻DT~F@__ڛ\\Ddjlh^덫	So8iC} ]T5I6b0\r`$^Q\Zꤠj\ZiדlBkJyƮXn\rN(}b*(^еFzȱ{Py=ʣV9p= U$^HGbc&T쫃x~6JC|3l`1̖T`u盭4cF*ؐaQ{0GlFV)[[.%9l,j}a+KpĘjzء-tsD\"(HrQ, |m0:bЁ!>63\r\'*;_\nC/1t\05l3鱹|6SKf삖_-0wcݎ0D=]h}?ke198Fe09\0NH#M38񲧕.D#!,\0J$\\^}yE.YAi@OV@ɯFfLz\0xr}(ݑvFr+9UӶ(?{˽D\n&qi_N0n{([+8g趙&R2n]:fɨ*{ng\0ݨ$r\ZT@off-	A灶Ѫ6%ޔ>)I\0+H8	-5Ű\0l9(-y,Lw:Tx|kg3u!\0\0;tP1zo;^oM<Њʴݨeѕi6&tcU\0H#Jy叶X1Hrq?@!\Z\'XFD,H,ܸmi\'ΎW{2,2&X|;	4r}A_*є;xNhEd4oco`KkoF{|\"S}Q`\\ϓAxW\0=j8*p1П7hk~*8:cdFOZ=d^ie&d,1&@0U2Zoճ}̛4Rkow((]ʹk?BL\nTo7-;\\(i\"J[_,@Ne|21Ya?rnlVBE_T\"QZ^/\n.yʥagvvz2\\b`ugzwjOu.:\0\0#%G0K=[Ƞ;	(&\Z/+	SHA-\'F[SQjÀv\Zx5OLp]\nY\"Ј}[Pi;:9Lͳ@DCFN`g2G(v\Z@3pJ8OȏCFCCOfGo~\0>#7R]\r[xc\\Auy)1kRHN<ɔ$>\nQTs~f{7)$ksO=x	|\\{K`=aodd:sӿ/aW*>/FbX-Rx#կYިt&q	v5~7{k<3!ghW<0rK&l\r|;-nt/b-[6#]Xu]N%QJ!j~Z^RMQ\0[?ǘlX9}B$)3>pD.7ݦ-Wlx(CiKa$>\"`^4	5H(WG~$Ua|VͬOA}v;\n{Rd7f5ZD1DWETp(·s^)n㫈b\n(Fe-×}2ρBV%X#a̖E@Iqfll<,\nVrSUjֳ|CpwM65z	u----@7vpT\'&r2kң-f*+,͸xЖJz;FCpBY3W1ظ)B\rth<ʯVM=4ZWUtf5PQD\0a\\Z9C\"ݾwY_u6TMP.@Tyy\r?ٽHp78ҿiAz=0EJo74mqJlq)bZ\\Z?U5\\?w+3jYaDuP\r#EY#ág:e:cs[UYMy=ƷӬbM7\"-b:|a^5SӍYʾ&l\'d\rU7lxZmMfPZgf?o薎ޒL;[}1uްnRozA&A;4y=(uU7\ZU\'v |nG	\0r̀+\ri}W+͹!b\nR>˷%<^\'ŬO$[ZH,]|ZO^U_lcSr(>!Ww/ejtQVS(1Nlu%&>upנstCjEI6{;@7M(/x4*Gj`o0̝.{NeE2WlTIcSO̬8H7ų(Ӫl/xEVR!pK`1I3%%ҪS(Poz&F/.V^ʻ{↨K\"vzC^fTV4/ibrv?Q->H_-;\rt\0Rd:_B	j}cx}ԱSźu2`\0KȤY\'#[J+nv9Vc\0o7k%Qb>{8[S}GC& @\rަtT]~au ?n<BEt~{e\r]7ov@G зZ^Ͷ\'lR+&O:Tq}\0:^ g[o#47*m\Z]qETrЍ\0[;zI1s\'!D<i]71$̲Rz^o!\\\ZoL(2T|xI̪PRVD1jhݨ\ZPS?ҁoITάE=҂?:6v%e`k<2{8?(3g䇘,6Yn%-6cPւ%]s_9b\"|8V2X	\'fw	肺rN<f>Hпj^gr2LT	t\0gKfJ}XO:W8N<0Q\"Y=D@D\nYQU)8\'4*z5{Ν}]|E߸uZ,| kˉaɊ͏TԷMP̺!w *K-yJ7>@2e×rUTb8omJ4ɥQ_~ǁ%M˽T&@{PG\rw7M;*i;QoC(&Jw!o^~\\\0`\nfebC7\n\rzhodq3F{]lt [E̵p6[_f}5Zd(]7Mu\"E:~cp7]C%pg\0L\ZZpHV[wvsv	ryoExTOk\0=1,4͆Pj\rp\Z;4DH\"9A\nT\0 =3`v~]{0gNL2$4?*	랰}-+ڽ6ב+`;pKI9]їg}*wc[g\nuv-؇)`,:\'~f`ꆆ5;:ua|GIXa\0GG[G;ŨDEc?*i a*{\rש1Jߢ%_Z^Ũf8&8e\'gy9g/K莣N#K\'\0)t2\Z^>+An\"h\"zVvU.tvNVXR{n{7uP>Tɟ6&!L\"#\0ܮjGT\"6nVpG(Vx6\';?a~k>\rdq\0\0!\rv<`d5ϦpH+.O\\\"--޳`qW2*vnqYw*R\r{	}s$G#b`eKE;D\"{P,}u		o\\d6QT`f߄||\"K&\0bڷ`<*OJ|eѹu:\n	+C\\D\\Medwo93kH|.~\'b+ġѳDY*_K7ƫJ32i>G}$+C캑9KCm3	xpf\r_Zo8~wQ?pKAb?pŞZ\ZXwMu&}0N\\ɳ-M\Z@L(>2q/lLb=-0r,/(ꨉS,Xv9@NYb?+ү8]\']{ü5*=nk>JJs%$COc74{^;\n+:<yԦZbz6[p,ĳ*5\Zg*<\'ۀj	RS	Ҭw$یU9B\"<5aIP(	qs8]zd(^#4eđd3#],[r\nLؼ͵8Wk+e/q\'Fkr?Tc{	M;6у,^Ke/%{B.[-*Y19w\0o\0v]|zU2Cz7PhaOZ\rJ/õq&=W]ZlP+\"7O:ܬʳdJ1MLJ%xBsY&ˍM02tL%5`T2V\0\"?%m	,\Z<\Z{ۋΦ;XC_0[r.<^sܯ\'%ջvE{߃RajpZ3\Z]cBf|{8IFJ5#9N;\0hB-{@єF:E[gK7s	V\0p1x:Ā=㠘,XXU>n/\'cfKbs!p1$G@P2\"LSUT*!刺ITnMnt?`yZ,RFΆ^0,}&z߉7}5ʹAx\0VB ^he>8ZG֙5p!e3[k+1\\	!Pt4\'3~ڞִTsvFt˒e)^hzn@5\\3}|kd0.UXMua6v`NAOE\\\0($vpj.@g&\ZIsX뒚Ԙ1\"~~mOǕ!\0ge֠h\\z@ZaX8<5!_8yqk&]Fշg\rt,)J!վRj&%@@E.6	#y\0׌<T4-/*@j/_oH&L gؿ/rϱD#oD(t	,4R_1	ccgXTc#Hubo?<S n>JE-Ǳ4,/7tS1﫨>[TxڟZRucL1Sf\Ze[BIT8.Q_q_%|Y4lhQM*p bp<k:<A`7Er|oF~h%A笯<&^ɥ#6+fܼx\rQj4c1#$0GHgsnS#z,c9is=Tu*/Ek1֦ڔ\"/OHZBoc8tugDLGq1Pi\Z*\'~AƠ$t\"*wۉ*)(fԚ\Z\\׏?hzw	uD	.Ɏ%֣24\'vx(8+h{oq_5 .l\"5ֵgfa-Й:0|i`)]hݢnewH#</OKO[wc9ދbp.+3\r(0b4dy\Zje2[Kib گkC\n<ҸPqR3H8dRX5ۻdwD8Il6&ϕ\nuAff0ijJC]3JiB=Z0erCH]rݓ:3\r5cTgNg\".Gv:\"A[D?eAJdPwi{1\\\rc	WGtBg&WeV\\:ĭ<tLAkpܓ2\\@(|^8]R@\'&qe,dÔ&nvZLDBJ/]^|$j6\r6;Q.OKZ`R}5-{uU\Z!& \rOjwܕp䈷=Z육u}:/(\nuL2Vkd/5ph%B%s^H?\0b CW?`>\\O:^fTK\ZГm`un@,>og7M:&E,CTe=QIJsd0JS!BHjF[|!<tXѹQs=bPF1>(+İYuP:WbeeY{y{Π:WDN֭)S;ni4G]ӞJ(#\'%\0RNQTL\r\ZZ+Uo,pQk~k;9rk[>̟/8OTi[ޥ63eartL_Ir\ro<޸X\\0ӯG\'ƾhԭ;:\"poFDm\r%Spc/`ĉ`KŠLU\Z(*.8 9qvɥ`9_>DFpT9.e9ߓk;SbWY*;+4%jL=:(i x4zvB1@0 Qb_zx>Ň.P5.Z^N\0X@^Xlp)m#d6\'yAoTd\0\0',NULL),(222,'cedula de ciudadania','gerente','mariana','castillo','3222231035','cra 11 n 19 - 31','castillorodriguezmariana2@gmail.com','$2y$10$9yq9.LUjO9IDFeQgapOpf.8.3qsAkeBUXT7Jmv3vGM5MKYRD4sHcS','activo','','187048'),(1054,'cedula de ciudadania','gerente','marlen','Salcedo','3227066829','calle 15','marlen.salcedo.09@gmail.com','$2y$10$x5Go9Mx4Fe1hOlG2pzYlfeE8GsMQg22TW.90udrGOv3hL8Dan7W2i','activo','',NULL),(1608,'cedula de ciudadania','gerente','Deicy','Caro','321','sogamoso','deicy.caro.v@gmail.com','$2y$10$HTn0GSbeoqVA7YQHzWavQ.FX1Khc2pB7Jj3B3y4gioM1ti2RuRvtC','activo','','828331'),(1941,'cedula de ciudadania','gerente','Daniel','Lopez','3004401797','CRA 16A n 19 - 30','juanperez123@gmail.com','$2y$10$Mi1TySDAzfq6CKzyLqYnXeIDkWZa9tNWRj9KigO5vucA0jir3Itu.','activo','',NULL);
/*!40000 ALTER TABLE `usuario` ENABLE KEYS */;
UNLOCK TABLES;

--
-- Table structure for table `usuario_permiso`
--

DROP TABLE IF EXISTS `usuario_permiso`;
/*!40101 SET @saved_cs_client     = @@character_set_client */;
/*!40101 SET character_set_client = utf8 */;
CREATE TABLE `usuario_permiso` (
  `usuario_id` int(11) NOT NULL,
  `permiso_id` int(11) NOT NULL,
  PRIMARY KEY (`usuario_id`,`permiso_id`),
  KEY `permiso_id` (`permiso_id`),
  CONSTRAINT `usuario_permiso_ibfk_1` FOREIGN KEY (`usuario_id`) REFERENCES `usuario` (`identificacion`),
  CONSTRAINT `usuario_permiso_ibfk_2` FOREIGN KEY (`permiso_id`) REFERENCES `permiso` (`id`)
) ENGINE=InnoDB DEFAULT CHARSET=utf8mb4 COLLATE=utf8mb4_general_ci;
/*!40101 SET character_set_client = @saved_cs_client */;

--
-- Dumping data for table `usuario_permiso`
--

LOCK TABLES `usuario_permiso` WRITE;
/*!40000 ALTER TABLE `usuario_permiso` DISABLE KEYS */;
/*!40000 ALTER TABLE `usuario_permiso` ENABLE KEYS */;
UNLOCK TABLES;

--
-- Table structure for table `venta`
--

DROP TABLE IF EXISTS `venta`;
/*!40101 SET @saved_cs_client     = @@character_set_client */;
/*!40101 SET character_set_client = utf8 */;
CREATE TABLE `venta` (
  `codigo` int(11) NOT NULL,
  `Usuario_identificacion` int(11) NOT NULL,
  `Producto_codigo` int(11) NOT NULL,
  `Factura_codigo` int(11) NOT NULL,
  PRIMARY KEY (`codigo`),
  UNIQUE KEY `Usuario_identificacion` (`Usuario_identificacion`),
  KEY `fk_Producto_has_Factura_Producto1_idx` (`Producto_codigo`)
) ENGINE=InnoDB DEFAULT CHARSET=utf8 COLLATE=utf8_general_ci;
/*!40101 SET character_set_client = @saved_cs_client */;

--
-- Dumping data for table `venta`
--

LOCK TABLES `venta` WRITE;
/*!40000 ALTER TABLE `venta` DISABLE KEYS */;
/*!40000 ALTER TABLE `venta` ENABLE KEYS */;
UNLOCK TABLES;
/*!40103 SET TIME_ZONE=@OLD_TIME_ZONE */;

/*!40101 SET SQL_MODE=@OLD_SQL_MODE */;
/*!40014 SET FOREIGN_KEY_CHECKS=@OLD_FOREIGN_KEY_CHECKS */;
/*!40014 SET UNIQUE_CHECKS=@OLD_UNIQUE_CHECKS */;
/*!40101 SET CHARACTER_SET_CLIENT=@OLD_CHARACTER_SET_CLIENT */;
/*!40101 SET CHARACTER_SET_RESULTS=@OLD_CHARACTER_SET_RESULTS */;
/*!40101 SET COLLATION_CONNECTION=@OLD_COLLATION_CONNECTION */;
/*!40111 SET SQL_NOTES=@OLD_SQL_NOTES */;

-- Dump completed on 2025-05-27 10:54:43
