-- Volcado de la base de datos `inventariomotoracer`
-- Fecha: 2025-06-20 08:25:16

/*!40101 SET NAMES utf8mb4 */;
/*!40101 SET CHARACTER SET utf8mb4 */;

SET FOREIGN_KEY_CHECKS=0;

-- -----------------------------
-- Estructura de la tabla `accesos`
-- -----------------------------
DROP TABLE IF EXISTS `accesos`;
CREATE TABLE `accesos` (
  `id` int(11) NOT NULL AUTO_INCREMENT,
  `id_usuario` int(20) NOT NULL,
  `seccion` varchar(100) NOT NULL,
  `sub_seccion` varchar(100) DEFAULT NULL,
  `permitido` tinyint(1) NOT NULL DEFAULT 1,
  PRIMARY KEY (`id`),
  KEY `fk_usuario` (`id_usuario`),
  CONSTRAINT `fk_usuario` FOREIGN KEY (`id_usuario`) REFERENCES `usuario` (`identificacion`) ON DELETE CASCADE
) ENGINE=InnoDB AUTO_INCREMENT=3302 DEFAULT CHARSET=utf8mb4 COLLATE=utf8mb4_general_ci;

-- -----------------------------
-- Datos de la tabla `accesos`
-- -----------------------------
INSERT INTO `accesos` (`id`,`id_usuario`,`seccion`,`sub_seccion`,`permitido`) VALUES ('1','123','PRODUCTO','Crear Producto','1');
INSERT INTO `accesos` (`id`,`id_usuario`,`seccion`,`sub_seccion`,`permitido`) VALUES ('3','123','PRODUCTO','Categorias','1');
INSERT INTO `accesos` (`id`,`id_usuario`,`seccion`,`sub_seccion`,`permitido`) VALUES ('4','123','PRODUCTO','Ubicacion','1');
INSERT INTO `accesos` (`id`,`id_usuario`,`seccion`,`sub_seccion`,`permitido`) VALUES ('5','123','PRODUCTO','Marca','1');
INSERT INTO `accesos` (`id`,`id_usuario`,`seccion`,`sub_seccion`,`permitido`) VALUES ('8','123','PROVEEDOR','Lista Proveedor','1');
INSERT INTO `accesos` (`id`,`id_usuario`,`seccion`,`sub_seccion`,`permitido`) VALUES ('9','123','INVENTARIO','Lista Productos','1');
INSERT INTO `accesos` (`id`,`id_usuario`,`seccion`,`sub_seccion`,`permitido`) VALUES ('10','123','FACTURA','Ventas','1');
INSERT INTO `accesos` (`id`,`id_usuario`,`seccion`,`sub_seccion`,`permitido`) VALUES ('11','123','FACTURA','Reportes','1');
INSERT INTO `accesos` (`id`,`id_usuario`,`seccion`,`sub_seccion`,`permitido`) VALUES ('12','123','USUARIO','Información','1');
INSERT INTO `accesos` (`id`,`id_usuario`,`seccion`,`sub_seccion`,`permitido`) VALUES ('13','123','CONFIGURACION','Stock','1');
INSERT INTO `accesos` (`id`,`id_usuario`,`seccion`,`sub_seccion`,`permitido`) VALUES ('14','123','CONFIGURACION','Gestion de Usuarios','1');
INSERT INTO `accesos` (`id`,`id_usuario`,`seccion`,`sub_seccion`,`permitido`) VALUES ('15','123','CONFIGURACION','Copia de Seguridad','1');
INSERT INTO `accesos` (`id`,`id_usuario`,`seccion`,`sub_seccion`,`permitido`) VALUES ('16','123','FACTURA','Lista Clientes','1');
INSERT INTO `accesos` (`id`,`id_usuario`,`seccion`,`sub_seccion`,`permitido`) VALUES ('17','123','FACTURA','Lista Notificaciones','1');
INSERT INTO `accesos` (`id`,`id_usuario`,`seccion`,`sub_seccion`,`permitido`) VALUES ('3246','222','PRODUCTO','crear producto','0');
INSERT INTO `accesos` (`id`,`id_usuario`,`seccion`,`sub_seccion`,`permitido`) VALUES ('3247','222','PRODUCTO','categorias','0');
INSERT INTO `accesos` (`id`,`id_usuario`,`seccion`,`sub_seccion`,`permitido`) VALUES ('3248','222','PRODUCTO','ubicacion','0');
INSERT INTO `accesos` (`id`,`id_usuario`,`seccion`,`sub_seccion`,`permitido`) VALUES ('3249','222','PRODUCTO','marca','0');
INSERT INTO `accesos` (`id`,`id_usuario`,`seccion`,`sub_seccion`,`permitido`) VALUES ('3250','222','PROVEEDOR','lista proveedor','1');
INSERT INTO `accesos` (`id`,`id_usuario`,`seccion`,`sub_seccion`,`permitido`) VALUES ('3251','222','INVENTARIO','lista productos','1');
INSERT INTO `accesos` (`id`,`id_usuario`,`seccion`,`sub_seccion`,`permitido`) VALUES ('3252','222','FACTURA','ventas','0');
INSERT INTO `accesos` (`id`,`id_usuario`,`seccion`,`sub_seccion`,`permitido`) VALUES ('3253','222','FACTURA','reporte','0');
INSERT INTO `accesos` (`id`,`id_usuario`,`seccion`,`sub_seccion`,`permitido`) VALUES ('3254','222','FACTURA','lista clientes','1');
INSERT INTO `accesos` (`id`,`id_usuario`,`seccion`,`sub_seccion`,`permitido`) VALUES ('3255','222','FACTURA','lista notificaciones','0');
INSERT INTO `accesos` (`id`,`id_usuario`,`seccion`,`sub_seccion`,`permitido`) VALUES ('3256','222','USUARIO','información','1');
INSERT INTO `accesos` (`id`,`id_usuario`,`seccion`,`sub_seccion`,`permitido`) VALUES ('3279','1941','PRODUCTO','crear producto','1');
INSERT INTO `accesos` (`id`,`id_usuario`,`seccion`,`sub_seccion`,`permitido`) VALUES ('3280','1941','PRODUCTO','categorias','1');
INSERT INTO `accesos` (`id`,`id_usuario`,`seccion`,`sub_seccion`,`permitido`) VALUES ('3281','1941','PRODUCTO','ubicacion','1');
INSERT INTO `accesos` (`id`,`id_usuario`,`seccion`,`sub_seccion`,`permitido`) VALUES ('3282','1941','PRODUCTO','marca','1');
INSERT INTO `accesos` (`id`,`id_usuario`,`seccion`,`sub_seccion`,`permitido`) VALUES ('3283','1941','PROVEEDOR','lista proveedor','1');
INSERT INTO `accesos` (`id`,`id_usuario`,`seccion`,`sub_seccion`,`permitido`) VALUES ('3284','1941','INVENTARIO','lista productos','1');
INSERT INTO `accesos` (`id`,`id_usuario`,`seccion`,`sub_seccion`,`permitido`) VALUES ('3285','1941','FACTURA','ventas','1');
INSERT INTO `accesos` (`id`,`id_usuario`,`seccion`,`sub_seccion`,`permitido`) VALUES ('3286','1941','FACTURA','reportes','1');
INSERT INTO `accesos` (`id`,`id_usuario`,`seccion`,`sub_seccion`,`permitido`) VALUES ('3287','1941','FACTURA','lista clientes','1');
INSERT INTO `accesos` (`id`,`id_usuario`,`seccion`,`sub_seccion`,`permitido`) VALUES ('3288','1941','FACTURA','lista notificaciones','1');
INSERT INTO `accesos` (`id`,`id_usuario`,`seccion`,`sub_seccion`,`permitido`) VALUES ('3289','1941','USUARIO','información','1');
INSERT INTO `accesos` (`id`,`id_usuario`,`seccion`,`sub_seccion`,`permitido`) VALUES ('3290','321','PRODUCTO','crear producto','0');
INSERT INTO `accesos` (`id`,`id_usuario`,`seccion`,`sub_seccion`,`permitido`) VALUES ('3291','321','PRODUCTO','actualizar producto','0');
INSERT INTO `accesos` (`id`,`id_usuario`,`seccion`,`sub_seccion`,`permitido`) VALUES ('3292','321','PRODUCTO','categorias','0');
INSERT INTO `accesos` (`id`,`id_usuario`,`seccion`,`sub_seccion`,`permitido`) VALUES ('3293','321','PRODUCTO','ubicacion','0');
INSERT INTO `accesos` (`id`,`id_usuario`,`seccion`,`sub_seccion`,`permitido`) VALUES ('3294','321','PRODUCTO','marca','0');
INSERT INTO `accesos` (`id`,`id_usuario`,`seccion`,`sub_seccion`,`permitido`) VALUES ('3295','321','PROVEEDOR','lista proveedor','0');
INSERT INTO `accesos` (`id`,`id_usuario`,`seccion`,`sub_seccion`,`permitido`) VALUES ('3296','321','INVENTARIO','lista productos','0');
INSERT INTO `accesos` (`id`,`id_usuario`,`seccion`,`sub_seccion`,`permitido`) VALUES ('3297','321','FACTURA','ventas','0');
INSERT INTO `accesos` (`id`,`id_usuario`,`seccion`,`sub_seccion`,`permitido`) VALUES ('3298','321','FACTURA','reportes','0');
INSERT INTO `accesos` (`id`,`id_usuario`,`seccion`,`sub_seccion`,`permitido`) VALUES ('3299','321','FACTURA','lista clientes','0');
INSERT INTO `accesos` (`id`,`id_usuario`,`seccion`,`sub_seccion`,`permitido`) VALUES ('3300','321','FACTURA','lista notificaciones','0');
INSERT INTO `accesos` (`id`,`id_usuario`,`seccion`,`sub_seccion`,`permitido`) VALUES ('3301','321','USUARIO','información','1');

-- -----------------------------
-- Estructura de la tabla `categoria`
-- -----------------------------
DROP TABLE IF EXISTS `categoria`;
CREATE TABLE `categoria` (
  `codigo` int(11) NOT NULL AUTO_INCREMENT,
  `nombre` varchar(45) NOT NULL,
  PRIMARY KEY (`codigo`)
) ENGINE=InnoDB AUTO_INCREMENT=919 DEFAULT CHARSET=utf8 COLLATE=utf8_general_ci;

-- -----------------------------
-- Datos de la tabla `categoria`
-- -----------------------------
INSERT INTO `categoria` (`codigo`,`nombre`) VALUES ('903','Clutch');
INSERT INTO `categoria` (`codigo`,`nombre`) VALUES ('904','Cambios');
INSERT INTO `categoria` (`codigo`,`nombre`) VALUES ('905','Frenos');
INSERT INTO `categoria` (`codigo`,`nombre`) VALUES ('906','Motor');
INSERT INTO `categoria` (`codigo`,`nombre`) VALUES ('907','Encendido');
INSERT INTO `categoria` (`codigo`,`nombre`) VALUES ('908','Carburador');
INSERT INTO `categoria` (`codigo`,`nombre`) VALUES ('909','Suspencio');
INSERT INTO `categoria` (`codigo`,`nombre`) VALUES ('910','Electrico');
INSERT INTO `categoria` (`codigo`,`nombre`) VALUES ('911','Rodamientos');
INSERT INTO `categoria` (`codigo`,`nombre`) VALUES ('913','Trasmision');
INSERT INTO `categoria` (`codigo`,`nombre`) VALUES ('914','Lubricantes');
INSERT INTO `categoria` (`codigo`,`nombre`) VALUES ('915','prueba');
INSERT INTO `categoria` (`codigo`,`nombre`) VALUES ('917','moto');

-- -----------------------------
-- Estructura de la tabla `cliente`
-- -----------------------------
DROP TABLE IF EXISTS `cliente`;
CREATE TABLE `cliente` (
  `codigo` int(20) NOT NULL,
  `identificacion` enum('CC','TI','RC','CE','NIT','PA','PEP','PPT','PT') NOT NULL,
  `nombre` varchar(45) NOT NULL,
  `apellido` varchar(45) DEFAULT NULL,
  `telefono` varchar(13) NOT NULL,
  `correo` varchar(45) NOT NULL,
  PRIMARY KEY (`codigo`) USING BTREE
) ENGINE=InnoDB DEFAULT CHARSET=utf8 COLLATE=utf8_general_ci;

-- -----------------------------
-- Datos de la tabla `cliente`
-- -----------------------------
INSERT INTO `cliente` (`codigo`,`identificacion`,`nombre`,`apellido`,`telefono`,`correo`) VALUES ('0','CC','Esteban','Hernandez','3221456215','estebanhernandez45@gamil.com');
INSERT INTO `cliente` (`codigo`,`identificacion`,`nombre`,`apellido`,`telefono`,`correo`) VALUES ('123','CC','Daniel','Lopez','145','danielleonardo@gmail.com');
INSERT INTO `cliente` (`codigo`,`identificacion`,`nombre`,`apellido`,`telefono`,`correo`) VALUES ('147','NIT','EDWIN','Rodriguez','158','edwincastillo@gmail.com');
INSERT INTO `cliente` (`codigo`,`identificacion`,`nombre`,`apellido`,`telefono`,`correo`) VALUES ('258','CC','Nicolas','castillo','1478','nicolascastillo@gmail.com');
INSERT INTO `cliente` (`codigo`,`identificacion`,`nombre`,`apellido`,`telefono`,`correo`) VALUES ('789','CC','sandra','rodriguez','98765','sandrarodriguez@gmail.com');
INSERT INTO `cliente` (`codigo`,`identificacion`,`nombre`,`apellido`,`telefono`,`correo`) VALUES ('2222222','CC','Consumidor','Final','12455','consumidorfinal@final.com');
INSERT INTO `cliente` (`codigo`,`identificacion`,`nombre`,`apellido`,`telefono`,`correo`) VALUES ('5646456','CC','karim','perez','4645645','consumidorfinal@final.com');
INSERT INTO `cliente` (`codigo`,`identificacion`,`nombre`,`apellido`,`telefono`,`correo`) VALUES ('74182332','CC','HECTOR','LOPEZ','3102572023','leonardolpc40@gmail.com');
INSERT INTO `cliente` (`codigo`,`identificacion`,`nombre`,`apellido`,`telefono`,`correo`) VALUES ('1014473365','CC','maria','rodriguez','3222248664','msriarodriguez@gmail.com');
INSERT INTO `cliente` (`codigo`,`identificacion`,`nombre`,`apellido`,`telefono`,`correo`) VALUES ('2147483647','CC','leidy','sanchez','3202355067','LADY280H@HOTMAIL.COM');

-- -----------------------------
-- Estructura de la tabla `configuracion_stock`
-- -----------------------------
DROP TABLE IF EXISTS `configuracion_stock`;
CREATE TABLE `configuracion_stock` (
  `id` int(11) NOT NULL AUTO_INCREMENT,
  `min_quantity` int(11) NOT NULL,
  `alarm_time` time DEFAULT NULL,
  `notification_method` varchar(20) NOT NULL,
  PRIMARY KEY (`id`)
) ENGINE=InnoDB AUTO_INCREMENT=22 DEFAULT CHARSET=utf8mb4 COLLATE=utf8mb4_general_ci;

-- -----------------------------
-- Datos de la tabla `configuracion_stock`
-- -----------------------------
INSERT INTO `configuracion_stock` (`id`,`min_quantity`,`alarm_time`,`notification_method`) VALUES ('1','5','08:00:00','popup');
INSERT INTO `configuracion_stock` (`id`,`min_quantity`,`alarm_time`,`notification_method`) VALUES ('2','60','09:00:00','both');
INSERT INTO `configuracion_stock` (`id`,`min_quantity`,`alarm_time`,`notification_method`) VALUES ('3','60','13:30:00','both');
INSERT INTO `configuracion_stock` (`id`,`min_quantity`,`alarm_time`,`notification_method`) VALUES ('4','60','07:52:00','both');
INSERT INTO `configuracion_stock` (`id`,`min_quantity`,`alarm_time`,`notification_method`) VALUES ('5','30','03:03:00','both');
INSERT INTO `configuracion_stock` (`id`,`min_quantity`,`alarm_time`,`notification_method`) VALUES ('6','30','03:03:00','both');
INSERT INTO `configuracion_stock` (`id`,`min_quantity`,`alarm_time`,`notification_method`) VALUES ('7','30',NULL,'popup');
INSERT INTO `configuracion_stock` (`id`,`min_quantity`,`alarm_time`,`notification_method`) VALUES ('8','5',NULL,'popup');
INSERT INTO `configuracion_stock` (`id`,`min_quantity`,`alarm_time`,`notification_method`) VALUES ('9','15',NULL,'popup');
INSERT INTO `configuracion_stock` (`id`,`min_quantity`,`alarm_time`,`notification_method`) VALUES ('10','15',NULL,'popup');
INSERT INTO `configuracion_stock` (`id`,`min_quantity`,`alarm_time`,`notification_method`) VALUES ('11','15',NULL,'popup');
INSERT INTO `configuracion_stock` (`id`,`min_quantity`,`alarm_time`,`notification_method`) VALUES ('12','15',NULL,'popup');
INSERT INTO `configuracion_stock` (`id`,`min_quantity`,`alarm_time`,`notification_method`) VALUES ('13','20',NULL,'popup');
INSERT INTO `configuracion_stock` (`id`,`min_quantity`,`alarm_time`,`notification_method`) VALUES ('14','20',NULL,'popup');
INSERT INTO `configuracion_stock` (`id`,`min_quantity`,`alarm_time`,`notification_method`) VALUES ('15','20',NULL,'popup');
INSERT INTO `configuracion_stock` (`id`,`min_quantity`,`alarm_time`,`notification_method`) VALUES ('16','12',NULL,'popup');
INSERT INTO `configuracion_stock` (`id`,`min_quantity`,`alarm_time`,`notification_method`) VALUES ('17','12',NULL,'popup');
INSERT INTO `configuracion_stock` (`id`,`min_quantity`,`alarm_time`,`notification_method`) VALUES ('18','14',NULL,'popup');
INSERT INTO `configuracion_stock` (`id`,`min_quantity`,`alarm_time`,`notification_method`) VALUES ('19','14',NULL,'popup');
INSERT INTO `configuracion_stock` (`id`,`min_quantity`,`alarm_time`,`notification_method`) VALUES ('20','0',NULL,'popup');
INSERT INTO `configuracion_stock` (`id`,`min_quantity`,`alarm_time`,`notification_method`) VALUES ('21','10',NULL,'popup');

-- -----------------------------
-- Estructura de la tabla `factura`
-- -----------------------------
DROP TABLE IF EXISTS `factura`;
CREATE TABLE `factura` (
  `codigo` int(11) NOT NULL AUTO_INCREMENT,
  `fechaGeneracion` datetime NOT NULL,
  `Usuario_identificacion` int(11) NOT NULL,
  `nombreUsuario` varchar(1000) NOT NULL,
  `apellidoUsuario` varchar(100) NOT NULL,
  `Cliente_codigo` int(20) NOT NULL,
  `nombreCliente` varchar(100) NOT NULL,
  `apellidoCliente` varchar(100) NOT NULL,
  `telefonoCliente` int(50) NOT NULL,
  `identificacionCliente` int(50) NOT NULL,
  `cambio` int(100) NOT NULL,
  `precioTotal` double NOT NULL,
  `activo` tinyint(1) NOT NULL DEFAULT 1,
  `observacion` text DEFAULT NULL,
  `productos_resumen` longtext DEFAULT NULL,
  PRIMARY KEY (`codigo`),
  KEY `fk_Usuario_has_Producto_Usuario1_idx` (`Usuario_identificacion`),
  KEY `fk_Factura_Cliente1_idx` (`Cliente_codigo`),
  CONSTRAINT `fk_Factura_Cliente1_idx` FOREIGN KEY (`Cliente_codigo`) REFERENCES `cliente` (`codigo`),
  CONSTRAINT `fk_Usuario_has_Producto_Usuario1` FOREIGN KEY (`Usuario_identificacion`) REFERENCES `usuario` (`identificacion`) ON DELETE NO ACTION ON UPDATE NO ACTION
) ENGINE=InnoDB AUTO_INCREMENT=219 DEFAULT CHARSET=utf8 COLLATE=utf8_general_ci;

-- -----------------------------
-- Datos de la tabla `factura`
-- -----------------------------
INSERT INTO `factura` (`codigo`,`fechaGeneracion`,`Usuario_identificacion`,`nombreUsuario`,`apellidoUsuario`,`Cliente_codigo`,`nombreCliente`,`apellidoCliente`,`telefonoCliente`,`identificacionCliente`,`cambio`,`precioTotal`,`activo`,`observacion`,`productos_resumen`) VALUES ('210','2025-06-17 23:23:55','123','Daniel Leonardo','Lopez Baron','2222222','Consumidor','Final','12455','2222222','0','6000','1',NULL,'[{\"id\":\"18576\",\"nombre\":\"MANIGUETA CLUTCH BOXER CT                                            –\\n                                            \\n                                                $6,000.00\",\"cantidad\":1,\"precio\":6000}]');
INSERT INTO `factura` (`codigo`,`fechaGeneracion`,`Usuario_identificacion`,`nombreUsuario`,`apellidoUsuario`,`Cliente_codigo`,`nombreCliente`,`apellidoCliente`,`telefonoCliente`,`identificacionCliente`,`cambio`,`precioTotal`,`activo`,`observacion`,`productos_resumen`) VALUES ('211','2025-06-17 23:27:57','123','Daniel Leonardo','Lopez Baron','2222222','Consumidor','Final','12455','2222222','0','11000','1',NULL,'[{\"id\":\"18576\",\"nombre\":\"MANIGUETA CLUTCH BOXER CT                                            –\\n                                            \\n                                                $11,000.00\",\"cantidad\":1,\"precio\":11000}]');
INSERT INTO `factura` (`codigo`,`fechaGeneracion`,`Usuario_identificacion`,`nombreUsuario`,`apellidoUsuario`,`Cliente_codigo`,`nombreCliente`,`apellidoCliente`,`telefonoCliente`,`identificacionCliente`,`cambio`,`precioTotal`,`activo`,`observacion`,`productos_resumen`) VALUES ('212','2025-06-17 23:28:10','123','Daniel Leonardo','Lopez Baron','2222222','Consumidor','Final','12455','2222222','0','11000','1',NULL,'[{\"id\":\"18576\",\"nombre\":\"MANIGUETA CLUTCH BOXER CT                                            –\\n                                            \\n                                                $11,000.00\",\"cantidad\":1,\"precio\":11000}]');
INSERT INTO `factura` (`codigo`,`fechaGeneracion`,`Usuario_identificacion`,`nombreUsuario`,`apellidoUsuario`,`Cliente_codigo`,`nombreCliente`,`apellidoCliente`,`telefonoCliente`,`identificacionCliente`,`cambio`,`precioTotal`,`activo`,`observacion`,`productos_resumen`) VALUES ('213','2025-06-17 23:29:40','123','Daniel Leonardo','Lopez Baron','2222222','Consumidor','Final','12455','2222222','0','11000','1',NULL,'[{\"id\":\"18576\",\"nombre\":\"MANIGUETA CLUTCH BOXER CT                                            –\\n                                            \\n                                                $11,000.00\",\"cantidad\":1,\"precio\":11000}]');
INSERT INTO `factura` (`codigo`,`fechaGeneracion`,`Usuario_identificacion`,`nombreUsuario`,`apellidoUsuario`,`Cliente_codigo`,`nombreCliente`,`apellidoCliente`,`telefonoCliente`,`identificacionCliente`,`cambio`,`precioTotal`,`activo`,`observacion`,`productos_resumen`) VALUES ('214','2025-06-17 23:32:13','123','Daniel Leonardo','Lopez Baron','2222222','Consumidor','Final','12455','2222222','0','6000','1',NULL,'[{\"id\":\"18576\",\"nombre\":\"MANIGUETA CLUTCH BOXER CT                                            –\\n                                            \\n                                                $6,000.00\",\"cantidad\":1,\"precio\":6000}]');
INSERT INTO `factura` (`codigo`,`fechaGeneracion`,`Usuario_identificacion`,`nombreUsuario`,`apellidoUsuario`,`Cliente_codigo`,`nombreCliente`,`apellidoCliente`,`telefonoCliente`,`identificacionCliente`,`cambio`,`precioTotal`,`activo`,`observacion`,`productos_resumen`) VALUES ('215','2025-06-18 11:04:27','123','Daniel Leonardo','Lopez Baron','2222222','Consumidor','Final','12455','2222222','0','16800','1',NULL,'[{\"id\":\"23996\",\"nombre\":\"PALANCA CAMBIOS DISCOVER 100\\/XCD                                            –\\n                                            \\n                                                $16,800.00\",\"cantidad\":1,\"precio\":16800}]');
INSERT INTO `factura` (`codigo`,`fechaGeneracion`,`Usuario_identificacion`,`nombreUsuario`,`apellidoUsuario`,`Cliente_codigo`,`nombreCliente`,`apellidoCliente`,`telefonoCliente`,`identificacionCliente`,`cambio`,`precioTotal`,`activo`,`observacion`,`productos_resumen`) VALUES ('216','2025-06-18 11:11:59','123','Daniel Leonardo','Lopez Baron','123','Daniel','Leonardo lo','145','123','0','6000','1',NULL,'[{\"id\":\"18576\",\"nombre\":\"MANIGUETA CLUTCH BOXER CT                                            –\\n                                            \\n                                                $6,000.00\",\"cantidad\":1,\"precio\":6000}]');
INSERT INTO `factura` (`codigo`,`fechaGeneracion`,`Usuario_identificacion`,`nombreUsuario`,`apellidoUsuario`,`Cliente_codigo`,`nombreCliente`,`apellidoCliente`,`telefonoCliente`,`identificacionCliente`,`cambio`,`precioTotal`,`activo`,`observacion`,`productos_resumen`) VALUES ('217','2025-06-19 07:36:23','123','Daniel Leonardo','Lopez Baron','2222222','Consumidor','Final','12455','2222222','0','43200','0','Error de digitacion','[{\"id\":\"18576\",\"nombre\":\"MANIGUETA CLUTCH BOXER CT                                            –\\n                                            \\n                                                $6,000.00\",\"cantidad\":1,\"precio\":6000},{\"id\":\"23996\",\"nombre\":\"PALANCA CAMBIOS DISCOVER 100\\/XCD                                            –\\n                                            \\n                                                $16,800.00\",\"cantidad\":1,\"precio\":16800},{\"id\":\"31955\",\"nombre\":\"DIAFRAGMA CBF 125\\/150 CON CORTINA VITRIX 9903                                            –\\n                                            \\n                                                $20,400.00\",\"cantidad\":1,\"precio\":20400}]');
INSERT INTO `factura` (`codigo`,`fechaGeneracion`,`Usuario_identificacion`,`nombreUsuario`,`apellidoUsuario`,`Cliente_codigo`,`nombreCliente`,`apellidoCliente`,`telefonoCliente`,`identificacionCliente`,`cambio`,`precioTotal`,`activo`,`observacion`,`productos_resumen`) VALUES ('218','2025-06-19 19:52:03','1941','Daniel','Lopez','2222222','Consumidor','Final','12455','2222222','0','6000','1',NULL,'[{\"id\":\"18576\",\"nombre\":\"MANIGUETA CLUTCH BOXER CT                                            –\\n                                            \\n                                                $6,000.00\",\"cantidad\":1,\"precio\":6000}]');

-- -----------------------------
-- Estructura de la tabla `factura_metodo_pago`
-- -----------------------------
DROP TABLE IF EXISTS `factura_metodo_pago`;
CREATE TABLE `factura_metodo_pago` (
  `id` int(11) NOT NULL AUTO_INCREMENT,
  `Factura_codigo` int(11) NOT NULL,
  `metodoPago` varchar(200) NOT NULL,
  `monto` double NOT NULL,
  PRIMARY KEY (`id`),
  KEY `Factura_codigo` (`Factura_codigo`),
  CONSTRAINT `factura_metodo_pago_ibfk_1` FOREIGN KEY (`Factura_codigo`) REFERENCES `factura` (`codigo`)
) ENGINE=InnoDB AUTO_INCREMENT=281 DEFAULT CHARSET=utf8mb4 COLLATE=utf8mb4_general_ci;

-- -----------------------------
-- Datos de la tabla `factura_metodo_pago`
-- -----------------------------
INSERT INTO `factura_metodo_pago` (`id`,`Factura_codigo`,`metodoPago`,`monto`) VALUES ('269','210','efectivo','6000');
INSERT INTO `factura_metodo_pago` (`id`,`Factura_codigo`,`metodoPago`,`monto`) VALUES ('270','211','efectivo','11000');
INSERT INTO `factura_metodo_pago` (`id`,`Factura_codigo`,`metodoPago`,`monto`) VALUES ('271','212','efectivo','11000');
INSERT INTO `factura_metodo_pago` (`id`,`Factura_codigo`,`metodoPago`,`monto`) VALUES ('272','213','efectivo','11000');
INSERT INTO `factura_metodo_pago` (`id`,`Factura_codigo`,`metodoPago`,`monto`) VALUES ('273','214','efectivo','6000');
INSERT INTO `factura_metodo_pago` (`id`,`Factura_codigo`,`metodoPago`,`monto`) VALUES ('274','215','efectivo','16800');
INSERT INTO `factura_metodo_pago` (`id`,`Factura_codigo`,`metodoPago`,`monto`) VALUES ('275','216','efectivo','1500');
INSERT INTO `factura_metodo_pago` (`id`,`Factura_codigo`,`metodoPago`,`monto`) VALUES ('276','216','credito','2500');
INSERT INTO `factura_metodo_pago` (`id`,`Factura_codigo`,`metodoPago`,`monto`) VALUES ('277','216','transferencia','2000');
INSERT INTO `factura_metodo_pago` (`id`,`Factura_codigo`,`metodoPago`,`monto`) VALUES ('278','217','efectivo','4320');
INSERT INTO `factura_metodo_pago` (`id`,`Factura_codigo`,`metodoPago`,`monto`) VALUES ('279','217','transferencia','38880');
INSERT INTO `factura_metodo_pago` (`id`,`Factura_codigo`,`metodoPago`,`monto`) VALUES ('280','218','efectivo','6000');

-- -----------------------------
-- Estructura de la tabla `marca`
-- -----------------------------
DROP TABLE IF EXISTS `marca`;
CREATE TABLE `marca` (
  `codigo` int(11) NOT NULL AUTO_INCREMENT,
  `nombre` varchar(45) NOT NULL,
  PRIMARY KEY (`codigo`)
) ENGINE=InnoDB AUTO_INCREMENT=2222239 DEFAULT CHARSET=utf8 COLLATE=utf8_general_ci;

-- -----------------------------
-- Datos de la tabla `marca`
-- -----------------------------
INSERT INTO `marca` (`codigo`,`nombre`) VALUES ('2222227','Japan');
INSERT INTO `marca` (`codigo`,`nombre`) VALUES ('2222228','Vitrix');
INSERT INTO `marca` (`codigo`,`nombre`) VALUES ('2222229','Petrobras');
INSERT INTO `marca` (`codigo`,`nombre`) VALUES ('2222230','Castrol');
INSERT INTO `marca` (`codigo`,`nombre`) VALUES ('2222231','Motul');
INSERT INTO `marca` (`codigo`,`nombre`) VALUES ('2222232','Liqui Moly');
INSERT INTO `marca` (`codigo`,`nombre`) VALUES ('2222233','Mobil');
INSERT INTO `marca` (`codigo`,`nombre`) VALUES ('2222234','Eduardoño');
INSERT INTO `marca` (`codigo`,`nombre`) VALUES ('2222235','Valvoline');
INSERT INTO `marca` (`codigo`,`nombre`) VALUES ('2222236','Eni');
INSERT INTO `marca` (`codigo`,`nombre`) VALUES ('2222238','PRUEBA');

-- -----------------------------
-- Estructura de la tabla `notificaciones`
-- -----------------------------
DROP TABLE IF EXISTS `notificaciones`;
CREATE TABLE `notificaciones` (
  `id` int(11) NOT NULL AUTO_INCREMENT,
  `mensaje` text NOT NULL,
  `descripcion` varchar(200) NOT NULL,
  `fecha` timestamp NOT NULL DEFAULT current_timestamp(),
  `leida` tinyint(1) DEFAULT 0,
  PRIMARY KEY (`id`)
) ENGINE=InnoDB AUTO_INCREMENT=1431 DEFAULT CHARSET=utf8mb4 COLLATE=utf8mb4_general_ci;

-- -----------------------------
-- Datos de la tabla `notificaciones`
-- -----------------------------
INSERT INTO `notificaciones` (`id`,`mensaje`,`descripcion`,`fecha`,`leida`) VALUES ('1052','Producto PALANCA CAMBIOS DISCOVER 100/XCD bajo mínimo! Stock actual: 4','nose','2025-06-18 11:04:27','0');
INSERT INTO `notificaciones` (`id`,`mensaje`,`descripcion`,`fecha`,`leida`) VALUES ('1053','Producto DIAFRAGMA CBF 125/150 CON CORTINA VITRIX 9903 bajo mínimo! Stock actual: 3','nose','2025-06-18 11:04:27','0');
INSERT INTO `notificaciones` (`id`,`mensaje`,`descripcion`,`fecha`,`leida`) VALUES ('1054','Producto MANIGUETA FRENO  BEST /KMX 125 JAPAN bajo mínimo! Stock actual: 5','nose','2025-06-18 11:04:27','0');
INSERT INTO `notificaciones` (`id`,`mensaje`,`descripcion`,`fecha`,`leida`) VALUES ('1055','Producto BALANCIN BOXER CT 102/DISC 125UG/PLATINO 125D bajo mínimo! Stock actual: 3','nose','2025-06-18 11:04:27','0');
INSERT INTO `notificaciones` (`id`,`mensaje`,`descripcion`,`fecha`,`leida`) VALUES ('1056','Producto **PEDAL FRENO AKT 110SPECIAL NV VITRIX 990390 bajo mínimo! Stock actual: 2','nose','2025-06-18 11:04:27','0');
INSERT INTO `notificaciones` (`id`,`mensaje`,`descripcion`,`fecha`,`leida`) VALUES ('1057','Producto BOMBA DE ACEITE PULSAR 135/XCD125/PLATINO 125 bajo mínimo! Stock actual: 3','nose','2025-06-18 11:04:27','0');
INSERT INTO `notificaciones` (`id`,`mensaje`,`descripcion`,`fecha`,`leida`) VALUES ('1058','Producto CADENILLA DISTRIBUCION PULSAR 150NS/AS 150 VI bajo mínimo! Stock actual: 5','nose','2025-06-18 11:04:27','0');
INSERT INTO `notificaciones` (`id`,`mensaje`,`descripcion`,`fecha`,`leida`) VALUES ('1059','Producto EJE CAMBIOS AX 100 bajo mínimo! Stock actual: 2','nose','2025-06-18 11:04:27','0');
INSERT INTO `notificaciones` (`id`,`mensaje`,`descripcion`,`fecha`,`leida`) VALUES ('1060','Producto PALANCA CAMBIOS BOXER CT 100 bajo mínimo! Stock actual: 5','nose','2025-06-18 11:04:27','0');
INSERT INTO `notificaciones` (`id`,`mensaje`,`descripcion`,`fecha`,`leida`) VALUES ('1061','Producto PALANCA CAMBIOS BEST 125 bajo mínimo! Stock actual: 5','nose','2025-06-18 11:04:27','0');
INSERT INTO `notificaciones` (`id`,`mensaje`,`descripcion`,`fecha`,`leida`) VALUES ('1062','Producto PALANCA CAMBIOS  CD 100 bajo mínimo! Stock actual: 3','nose','2025-06-18 11:04:27','0');
INSERT INTO `notificaciones` (`id`,`mensaje`,`descripcion`,`fecha`,`leida`) VALUES ('1063','Producto PALANCA CAMBIOS AKT 125 SL bajo mínimo! Stock actual: 2','nose','2025-06-18 11:04:27','0');
INSERT INTO `notificaciones` (`id`,`mensaje`,`descripcion`,`fecha`,`leida`) VALUES ('1064','Producto MANIGUETA FRENO XTZ125 / KMX CROMO JAPAN bajo mínimo! Stock actual: 5','nose','2025-06-18 11:04:27','0');
INSERT INTO `notificaciones` (`id`,`mensaje`,`descripcion`,`fecha`,`leida`) VALUES ('1065','Producto MANIGUETA FRENO BOXER-PLATINO JAPAN bajo mínimo! Stock actual: 6','nose','2025-06-18 11:04:27','0');
INSERT INTO `notificaciones` (`id`,`mensaje`,`descripcion`,`fecha`,`leida`) VALUES ('1066','Producto MANIGUETA CLUTCH AKT 125 bajo mínimo! Stock actual: 8','nose','2025-06-18 11:04:27','0');
INSERT INTO `notificaciones` (`id`,`mensaje`,`descripcion`,`fecha`,`leida`) VALUES ('1067','Producto MANIGUETA CLUTCH PULSAR 180 bajo mínimo! Stock actual: 4','nose','2025-06-18 11:04:27','0');
INSERT INTO `notificaciones` (`id`,`mensaje`,`descripcion`,`fecha`,`leida`) VALUES ('1068','Producto MANIGUETA FRENO VIVAX 115  FRENO BANDA JAPAN bajo mínimo! Stock actual: 3','nose','2025-06-18 11:04:27','0');
INSERT INTO `notificaciones` (`id`,`mensaje`,`descripcion`,`fecha`,`leida`) VALUES ('1069','Producto MANIGUETA CLUTCH GS 125 JAPAN bajo mínimo! Stock actual: 5','nose','2025-06-18 11:04:27','0');
INSERT INTO `notificaciones` (`id`,`mensaje`,`descripcion`,`fecha`,`leida`) VALUES ('1070','Producto MANIGUETA FRENO FZ 16 JAPAN bajo mínimo! Stock actual: 7','nose','2025-06-18 11:04:27','0');
INSERT INTO `notificaciones` (`id`,`mensaje`,`descripcion`,`fecha`,`leida`) VALUES ('1071','Producto MANIGUETA FRENO PULSAR UG/NS/GIXXER bajo mínimo! Stock actual: 8','nose','2025-06-18 11:04:27','0');
INSERT INTO `notificaciones` (`id`,`mensaje`,`descripcion`,`fecha`,`leida`) VALUES ('1072','Producto PASTILLAS FRENO TRASERAS XTZ 250 bajo mínimo! Stock actual: 6','nose','2025-06-18 11:04:27','0');
INSERT INTO `notificaciones` (`id`,`mensaje`,`descripcion`,`fecha`,`leida`) VALUES ('1073','Producto PASTILLAS FRENO AKT 110 JAPAN bajo mínimo! Stock actual: 9','nose','2025-06-18 11:04:27','0');
INSERT INTO `notificaciones` (`id`,`mensaje`,`descripcion`,`fecha`,`leida`) VALUES ('1074','Producto PASTILLAS FRENO NS 200 TRASERAS bajo mínimo! Stock actual: 4','nose','2025-06-18 11:04:27','0');
INSERT INTO `notificaciones` (`id`,`mensaje`,`descripcion`,`fecha`,`leida`) VALUES ('1075','Producto PASTILLAS FRENO PULSAR 180 bajo mínimo! Stock actual: 4','nose','2025-06-18 11:04:27','0');
INSERT INTO `notificaciones` (`id`,`mensaje`,`descripcion`,`fecha`,`leida`) VALUES ('1076','Producto PASTILLAS FRENO BWS 125 MV bajo mínimo! Stock actual: 6','nose','2025-06-18 11:04:27','0');
INSERT INTO `notificaciones` (`id`,`mensaje`,`descripcion`,`fecha`,`leida`) VALUES ('1077','Producto PASTILLA FRENO CRIPTON 115  JAPAN bajo mínimo! Stock actual: 4','nose','2025-06-18 11:04:27','0');
INSERT INTO `notificaciones` (`id`,`mensaje`,`descripcion`,`fecha`,`leida`) VALUES ('1078','Producto PASTILLAS FRENO BWS X 125 bajo mínimo! Stock actual: 5','nose','2025-06-18 11:04:27','0');
INSERT INTO `notificaciones` (`id`,`mensaje`,`descripcion`,`fecha`,`leida`) VALUES ('1079','Producto PASTILLA FRENO RTX 150 TRASERAS JAPAN bajo mínimo! Stock actual: 2','nose','2025-06-18 11:04:27','0');
INSERT INTO `notificaciones` (`id`,`mensaje`,`descripcion`,`fecha`,`leida`) VALUES ('1080','Producto PASTILLA FRENO NS 200 TRASERAS bajo mínimo! Stock actual: 4','nose','2025-06-18 11:04:27','0');
INSERT INTO `notificaciones` (`id`,`mensaje`,`descripcion`,`fecha`,`leida`) VALUES ('1081','Producto PEDAL CAMBIOS DISCOVER ST 125/150 VITRIX 9903 bajo mínimo! Stock actual: 3','nose','2025-06-18 11:04:27','0');
INSERT INTO `notificaciones` (`id`,`mensaje`,`descripcion`,`fecha`,`leida`) VALUES ('1082','Producto Kit biela   best 125 vitrix bajo mínimo! Stock actual: 2','nose','2025-06-18 11:04:27','0');
INSERT INTO `notificaciones` (`id`,`mensaje`,`descripcion`,`fecha`,`leida`) VALUES ('1083','Producto BALANCIN PULSAR 180UG/II/220/DISC 135 PASADOR bajo mínimo! Stock actual: 1','nose','2025-06-18 11:04:27','0');
INSERT INTO `notificaciones` (`id`,`mensaje`,`descripcion`,`fecha`,`leida`) VALUES ('1084','Producto MANIGUETA CLUTCH CB 110/ECO bajo mínimo! Stock actual: 6','nose','2025-06-18 11:04:27','0');
INSERT INTO `notificaciones` (`id`,`mensaje`,`descripcion`,`fecha`,`leida`) VALUES ('1085','Producto MANIGUETA FRENO BWS 125 bajo mínimo! Stock actual: 8','nose','2025-06-18 11:04:27','0');
INSERT INTO `notificaciones` (`id`,`mensaje`,`descripcion`,`fecha`,`leida`) VALUES ('1086','Producto MANIGUETA CLUTCH NS 200 PULSAR JAPAN bajo mínimo! Stock actual: 7','nose','2025-06-18 11:04:27','0');
INSERT INTO `notificaciones` (`id`,`mensaje`,`descripcion`,`fecha`,`leida`) VALUES ('1087','Producto MANIGUETA  FRENO XTZ 125  CROMADA JAPAN bajo mínimo! Stock actual: 5','nose','2025-06-18 11:04:27','0');
INSERT INTO `notificaciones` (`id`,`mensaje`,`descripcion`,`fecha`,`leida`) VALUES ('1088','Producto ANILLOS AKT TTR 150/EVO NE 150/ APACHE 160 2  bajo mínimo! Stock actual: 5','nose','2025-06-18 11:04:27','0');
INSERT INTO `notificaciones` (`id`,`mensaje`,`descripcion`,`fecha`,`leida`) VALUES ('1089','Producto BALANCIN CR4 162 JUEGO X 2 ADM/ESC VITRIX bajo mínimo! Stock actual: 2','nose','2025-06-18 11:04:27','0');
INSERT INTO `notificaciones` (`id`,`mensaje`,`descripcion`,`fecha`,`leida`) VALUES ('1090','Producto **PEDAL DE CRANK ECO 100 bajo mínimo! Stock actual: 2','nose','2025-06-18 11:04:27','0');
INSERT INTO `notificaciones` (`id`,`mensaje`,`descripcion`,`fecha`,`leida`) VALUES ('1091','Producto BALINERA 6204 2RS VITRIX PORTA PLATO GN/AKT E bajo mínimo! Stock actual: 6','nose','2025-06-18 11:04:27','0');
INSERT INTO `notificaciones` (`id`,`mensaje`,`descripcion`,`fecha`,`leida`) VALUES ('1092','Producto BALANCIN  CRIPTON 115 FI JUEGO X 2 ADMIS Y ES bajo mínimo! Stock actual: 4','nose','2025-06-18 11:04:27','0');
INSERT INTO `notificaciones` (`id`,`mensaje`,`descripcion`,`fecha`,`leida`) VALUES ('1093','Producto CADENILLA DISTRIBUCION XTZ125/YBR 125/LIBERO  bajo mínimo! Stock actual: 6','nose','2025-06-18 11:04:27','0');
INSERT INTO `notificaciones` (`id`,`mensaje`,`descripcion`,`fecha`,`leida`) VALUES ('1094','Producto **DIAFRAGMA BWS 125 COMPLETO VITRIX 990390703 bajo mínimo! Stock actual: 3','nose','2025-06-18 11:04:27','0');
INSERT INTO `notificaciones` (`id`,`mensaje`,`descripcion`,`fecha`,`leida`) VALUES ('1095','Producto CADENILLA DISTRIBUCION MRX 150/RTX150/BWS 125 bajo mínimo! Stock actual: 4','nose','2025-06-18 11:04:27','0');
INSERT INTO `notificaciones` (`id`,`mensaje`,`descripcion`,`fecha`,`leida`) VALUES ('1096','Producto BOMBA ACEITE AKT 110S/WAVE 100/110/ECO100/ VI bajo mínimo! Stock actual: 2','nose','2025-06-18 11:04:27','0');
INSERT INTO `notificaciones` (`id`,`mensaje`,`descripcion`,`fecha`,`leida`) VALUES ('1097','Producto BALANCIN BOXER CT100/BM100/PLATINO 100/110 BO bajo mínimo! Stock actual: 2','nose','2025-06-18 11:04:27','0');
INSERT INTO `notificaciones` (`id`,`mensaje`,`descripcion`,`fecha`,`leida`) VALUES ('1098','Producto CAPUCHON BUJIA GN125/GS 125/EN 125 VITRIX bajo mínimo! Stock actual: 6','nose','2025-06-18 11:04:27','0');
INSERT INTO `notificaciones` (`id`,`mensaje`,`descripcion`,`fecha`,`leida`) VALUES ('1099','Producto **PEDAL CAMBIOS PULSAR 180II/ BLACK TEC bajo mínimo! Stock actual: 2','nose','2025-06-18 11:04:27','0');
INSERT INTO `notificaciones` (`id`,`mensaje`,`descripcion`,`fecha`,`leida`) VALUES ('1100','Producto PEDAL CRANK FLEX 125 AKT VITRIX 9903907038316 bajo mínimo! Stock actual: 1','nose','2025-06-18 11:04:27','0');
INSERT INTO `notificaciones` (`id`,`mensaje`,`descripcion`,`fecha`,`leida`) VALUES ('1101','Producto ARBOL DE LEVAS PULSAR 135  VITRIX bajo mínimo! Stock actual: 1','nose','2025-06-18 11:04:27','0');
INSERT INTO `notificaciones` (`id`,`mensaje`,`descripcion`,`fecha`,`leida`) VALUES ('1102','Producto REFRIGUERANTE  BASE DE AGUA PETROBRAS bajo mínimo! Stock actual: 0','nose','2025-06-18 11:04:27','0');
INSERT INTO `notificaciones` (`id`,`mensaje`,`descripcion`,`fecha`,`leida`) VALUES ('1103','Producto **CAUCHOS CAMPANA GN 125/GS 125 VITRIX 990390 bajo mínimo! Stock actual: 4','nose','2025-06-18 11:04:27','0');
INSERT INTO `notificaciones` (`id`,`mensaje`,`descripcion`,`fecha`,`leida`) VALUES ('1104','Producto BALANCIN NKDR/TTR/125/150/EVO NE 125 JUEGO PO bajo mínimo! Stock actual: 4','nose','2025-06-18 11:04:27','0');
INSERT INTO `notificaciones` (`id`,`mensaje`,`descripcion`,`fecha`,`leida`) VALUES ('1105','Producto **PEDAL DE CRANK AGILITY 125 VITRIX 990390703 bajo mínimo! Stock actual: 1','nose','2025-06-18 11:04:27','0');
INSERT INTO `notificaciones` (`id`,`mensaje`,`descripcion`,`fecha`,`leida`) VALUES ('1106','Producto KIT CILINDRO CB 125 F VITRIX bajo mínimo! Stock actual: 1','nose','2025-06-18 11:04:27','0');
INSERT INTO `notificaciones` (`id`,`mensaje`,`descripcion`,`fecha`,`leida`) VALUES ('1107','Producto BALINERA6202 2RS VITRIX CAMPDTK/XTZ 125/DISCO bajo mínimo! Stock actual: 8','nose','2025-06-18 11:04:27','0');
INSERT INTO `notificaciones` (`id`,`mensaje`,`descripcion`,`fecha`,`leida`) VALUES ('1108','Producto BALANCIN FZ 16/ SZR JUEGO X 2 DMI Y ESC VITRI bajo mínimo! Stock actual: 4','nose','2025-06-18 11:04:27','0');
INSERT INTO `notificaciones` (`id`,`mensaje`,`descripcion`,`fecha`,`leida`) VALUES ('1109','Producto **PEDAL DE CAMBIOS PULSAR180 UG - PULSAR 200/ bajo mínimo! Stock actual: 3','nose','2025-06-18 11:04:27','0');
INSERT INTO `notificaciones` (`id`,`mensaje`,`descripcion`,`fecha`,`leida`) VALUES ('1110','Producto BALANCINES AKT DYNAMID 125 SCOOTER 125/150 JU bajo mínimo! Stock actual: 4','nose','2025-06-18 11:04:27','0');
INSERT INTO `notificaciones` (`id`,`mensaje`,`descripcion`,`fecha`,`leida`) VALUES ('1111','Producto KIT PISTON AKTT110/ACTIVE 110   O.50  VITRIX bajo mínimo! Stock actual: 2','nose','2025-06-18 11:04:27','0');
INSERT INTO `notificaciones` (`id`,`mensaje`,`descripcion`,`fecha`,`leida`) VALUES ('1112','Producto ARBOL LEVAS DISCOVER 100 S/BM 150/DISCOVER 12 bajo mínimo! Stock actual: 2','nose','2025-06-18 11:04:27','0');
INSERT INTO `notificaciones` (`id`,`mensaje`,`descripcion`,`fecha`,`leida`) VALUES ('1113','Producto AMORTIGUADOR YBR 125 SD TRASERO JUEGO X 2 VIT bajo mínimo! Stock actual: 4','nose','2025-06-18 11:04:27','0');
INSERT INTO `notificaciones` (`id`,`mensaje`,`descripcion`,`fecha`,`leida`) VALUES ('1114','Producto BALANCIN AGILITY 125 JUEGO X 2 ADMI Y ESC VIT bajo mínimo! Stock actual: 4','nose','2025-06-18 11:04:27','0');
INSERT INTO `notificaciones` (`id`,`mensaje`,`descripcion`,`fecha`,`leida`) VALUES ('1115','Producto ANILLOS BEST 125/VIVA 115/VIVAX 115 VITRIX bajo mínimo! Stock actual: 3','nose','2025-06-18 11:04:27','0');
INSERT INTO `notificaciones` (`id`,`mensaje`,`descripcion`,`fecha`,`leida`) VALUES ('1116','Producto BUJE PORTA PLATO CRIPTON 110/RX 115 VITRIX bajo mínimo! Stock actual: 8','nose','2025-06-18 11:04:27','0');
INSERT INTO `notificaciones` (`id`,`mensaje`,`descripcion`,`fecha`,`leida`) VALUES ('1117','Producto CDI YBR 125/XTZ125(2006-2008) VITRIX bajo mínimo! Stock actual: 2','nose','2025-06-18 11:04:27','0');
INSERT INTO `notificaciones` (`id`,`mensaje`,`descripcion`,`fecha`,`leida`) VALUES ('1118','Producto BALANCINES CR5/TTR180/TTX180/XM180/ JUEGO X 2 bajo mínimo! Stock actual: 2','nose','2025-06-18 11:04:27','0');
INSERT INTO `notificaciones` (`id`,`mensaje`,`descripcion`,`fecha`,`leida`) VALUES ('1119','Producto CDI LIBERO 125/YBR 125ESD VITRIX bajo mínimo! Stock actual: 1','nose','2025-06-18 11:04:27','0');
INSERT INTO `notificaciones` (`id`,`mensaje`,`descripcion`,`fecha`,`leida`) VALUES ('1120','Producto BALANCIN PULSAR 150 AS/150 NS JUEGO X2 ADMI Y bajo mínimo! Stock actual: 2','nose','2025-06-18 11:04:27','0');
INSERT INTO `notificaciones` (`id`,`mensaje`,`descripcion`,`fecha`,`leida`) VALUES ('1121','Producto BALANCIN PULSAR 125NSJUEGO X2 ADMI /ESC VITRI bajo mínimo! Stock actual: 2','nose','2025-06-18 11:04:27','0');
INSERT INTO `notificaciones` (`id`,`mensaje`,`descripcion`,`fecha`,`leida`) VALUES ('1122','Producto CARBURADOR NKD 125/SPORT S VITRIX bajo mínimo! Stock actual: 2','nose','2025-06-18 11:04:27','0');
INSERT INTO `notificaciones` (`id`,`mensaje`,`descripcion`,`fecha`,`leida`) VALUES ('1123','Producto **BARRA TELESCOPICA NKD/AKT 125SL /CG 125  JU bajo mínimo! Stock actual: 4','nose','2025-06-18 11:04:27','0');
INSERT INTO `notificaciones` (`id`,`mensaje`,`descripcion`,`fecha`,`leida`) VALUES ('1124','Producto CDI CRIPTON 110 VITRIX bajo mínimo! Stock actual: 2','nose','2025-06-18 11:04:27','0');
INSERT INTO `notificaciones` (`id`,`mensaje`,`descripcion`,`fecha`,`leida`) VALUES ('1125','Producto CLUTCH DE UNA VIA Y/O BENDIX BWS 125 VITRIX bajo mínimo! Stock actual: 3','nose','2025-06-18 11:04:27','0');
INSERT INTO `notificaciones` (`id`,`mensaje`,`descripcion`,`fecha`,`leida`) VALUES ('1126','Producto ACEITE CASTROL ACTEVO  20W 50 bajo mínimo! Stock actual: 0','nose','2025-06-18 11:04:27','0');
INSERT INTO `notificaciones` (`id`,`mensaje`,`descripcion`,`fecha`,`leida`) VALUES ('1127','Producto BALANCIN PULSAR NS 200 JUEGO X2 ADMISION Y ES bajo mínimo! Stock actual: 2','nose','2025-06-18 11:04:27','0');
INSERT INTO `notificaciones` (`id`,`mensaje`,`descripcion`,`fecha`,`leida`) VALUES ('1128','Producto VALVULINA MOTUL SCOOTER 80W 90 150 ML bajo mínimo! Stock actual: 0','nose','2025-06-18 11:04:27','0');
INSERT INTO `notificaciones` (`id`,`mensaje`,`descripcion`,`fecha`,`leida`) VALUES ('1129','Producto LUBRICANTE CADENA MOTUL  C4 bajo mínimo! Stock actual: 0','nose','2025-06-18 11:04:27','0');
INSERT INTO `notificaciones` (`id`,`mensaje`,`descripcion`,`fecha`,`leida`) VALUES ('1130','Producto ACEITE MOTUL 5100 15W 50 bajo mínimo! Stock actual: 0','nose','2025-06-18 11:04:27','0');
INSERT INTO `notificaciones` (`id`,`mensaje`,`descripcion`,`fecha`,`leida`) VALUES ('1131','Producto ACEITE MOTUL 7100 10W 40 bajo mínimo! Stock actual: 0','nose','2025-06-18 11:04:27','0');
INSERT INTO `notificaciones` (`id`,`mensaje`,`descripcion`,`fecha`,`leida`) VALUES ('1132','Producto ACEITE MOTUL 7100 10W 50 bajo mínimo! Stock actual: 0','nose','2025-06-18 11:04:27','0');
INSERT INTO `notificaciones` (`id`,`mensaje`,`descripcion`,`fecha`,`leida`) VALUES ('1133','Producto ACEITE MOTUL 7100 20W 50 bajo mínimo! Stock actual: 0','nose','2025-06-18 11:04:27','0');
INSERT INTO `notificaciones` (`id`,`mensaje`,`descripcion`,`fecha`,`leida`) VALUES ('1134','Producto ACEITE MOTUL 5100 20W 50 bajo mínimo! Stock actual: 0','nose','2025-06-18 11:04:27','0');
INSERT INTO `notificaciones` (`id`,`mensaje`,`descripcion`,`fecha`,`leida`) VALUES ('1135','Producto ACEITE MOTUL 5000 20W 50 bajo mínimo! Stock actual: 0','nose','2025-06-18 11:04:27','0');
INSERT INTO `notificaciones` (`id`,`mensaje`,`descripcion`,`fecha`,`leida`) VALUES ('1136','Producto ACEITE CASTROL POWER 20W50 4T bajo mínimo! Stock actual: 0','nose','2025-06-18 11:04:27','0');
INSERT INTO `notificaciones` (`id`,`mensaje`,`descripcion`,`fecha`,`leida`) VALUES ('1137','Producto HIDRAULICO MOBIL AW68 1/4 LUDESOL bajo mínimo! Stock actual: 0','nose','2025-06-18 11:04:27','0');
INSERT INTO `notificaciones` (`id`,`mensaje`,`descripcion`,`fecha`,`leida`) VALUES ('1138','Producto REFRIGERANTE STD 1/4 TERPEL VERDE LUDESOL bajo mínimo! Stock actual: 0','nose','2025-06-18 11:04:27','0');
INSERT INTO `notificaciones` (`id`,`mensaje`,`descripcion`,`fecha`,`leida`) VALUES ('1139','Producto ACEITE MOBIL  20W50 4T TAPA AMARILLA bajo mínimo! Stock actual: 0','nose','2025-06-18 11:04:27','0');
INSERT INTO `notificaciones` (`id`,`mensaje`,`descripcion`,`fecha`,`leida`) VALUES ('1140','Producto REFRIGERANTE MOBIL  1/4 COOLANT  CORROSION IN bajo mínimo! Stock actual: 0','nose','2025-06-18 11:04:27','0');
INSERT INTO `notificaciones` (`id`,`mensaje`,`descripcion`,`fecha`,`leida`) VALUES ('1141','Producto Banda de freno boxer/ japan 101014 bajo mínimo! Stock actual: 6','nose','2025-06-18 11:04:27','0');
INSERT INTO `notificaciones` (`id`,`mensaje`,`descripcion`,`fecha`,`leida`) VALUES ('1142','Producto LIQUIDO PARA FRENOS HIDRAULICOS DOT 3 240 ML bajo mínimo! Stock actual: 0','nose','2025-06-18 11:04:27','0');
INSERT INTO `notificaciones` (`id`,`mensaje`,`descripcion`,`fecha`,`leida`) VALUES ('1143','Producto ACEITE VALVOLINE 4T 20W50 PREMIUM bajo mínimo! Stock actual: 0','nose','2025-06-18 11:04:27','0');
INSERT INTO `notificaciones` (`id`,`mensaje`,`descripcion`,`fecha`,`leida`) VALUES ('1144','Producto ACEITE VALVOLINE 10W40 SEMISINTETICO bajo mínimo! Stock actual: 0','nose','2025-06-18 11:04:27','0');
INSERT INTO `notificaciones` (`id`,`mensaje`,`descripcion`,`fecha`,`leida`) VALUES ('1145','Producto ACEITE ENI 20W50 RIDE SPECIAL MA2 L bajo mínimo! Stock actual: 0','nose','2025-06-18 11:04:27','0');
INSERT INTO `notificaciones` (`id`,`mensaje`,`descripcion`,`fecha`,`leida`) VALUES ('1146','Producto MANIGUETA CLUTCH BOXER CT bajo mínimo! Stock actual: 9','nose','2025-06-18 11:11:59','0');
INSERT INTO `notificaciones` (`id`,`mensaje`,`descripcion`,`fecha`,`leida`) VALUES ('1147','Producto PALANCA CAMBIOS DISCOVER 100/XCD bajo mínimo! Stock actual: 4','nose','2025-06-18 11:11:59','0');
INSERT INTO `notificaciones` (`id`,`mensaje`,`descripcion`,`fecha`,`leida`) VALUES ('1148','Producto DIAFRAGMA CBF 125/150 CON CORTINA VITRIX 9903 bajo mínimo! Stock actual: 3','nose','2025-06-18 11:11:59','0');
INSERT INTO `notificaciones` (`id`,`mensaje`,`descripcion`,`fecha`,`leida`) VALUES ('1149','Producto MANIGUETA FRENO  BEST /KMX 125 JAPAN bajo mínimo! Stock actual: 5','nose','2025-06-18 11:11:59','0');
INSERT INTO `notificaciones` (`id`,`mensaje`,`descripcion`,`fecha`,`leida`) VALUES ('1150','Producto BALANCIN BOXER CT 102/DISC 125UG/PLATINO 125D bajo mínimo! Stock actual: 3','nose','2025-06-18 11:11:59','0');
INSERT INTO `notificaciones` (`id`,`mensaje`,`descripcion`,`fecha`,`leida`) VALUES ('1151','Producto **PEDAL FRENO AKT 110SPECIAL NV VITRIX 990390 bajo mínimo! Stock actual: 2','nose','2025-06-18 11:11:59','0');
INSERT INTO `notificaciones` (`id`,`mensaje`,`descripcion`,`fecha`,`leida`) VALUES ('1152','Producto BOMBA DE ACEITE PULSAR 135/XCD125/PLATINO 125 bajo mínimo! Stock actual: 3','nose','2025-06-18 11:11:59','0');
INSERT INTO `notificaciones` (`id`,`mensaje`,`descripcion`,`fecha`,`leida`) VALUES ('1153','Producto CADENILLA DISTRIBUCION PULSAR 150NS/AS 150 VI bajo mínimo! Stock actual: 5','nose','2025-06-18 11:11:59','0');
INSERT INTO `notificaciones` (`id`,`mensaje`,`descripcion`,`fecha`,`leida`) VALUES ('1154','Producto EJE CAMBIOS AX 100 bajo mínimo! Stock actual: 2','nose','2025-06-18 11:11:59','0');
INSERT INTO `notificaciones` (`id`,`mensaje`,`descripcion`,`fecha`,`leida`) VALUES ('1155','Producto PALANCA CAMBIOS BOXER CT 100 bajo mínimo! Stock actual: 5','nose','2025-06-18 11:11:59','0');
INSERT INTO `notificaciones` (`id`,`mensaje`,`descripcion`,`fecha`,`leida`) VALUES ('1156','Producto PALANCA CAMBIOS BEST 125 bajo mínimo! Stock actual: 5','nose','2025-06-18 11:11:59','0');
INSERT INTO `notificaciones` (`id`,`mensaje`,`descripcion`,`fecha`,`leida`) VALUES ('1157','Producto PALANCA CAMBIOS  CD 100 bajo mínimo! Stock actual: 3','nose','2025-06-18 11:11:59','0');
INSERT INTO `notificaciones` (`id`,`mensaje`,`descripcion`,`fecha`,`leida`) VALUES ('1158','Producto PALANCA CAMBIOS AKT 125 SL bajo mínimo! Stock actual: 2','nose','2025-06-18 11:11:59','0');
INSERT INTO `notificaciones` (`id`,`mensaje`,`descripcion`,`fecha`,`leida`) VALUES ('1159','Producto MANIGUETA FRENO XTZ125 / KMX CROMO JAPAN bajo mínimo! Stock actual: 5','nose','2025-06-18 11:11:59','0');
INSERT INTO `notificaciones` (`id`,`mensaje`,`descripcion`,`fecha`,`leida`) VALUES ('1160','Producto MANIGUETA FRENO BOXER-PLATINO JAPAN bajo mínimo! Stock actual: 6','nose','2025-06-18 11:11:59','0');
INSERT INTO `notificaciones` (`id`,`mensaje`,`descripcion`,`fecha`,`leida`) VALUES ('1161','Producto MANIGUETA CLUTCH AKT 125 bajo mínimo! Stock actual: 8','nose','2025-06-18 11:11:59','0');
INSERT INTO `notificaciones` (`id`,`mensaje`,`descripcion`,`fecha`,`leida`) VALUES ('1162','Producto MANIGUETA CLUTCH PULSAR 180 bajo mínimo! Stock actual: 4','nose','2025-06-18 11:11:59','0');
INSERT INTO `notificaciones` (`id`,`mensaje`,`descripcion`,`fecha`,`leida`) VALUES ('1163','Producto MANIGUETA FRENO VIVAX 115  FRENO BANDA JAPAN bajo mínimo! Stock actual: 3','nose','2025-06-18 11:11:59','0');
INSERT INTO `notificaciones` (`id`,`mensaje`,`descripcion`,`fecha`,`leida`) VALUES ('1164','Producto MANIGUETA CLUTCH GS 125 JAPAN bajo mínimo! Stock actual: 5','nose','2025-06-18 11:11:59','0');
INSERT INTO `notificaciones` (`id`,`mensaje`,`descripcion`,`fecha`,`leida`) VALUES ('1165','Producto MANIGUETA FRENO FZ 16 JAPAN bajo mínimo! Stock actual: 7','nose','2025-06-18 11:11:59','0');
INSERT INTO `notificaciones` (`id`,`mensaje`,`descripcion`,`fecha`,`leida`) VALUES ('1166','Producto MANIGUETA FRENO PULSAR UG/NS/GIXXER bajo mínimo! Stock actual: 8','nose','2025-06-18 11:11:59','0');
INSERT INTO `notificaciones` (`id`,`mensaje`,`descripcion`,`fecha`,`leida`) VALUES ('1167','Producto PASTILLAS FRENO TRASERAS XTZ 250 bajo mínimo! Stock actual: 6','nose','2025-06-18 11:11:59','0');
INSERT INTO `notificaciones` (`id`,`mensaje`,`descripcion`,`fecha`,`leida`) VALUES ('1168','Producto PASTILLAS FRENO AKT 110 JAPAN bajo mínimo! Stock actual: 9','nose','2025-06-18 11:11:59','0');
INSERT INTO `notificaciones` (`id`,`mensaje`,`descripcion`,`fecha`,`leida`) VALUES ('1169','Producto PASTILLAS FRENO NS 200 TRASERAS bajo mínimo! Stock actual: 4','nose','2025-06-18 11:11:59','0');
INSERT INTO `notificaciones` (`id`,`mensaje`,`descripcion`,`fecha`,`leida`) VALUES ('1170','Producto PASTILLAS FRENO PULSAR 180 bajo mínimo! Stock actual: 4','nose','2025-06-18 11:11:59','0');
INSERT INTO `notificaciones` (`id`,`mensaje`,`descripcion`,`fecha`,`leida`) VALUES ('1171','Producto PASTILLAS FRENO BWS 125 MV bajo mínimo! Stock actual: 6','nose','2025-06-18 11:11:59','0');
INSERT INTO `notificaciones` (`id`,`mensaje`,`descripcion`,`fecha`,`leida`) VALUES ('1172','Producto PASTILLA FRENO CRIPTON 115  JAPAN bajo mínimo! Stock actual: 4','nose','2025-06-18 11:11:59','0');
INSERT INTO `notificaciones` (`id`,`mensaje`,`descripcion`,`fecha`,`leida`) VALUES ('1173','Producto PASTILLAS FRENO BWS X 125 bajo mínimo! Stock actual: 5','nose','2025-06-18 11:11:59','0');
INSERT INTO `notificaciones` (`id`,`mensaje`,`descripcion`,`fecha`,`leida`) VALUES ('1174','Producto PASTILLA FRENO RTX 150 TRASERAS JAPAN bajo mínimo! Stock actual: 2','nose','2025-06-18 11:11:59','0');
INSERT INTO `notificaciones` (`id`,`mensaje`,`descripcion`,`fecha`,`leida`) VALUES ('1175','Producto PASTILLA FRENO NS 200 TRASERAS bajo mínimo! Stock actual: 4','nose','2025-06-18 11:11:59','0');
INSERT INTO `notificaciones` (`id`,`mensaje`,`descripcion`,`fecha`,`leida`) VALUES ('1176','Producto PEDAL CAMBIOS DISCOVER ST 125/150 VITRIX 9903 bajo mínimo! Stock actual: 3','nose','2025-06-18 11:11:59','0');
INSERT INTO `notificaciones` (`id`,`mensaje`,`descripcion`,`fecha`,`leida`) VALUES ('1177','Producto Kit biela   best 125 vitrix bajo mínimo! Stock actual: 2','nose','2025-06-18 11:11:59','0');
INSERT INTO `notificaciones` (`id`,`mensaje`,`descripcion`,`fecha`,`leida`) VALUES ('1178','Producto BALANCIN PULSAR 180UG/II/220/DISC 135 PASADOR bajo mínimo! Stock actual: 1','nose','2025-06-18 11:11:59','0');
INSERT INTO `notificaciones` (`id`,`mensaje`,`descripcion`,`fecha`,`leida`) VALUES ('1179','Producto MANIGUETA CLUTCH CB 110/ECO bajo mínimo! Stock actual: 6','nose','2025-06-18 11:12:00','1');
INSERT INTO `notificaciones` (`id`,`mensaje`,`descripcion`,`fecha`,`leida`) VALUES ('1180','Producto MANIGUETA FRENO BWS 125 bajo mínimo! Stock actual: 8','nose','2025-06-18 11:12:00','0');
INSERT INTO `notificaciones` (`id`,`mensaje`,`descripcion`,`fecha`,`leida`) VALUES ('1181','Producto MANIGUETA CLUTCH NS 200 PULSAR JAPAN bajo mínimo! Stock actual: 7','nose','2025-06-18 11:12:00','0');
INSERT INTO `notificaciones` (`id`,`mensaje`,`descripcion`,`fecha`,`leida`) VALUES ('1182','Producto MANIGUETA  FRENO XTZ 125  CROMADA JAPAN bajo mínimo! Stock actual: 5','nose','2025-06-18 11:12:00','0');
INSERT INTO `notificaciones` (`id`,`mensaje`,`descripcion`,`fecha`,`leida`) VALUES ('1183','Producto ANILLOS AKT TTR 150/EVO NE 150/ APACHE 160 2  bajo mínimo! Stock actual: 5','nose','2025-06-18 11:12:00','0');
INSERT INTO `notificaciones` (`id`,`mensaje`,`descripcion`,`fecha`,`leida`) VALUES ('1184','Producto BALANCIN CR4 162 JUEGO X 2 ADM/ESC VITRIX bajo mínimo! Stock actual: 2','nose','2025-06-18 11:12:00','0');
INSERT INTO `notificaciones` (`id`,`mensaje`,`descripcion`,`fecha`,`leida`) VALUES ('1185','Producto **PEDAL DE CRANK ECO 100 bajo mínimo! Stock actual: 2','nose','2025-06-18 11:12:00','0');
INSERT INTO `notificaciones` (`id`,`mensaje`,`descripcion`,`fecha`,`leida`) VALUES ('1186','Producto BALINERA 6204 2RS VITRIX PORTA PLATO GN/AKT E bajo mínimo! Stock actual: 6','nose','2025-06-18 11:12:00','0');
INSERT INTO `notificaciones` (`id`,`mensaje`,`descripcion`,`fecha`,`leida`) VALUES ('1187','Producto BALANCIN  CRIPTON 115 FI JUEGO X 2 ADMIS Y ES bajo mínimo! Stock actual: 4','nose','2025-06-18 11:12:00','0');
INSERT INTO `notificaciones` (`id`,`mensaje`,`descripcion`,`fecha`,`leida`) VALUES ('1188','Producto CADENILLA DISTRIBUCION XTZ125/YBR 125/LIBERO  bajo mínimo! Stock actual: 6','nose','2025-06-18 11:12:00','0');
INSERT INTO `notificaciones` (`id`,`mensaje`,`descripcion`,`fecha`,`leida`) VALUES ('1189','Producto **DIAFRAGMA BWS 125 COMPLETO VITRIX 990390703 bajo mínimo! Stock actual: 3','nose','2025-06-18 11:12:00','0');
INSERT INTO `notificaciones` (`id`,`mensaje`,`descripcion`,`fecha`,`leida`) VALUES ('1190','Producto CADENILLA DISTRIBUCION MRX 150/RTX150/BWS 125 bajo mínimo! Stock actual: 4','nose','2025-06-18 11:12:00','0');
INSERT INTO `notificaciones` (`id`,`mensaje`,`descripcion`,`fecha`,`leida`) VALUES ('1191','Producto BOMBA ACEITE AKT 110S/WAVE 100/110/ECO100/ VI bajo mínimo! Stock actual: 2','nose','2025-06-18 11:12:00','0');
INSERT INTO `notificaciones` (`id`,`mensaje`,`descripcion`,`fecha`,`leida`) VALUES ('1192','Producto BALANCIN BOXER CT100/BM100/PLATINO 100/110 BO bajo mínimo! Stock actual: 2','nose','2025-06-18 11:12:00','0');
INSERT INTO `notificaciones` (`id`,`mensaje`,`descripcion`,`fecha`,`leida`) VALUES ('1193','Producto CAPUCHON BUJIA GN125/GS 125/EN 125 VITRIX bajo mínimo! Stock actual: 6','nose','2025-06-18 11:12:00','0');
INSERT INTO `notificaciones` (`id`,`mensaje`,`descripcion`,`fecha`,`leida`) VALUES ('1194','Producto **PEDAL CAMBIOS PULSAR 180II/ BLACK TEC bajo mínimo! Stock actual: 2','nose','2025-06-18 11:12:00','0');
INSERT INTO `notificaciones` (`id`,`mensaje`,`descripcion`,`fecha`,`leida`) VALUES ('1195','Producto PEDAL CRANK FLEX 125 AKT VITRIX 9903907038316 bajo mínimo! Stock actual: 1','nose','2025-06-18 11:12:00','0');
INSERT INTO `notificaciones` (`id`,`mensaje`,`descripcion`,`fecha`,`leida`) VALUES ('1196','Producto ARBOL DE LEVAS PULSAR 135  VITRIX bajo mínimo! Stock actual: 1','nose','2025-06-18 11:12:00','0');
INSERT INTO `notificaciones` (`id`,`mensaje`,`descripcion`,`fecha`,`leida`) VALUES ('1197','Producto REFRIGUERANTE  BASE DE AGUA PETROBRAS bajo mínimo! Stock actual: 0','nose','2025-06-18 11:12:00','0');
INSERT INTO `notificaciones` (`id`,`mensaje`,`descripcion`,`fecha`,`leida`) VALUES ('1198','Producto **CAUCHOS CAMPANA GN 125/GS 125 VITRIX 990390 bajo mínimo! Stock actual: 4','nose','2025-06-18 11:12:00','0');
INSERT INTO `notificaciones` (`id`,`mensaje`,`descripcion`,`fecha`,`leida`) VALUES ('1199','Producto BALANCIN NKDR/TTR/125/150/EVO NE 125 JUEGO PO bajo mínimo! Stock actual: 4','nose','2025-06-18 11:12:00','0');
INSERT INTO `notificaciones` (`id`,`mensaje`,`descripcion`,`fecha`,`leida`) VALUES ('1200','Producto **PEDAL DE CRANK AGILITY 125 VITRIX 990390703 bajo mínimo! Stock actual: 1','nose','2025-06-18 11:12:00','0');
INSERT INTO `notificaciones` (`id`,`mensaje`,`descripcion`,`fecha`,`leida`) VALUES ('1201','Producto KIT CILINDRO CB 125 F VITRIX bajo mínimo! Stock actual: 1','nose','2025-06-18 11:12:00','0');
INSERT INTO `notificaciones` (`id`,`mensaje`,`descripcion`,`fecha`,`leida`) VALUES ('1202','Producto BALINERA6202 2RS VITRIX CAMPDTK/XTZ 125/DISCO bajo mínimo! Stock actual: 8','nose','2025-06-18 11:12:00','0');
INSERT INTO `notificaciones` (`id`,`mensaje`,`descripcion`,`fecha`,`leida`) VALUES ('1203','Producto BALANCIN FZ 16/ SZR JUEGO X 2 DMI Y ESC VITRI bajo mínimo! Stock actual: 4','nose','2025-06-18 11:12:00','0');
INSERT INTO `notificaciones` (`id`,`mensaje`,`descripcion`,`fecha`,`leida`) VALUES ('1204','Producto **PEDAL DE CAMBIOS PULSAR180 UG - PULSAR 200/ bajo mínimo! Stock actual: 3','nose','2025-06-18 11:12:00','0');
INSERT INTO `notificaciones` (`id`,`mensaje`,`descripcion`,`fecha`,`leida`) VALUES ('1205','Producto BALANCINES AKT DYNAMID 125 SCOOTER 125/150 JU bajo mínimo! Stock actual: 4','nose','2025-06-18 11:12:00','0');
INSERT INTO `notificaciones` (`id`,`mensaje`,`descripcion`,`fecha`,`leida`) VALUES ('1206','Producto KIT PISTON AKTT110/ACTIVE 110   O.50  VITRIX bajo mínimo! Stock actual: 2','nose','2025-06-18 11:12:00','0');
INSERT INTO `notificaciones` (`id`,`mensaje`,`descripcion`,`fecha`,`leida`) VALUES ('1207','Producto ARBOL LEVAS DISCOVER 100 S/BM 150/DISCOVER 12 bajo mínimo! Stock actual: 2','nose','2025-06-18 11:12:00','0');
INSERT INTO `notificaciones` (`id`,`mensaje`,`descripcion`,`fecha`,`leida`) VALUES ('1208','Producto AMORTIGUADOR YBR 125 SD TRASERO JUEGO X 2 VIT bajo mínimo! Stock actual: 4','nose','2025-06-18 11:12:00','0');
INSERT INTO `notificaciones` (`id`,`mensaje`,`descripcion`,`fecha`,`leida`) VALUES ('1209','Producto BALANCIN AGILITY 125 JUEGO X 2 ADMI Y ESC VIT bajo mínimo! Stock actual: 4','nose','2025-06-18 11:12:00','0');
INSERT INTO `notificaciones` (`id`,`mensaje`,`descripcion`,`fecha`,`leida`) VALUES ('1210','Producto ANILLOS BEST 125/VIVA 115/VIVAX 115 VITRIX bajo mínimo! Stock actual: 3','nose','2025-06-18 11:12:00','0');
INSERT INTO `notificaciones` (`id`,`mensaje`,`descripcion`,`fecha`,`leida`) VALUES ('1211','Producto BUJE PORTA PLATO CRIPTON 110/RX 115 VITRIX bajo mínimo! Stock actual: 8','nose','2025-06-18 11:12:00','0');
INSERT INTO `notificaciones` (`id`,`mensaje`,`descripcion`,`fecha`,`leida`) VALUES ('1212','Producto CDI YBR 125/XTZ125(2006-2008) VITRIX bajo mínimo! Stock actual: 2','nose','2025-06-18 11:12:00','0');
INSERT INTO `notificaciones` (`id`,`mensaje`,`descripcion`,`fecha`,`leida`) VALUES ('1213','Producto BALANCINES CR5/TTR180/TTX180/XM180/ JUEGO X 2 bajo mínimo! Stock actual: 2','nose','2025-06-18 11:12:00','0');
INSERT INTO `notificaciones` (`id`,`mensaje`,`descripcion`,`fecha`,`leida`) VALUES ('1214','Producto CDI LIBERO 125/YBR 125ESD VITRIX bajo mínimo! Stock actual: 1','nose','2025-06-18 11:12:00','0');
INSERT INTO `notificaciones` (`id`,`mensaje`,`descripcion`,`fecha`,`leida`) VALUES ('1215','Producto BALANCIN PULSAR 150 AS/150 NS JUEGO X2 ADMI Y bajo mínimo! Stock actual: 2','nose','2025-06-18 11:12:00','0');
INSERT INTO `notificaciones` (`id`,`mensaje`,`descripcion`,`fecha`,`leida`) VALUES ('1216','Producto BALANCIN PULSAR 125NSJUEGO X2 ADMI /ESC VITRI bajo mínimo! Stock actual: 2','nose','2025-06-18 11:12:00','0');
INSERT INTO `notificaciones` (`id`,`mensaje`,`descripcion`,`fecha`,`leida`) VALUES ('1217','Producto CARBURADOR NKD 125/SPORT S VITRIX bajo mínimo! Stock actual: 2','nose','2025-06-18 11:12:00','0');
INSERT INTO `notificaciones` (`id`,`mensaje`,`descripcion`,`fecha`,`leida`) VALUES ('1218','Producto **BARRA TELESCOPICA NKD/AKT 125SL /CG 125  JU bajo mínimo! Stock actual: 4','nose','2025-06-18 11:12:00','0');
INSERT INTO `notificaciones` (`id`,`mensaje`,`descripcion`,`fecha`,`leida`) VALUES ('1219','Producto CDI CRIPTON 110 VITRIX bajo mínimo! Stock actual: 2','nose','2025-06-18 11:12:00','0');
INSERT INTO `notificaciones` (`id`,`mensaje`,`descripcion`,`fecha`,`leida`) VALUES ('1220','Producto CLUTCH DE UNA VIA Y/O BENDIX BWS 125 VITRIX bajo mínimo! Stock actual: 3','nose','2025-06-18 11:12:00','0');
INSERT INTO `notificaciones` (`id`,`mensaje`,`descripcion`,`fecha`,`leida`) VALUES ('1221','Producto ACEITE CASTROL ACTEVO  20W 50 bajo mínimo! Stock actual: 0','nose','2025-06-18 11:12:00','0');
INSERT INTO `notificaciones` (`id`,`mensaje`,`descripcion`,`fecha`,`leida`) VALUES ('1222','Producto BALANCIN PULSAR NS 200 JUEGO X2 ADMISION Y ES bajo mínimo! Stock actual: 2','nose','2025-06-18 11:12:00','0');
INSERT INTO `notificaciones` (`id`,`mensaje`,`descripcion`,`fecha`,`leida`) VALUES ('1223','Producto VALVULINA MOTUL SCOOTER 80W 90 150 ML bajo mínimo! Stock actual: 0','nose','2025-06-18 11:12:00','0');
INSERT INTO `notificaciones` (`id`,`mensaje`,`descripcion`,`fecha`,`leida`) VALUES ('1224','Producto LUBRICANTE CADENA MOTUL  C4 bajo mínimo! Stock actual: 0','nose','2025-06-18 11:12:00','0');
INSERT INTO `notificaciones` (`id`,`mensaje`,`descripcion`,`fecha`,`leida`) VALUES ('1225','Producto ACEITE MOTUL 5100 15W 50 bajo mínimo! Stock actual: 0','nose','2025-06-18 11:12:00','0');
INSERT INTO `notificaciones` (`id`,`mensaje`,`descripcion`,`fecha`,`leida`) VALUES ('1226','Producto ACEITE MOTUL 7100 10W 40 bajo mínimo! Stock actual: 0','nose','2025-06-18 11:12:00','0');
INSERT INTO `notificaciones` (`id`,`mensaje`,`descripcion`,`fecha`,`leida`) VALUES ('1227','Producto ACEITE MOTUL 7100 10W 50 bajo mínimo! Stock actual: 0','nose','2025-06-18 11:12:00','0');
INSERT INTO `notificaciones` (`id`,`mensaje`,`descripcion`,`fecha`,`leida`) VALUES ('1228','Producto ACEITE MOTUL 7100 20W 50 bajo mínimo! Stock actual: 0','nose','2025-06-18 11:12:00','0');
INSERT INTO `notificaciones` (`id`,`mensaje`,`descripcion`,`fecha`,`leida`) VALUES ('1229','Producto ACEITE MOTUL 5100 20W 50 bajo mínimo! Stock actual: 0','nose','2025-06-18 11:12:00','0');
INSERT INTO `notificaciones` (`id`,`mensaje`,`descripcion`,`fecha`,`leida`) VALUES ('1230','Producto ACEITE MOTUL 5000 20W 50 bajo mínimo! Stock actual: 0','nose','2025-06-18 11:12:00','0');
INSERT INTO `notificaciones` (`id`,`mensaje`,`descripcion`,`fecha`,`leida`) VALUES ('1231','Producto ACEITE CASTROL POWER 20W50 4T bajo mínimo! Stock actual: 0','nose','2025-06-18 11:12:00','0');
INSERT INTO `notificaciones` (`id`,`mensaje`,`descripcion`,`fecha`,`leida`) VALUES ('1232','Producto HIDRAULICO MOBIL AW68 1/4 LUDESOL bajo mínimo! Stock actual: 0','nose','2025-06-18 11:12:00','0');
INSERT INTO `notificaciones` (`id`,`mensaje`,`descripcion`,`fecha`,`leida`) VALUES ('1233','Producto REFRIGERANTE STD 1/4 TERPEL VERDE LUDESOL bajo mínimo! Stock actual: 0','nose','2025-06-18 11:12:00','0');
INSERT INTO `notificaciones` (`id`,`mensaje`,`descripcion`,`fecha`,`leida`) VALUES ('1234','Producto ACEITE MOBIL  20W50 4T TAPA AMARILLA bajo mínimo! Stock actual: 0','nose','2025-06-18 11:12:00','0');
INSERT INTO `notificaciones` (`id`,`mensaje`,`descripcion`,`fecha`,`leida`) VALUES ('1235','Producto REFRIGERANTE MOBIL  1/4 COOLANT  CORROSION IN bajo mínimo! Stock actual: 0','nose','2025-06-18 11:12:00','1');
INSERT INTO `notificaciones` (`id`,`mensaje`,`descripcion`,`fecha`,`leida`) VALUES ('1236','Producto Banda de freno boxer/ japan 101014 bajo mínimo! Stock actual: 6','nose','2025-06-18 11:12:00','0');
INSERT INTO `notificaciones` (`id`,`mensaje`,`descripcion`,`fecha`,`leida`) VALUES ('1237','Producto LIQUIDO PARA FRENOS HIDRAULICOS DOT 3 240 ML bajo mínimo! Stock actual: 0','nose','2025-06-18 11:12:00','1');
INSERT INTO `notificaciones` (`id`,`mensaje`,`descripcion`,`fecha`,`leida`) VALUES ('1238','Producto ACEITE VALVOLINE 4T 20W50 PREMIUM bajo mínimo! Stock actual: 0','nose','2025-06-18 11:12:00','0');
INSERT INTO `notificaciones` (`id`,`mensaje`,`descripcion`,`fecha`,`leida`) VALUES ('1239','Producto ACEITE VALVOLINE 10W40 SEMISINTETICO bajo mínimo! Stock actual: 0','nose','2025-06-18 11:12:00','0');
INSERT INTO `notificaciones` (`id`,`mensaje`,`descripcion`,`fecha`,`leida`) VALUES ('1240','Producto ACEITE ENI 20W50 RIDE SPECIAL MA2 L bajo mínimo! Stock actual: 0','nose','2025-06-18 11:12:00','1');
INSERT INTO `notificaciones` (`id`,`mensaje`,`descripcion`,`fecha`,`leida`) VALUES ('1241','Producto MANIGUETA CLUTCH BOXER CT bajo mínimo! Stock actual: 8','nose','2025-06-19 07:36:23','0');
INSERT INTO `notificaciones` (`id`,`mensaje`,`descripcion`,`fecha`,`leida`) VALUES ('1242','Producto PALANCA CAMBIOS DISCOVER 100/XCD bajo mínimo! Stock actual: 3','nose','2025-06-19 07:36:23','0');
INSERT INTO `notificaciones` (`id`,`mensaje`,`descripcion`,`fecha`,`leida`) VALUES ('1243','Producto DIAFRAGMA CBF 125/150 CON CORTINA VITRIX 9903 bajo mínimo! Stock actual: 2','nose','2025-06-19 07:36:23','0');
INSERT INTO `notificaciones` (`id`,`mensaje`,`descripcion`,`fecha`,`leida`) VALUES ('1244','Producto MANIGUETA FRENO  BEST /KMX 125 JAPAN bajo mínimo! Stock actual: 5','nose','2025-06-19 07:36:23','0');
INSERT INTO `notificaciones` (`id`,`mensaje`,`descripcion`,`fecha`,`leida`) VALUES ('1245','Producto BALANCIN BOXER CT 102/DISC 125UG/PLATINO 125D bajo mínimo! Stock actual: 3','nose','2025-06-19 07:36:23','0');
INSERT INTO `notificaciones` (`id`,`mensaje`,`descripcion`,`fecha`,`leida`) VALUES ('1246','Producto **PEDAL FRENO AKT 110SPECIAL NV VITRIX 990390 bajo mínimo! Stock actual: 2','nose','2025-06-19 07:36:23','0');
INSERT INTO `notificaciones` (`id`,`mensaje`,`descripcion`,`fecha`,`leida`) VALUES ('1247','Producto BOMBA DE ACEITE PULSAR 135/XCD125/PLATINO 125 bajo mínimo! Stock actual: 3','nose','2025-06-19 07:36:23','0');
INSERT INTO `notificaciones` (`id`,`mensaje`,`descripcion`,`fecha`,`leida`) VALUES ('1248','Producto CADENILLA DISTRIBUCION PULSAR 150NS/AS 150 VI bajo mínimo! Stock actual: 5','nose','2025-06-19 07:36:23','0');
INSERT INTO `notificaciones` (`id`,`mensaje`,`descripcion`,`fecha`,`leida`) VALUES ('1249','Producto EJE CAMBIOS AX 100 bajo mínimo! Stock actual: 2','nose','2025-06-19 07:36:23','0');
INSERT INTO `notificaciones` (`id`,`mensaje`,`descripcion`,`fecha`,`leida`) VALUES ('1250','Producto PALANCA CAMBIOS BOXER CT 100 bajo mínimo! Stock actual: 5','nose','2025-06-19 07:36:23','0');
INSERT INTO `notificaciones` (`id`,`mensaje`,`descripcion`,`fecha`,`leida`) VALUES ('1251','Producto PALANCA CAMBIOS BEST 125 bajo mínimo! Stock actual: 5','nose','2025-06-19 07:36:23','0');
INSERT INTO `notificaciones` (`id`,`mensaje`,`descripcion`,`fecha`,`leida`) VALUES ('1252','Producto PALANCA CAMBIOS  CD 100 bajo mínimo! Stock actual: 3','nose','2025-06-19 07:36:23','0');
INSERT INTO `notificaciones` (`id`,`mensaje`,`descripcion`,`fecha`,`leida`) VALUES ('1253','Producto PALANCA CAMBIOS AKT 125 SL bajo mínimo! Stock actual: 2','nose','2025-06-19 07:36:23','0');
INSERT INTO `notificaciones` (`id`,`mensaje`,`descripcion`,`fecha`,`leida`) VALUES ('1254','Producto MANIGUETA FRENO XTZ125 / KMX CROMO JAPAN bajo mínimo! Stock actual: 5','nose','2025-06-19 07:36:23','0');
INSERT INTO `notificaciones` (`id`,`mensaje`,`descripcion`,`fecha`,`leida`) VALUES ('1255','Producto MANIGUETA FRENO BOXER-PLATINO JAPAN bajo mínimo! Stock actual: 6','nose','2025-06-19 07:36:23','0');
INSERT INTO `notificaciones` (`id`,`mensaje`,`descripcion`,`fecha`,`leida`) VALUES ('1256','Producto MANIGUETA CLUTCH AKT 125 bajo mínimo! Stock actual: 8','nose','2025-06-19 07:36:23','0');
INSERT INTO `notificaciones` (`id`,`mensaje`,`descripcion`,`fecha`,`leida`) VALUES ('1257','Producto MANIGUETA CLUTCH PULSAR 180 bajo mínimo! Stock actual: 4','nose','2025-06-19 07:36:23','0');
INSERT INTO `notificaciones` (`id`,`mensaje`,`descripcion`,`fecha`,`leida`) VALUES ('1258','Producto MANIGUETA FRENO VIVAX 115  FRENO BANDA JAPAN bajo mínimo! Stock actual: 3','nose','2025-06-19 07:36:23','0');
INSERT INTO `notificaciones` (`id`,`mensaje`,`descripcion`,`fecha`,`leida`) VALUES ('1259','Producto MANIGUETA CLUTCH GS 125 JAPAN bajo mínimo! Stock actual: 5','nose','2025-06-19 07:36:23','0');
INSERT INTO `notificaciones` (`id`,`mensaje`,`descripcion`,`fecha`,`leida`) VALUES ('1260','Producto MANIGUETA FRENO FZ 16 JAPAN bajo mínimo! Stock actual: 7','nose','2025-06-19 07:36:23','0');
INSERT INTO `notificaciones` (`id`,`mensaje`,`descripcion`,`fecha`,`leida`) VALUES ('1261','Producto MANIGUETA FRENO PULSAR UG/NS/GIXXER bajo mínimo! Stock actual: 8','nose','2025-06-19 07:36:23','0');
INSERT INTO `notificaciones` (`id`,`mensaje`,`descripcion`,`fecha`,`leida`) VALUES ('1262','Producto PASTILLAS FRENO TRASERAS XTZ 250 bajo mínimo! Stock actual: 6','nose','2025-06-19 07:36:23','0');
INSERT INTO `notificaciones` (`id`,`mensaje`,`descripcion`,`fecha`,`leida`) VALUES ('1263','Producto PASTILLAS FRENO AKT 110 JAPAN bajo mínimo! Stock actual: 9','nose','2025-06-19 07:36:23','0');
INSERT INTO `notificaciones` (`id`,`mensaje`,`descripcion`,`fecha`,`leida`) VALUES ('1264','Producto PASTILLAS FRENO NS 200 TRASERAS bajo mínimo! Stock actual: 4','nose','2025-06-19 07:36:23','0');
INSERT INTO `notificaciones` (`id`,`mensaje`,`descripcion`,`fecha`,`leida`) VALUES ('1265','Producto PASTILLAS FRENO PULSAR 180 bajo mínimo! Stock actual: 4','nose','2025-06-19 07:36:23','0');
INSERT INTO `notificaciones` (`id`,`mensaje`,`descripcion`,`fecha`,`leida`) VALUES ('1266','Producto PASTILLAS FRENO BWS 125 MV bajo mínimo! Stock actual: 6','nose','2025-06-19 07:36:23','0');
INSERT INTO `notificaciones` (`id`,`mensaje`,`descripcion`,`fecha`,`leida`) VALUES ('1267','Producto PASTILLA FRENO CRIPTON 115  JAPAN bajo mínimo! Stock actual: 4','nose','2025-06-19 07:36:23','0');
INSERT INTO `notificaciones` (`id`,`mensaje`,`descripcion`,`fecha`,`leida`) VALUES ('1268','Producto PASTILLAS FRENO BWS X 125 bajo mínimo! Stock actual: 5','nose','2025-06-19 07:36:23','0');
INSERT INTO `notificaciones` (`id`,`mensaje`,`descripcion`,`fecha`,`leida`) VALUES ('1269','Producto PASTILLA FRENO RTX 150 TRASERAS JAPAN bajo mínimo! Stock actual: 2','nose','2025-06-19 07:36:23','0');
INSERT INTO `notificaciones` (`id`,`mensaje`,`descripcion`,`fecha`,`leida`) VALUES ('1270','Producto PASTILLA FRENO NS 200 TRASERAS bajo mínimo! Stock actual: 4','nose','2025-06-19 07:36:23','0');
INSERT INTO `notificaciones` (`id`,`mensaje`,`descripcion`,`fecha`,`leida`) VALUES ('1271','Producto PEDAL CAMBIOS DISCOVER ST 125/150 VITRIX 9903 bajo mínimo! Stock actual: 3','nose','2025-06-19 07:36:23','0');
INSERT INTO `notificaciones` (`id`,`mensaje`,`descripcion`,`fecha`,`leida`) VALUES ('1272','Producto Kit biela   best 125 vitrix bajo mínimo! Stock actual: 2','nose','2025-06-19 07:36:23','0');
INSERT INTO `notificaciones` (`id`,`mensaje`,`descripcion`,`fecha`,`leida`) VALUES ('1273','Producto BALANCIN PULSAR 180UG/II/220/DISC 135 PASADOR bajo mínimo! Stock actual: 1','nose','2025-06-19 07:36:23','0');
INSERT INTO `notificaciones` (`id`,`mensaje`,`descripcion`,`fecha`,`leida`) VALUES ('1274','Producto MANIGUETA CLUTCH CB 110/ECO bajo mínimo! Stock actual: 6','nose','2025-06-19 07:36:23','0');
INSERT INTO `notificaciones` (`id`,`mensaje`,`descripcion`,`fecha`,`leida`) VALUES ('1275','Producto MANIGUETA FRENO BWS 125 bajo mínimo! Stock actual: 8','nose','2025-06-19 07:36:23','0');
INSERT INTO `notificaciones` (`id`,`mensaje`,`descripcion`,`fecha`,`leida`) VALUES ('1276','Producto MANIGUETA CLUTCH NS 200 PULSAR JAPAN bajo mínimo! Stock actual: 7','nose','2025-06-19 07:36:23','0');
INSERT INTO `notificaciones` (`id`,`mensaje`,`descripcion`,`fecha`,`leida`) VALUES ('1277','Producto MANIGUETA  FRENO XTZ 125  CROMADA JAPAN bajo mínimo! Stock actual: 5','nose','2025-06-19 07:36:23','0');
INSERT INTO `notificaciones` (`id`,`mensaje`,`descripcion`,`fecha`,`leida`) VALUES ('1278','Producto ANILLOS AKT TTR 150/EVO NE 150/ APACHE 160 2  bajo mínimo! Stock actual: 5','nose','2025-06-19 07:36:23','0');
INSERT INTO `notificaciones` (`id`,`mensaje`,`descripcion`,`fecha`,`leida`) VALUES ('1279','Producto BALANCIN CR4 162 JUEGO X 2 ADM/ESC VITRIX bajo mínimo! Stock actual: 2','nose','2025-06-19 07:36:23','0');
INSERT INTO `notificaciones` (`id`,`mensaje`,`descripcion`,`fecha`,`leida`) VALUES ('1280','Producto **PEDAL DE CRANK ECO 100 bajo mínimo! Stock actual: 2','nose','2025-06-19 07:36:23','1');
INSERT INTO `notificaciones` (`id`,`mensaje`,`descripcion`,`fecha`,`leida`) VALUES ('1281','Producto BALINERA 6204 2RS VITRIX PORTA PLATO GN/AKT E bajo mínimo! Stock actual: 6','nose','2025-06-19 07:36:23','1');
INSERT INTO `notificaciones` (`id`,`mensaje`,`descripcion`,`fecha`,`leida`) VALUES ('1282','Producto BALANCIN  CRIPTON 115 FI JUEGO X 2 ADMIS Y ES bajo mínimo! Stock actual: 4','nose','2025-06-19 07:36:23','1');
INSERT INTO `notificaciones` (`id`,`mensaje`,`descripcion`,`fecha`,`leida`) VALUES ('1283','Producto CADENILLA DISTRIBUCION XTZ125/YBR 125/LIBERO  bajo mínimo! Stock actual: 6','nose','2025-06-19 07:36:23','1');
INSERT INTO `notificaciones` (`id`,`mensaje`,`descripcion`,`fecha`,`leida`) VALUES ('1284','Producto **DIAFRAGMA BWS 125 COMPLETO VITRIX 990390703 bajo mínimo! Stock actual: 3','nose','2025-06-19 07:36:23','0');
INSERT INTO `notificaciones` (`id`,`mensaje`,`descripcion`,`fecha`,`leida`) VALUES ('1285','Producto CADENILLA DISTRIBUCION MRX 150/RTX150/BWS 125 bajo mínimo! Stock actual: 4','nose','2025-06-19 07:36:23','0');
INSERT INTO `notificaciones` (`id`,`mensaje`,`descripcion`,`fecha`,`leida`) VALUES ('1286','Producto BOMBA ACEITE AKT 110S/WAVE 100/110/ECO100/ VI bajo mínimo! Stock actual: 2','nose','2025-06-19 07:36:23','0');
INSERT INTO `notificaciones` (`id`,`mensaje`,`descripcion`,`fecha`,`leida`) VALUES ('1287','Producto BALANCIN BOXER CT100/BM100/PLATINO 100/110 BO bajo mínimo! Stock actual: 2','nose','2025-06-19 07:36:23','0');
INSERT INTO `notificaciones` (`id`,`mensaje`,`descripcion`,`fecha`,`leida`) VALUES ('1288','Producto CAPUCHON BUJIA GN125/GS 125/EN 125 VITRIX bajo mínimo! Stock actual: 6','nose','2025-06-19 07:36:23','0');
INSERT INTO `notificaciones` (`id`,`mensaje`,`descripcion`,`fecha`,`leida`) VALUES ('1289','Producto **PEDAL CAMBIOS PULSAR 180II/ BLACK TEC bajo mínimo! Stock actual: 2','nose','2025-06-19 07:36:23','0');
INSERT INTO `notificaciones` (`id`,`mensaje`,`descripcion`,`fecha`,`leida`) VALUES ('1290','Producto PEDAL CRANK FLEX 125 AKT VITRIX 9903907038316 bajo mínimo! Stock actual: 1','nose','2025-06-19 07:36:23','0');
INSERT INTO `notificaciones` (`id`,`mensaje`,`descripcion`,`fecha`,`leida`) VALUES ('1291','Producto ARBOL DE LEVAS PULSAR 135  VITRIX bajo mínimo! Stock actual: 1','nose','2025-06-19 07:36:23','0');
INSERT INTO `notificaciones` (`id`,`mensaje`,`descripcion`,`fecha`,`leida`) VALUES ('1292','Producto REFRIGUERANTE  BASE DE AGUA PETROBRAS bajo mínimo! Stock actual: 4','nose','2025-06-19 07:36:23','0');
INSERT INTO `notificaciones` (`id`,`mensaje`,`descripcion`,`fecha`,`leida`) VALUES ('1293','Producto **CAUCHOS CAMPANA GN 125/GS 125 VITRIX 990390 bajo mínimo! Stock actual: 4','nose','2025-06-19 07:36:23','0');
INSERT INTO `notificaciones` (`id`,`mensaje`,`descripcion`,`fecha`,`leida`) VALUES ('1294','Producto BALANCIN NKDR/TTR/125/150/EVO NE 125 JUEGO PO bajo mínimo! Stock actual: 4','nose','2025-06-19 07:36:23','0');
INSERT INTO `notificaciones` (`id`,`mensaje`,`descripcion`,`fecha`,`leida`) VALUES ('1295','Producto **PEDAL DE CRANK AGILITY 125 VITRIX 990390703 bajo mínimo! Stock actual: 1','nose','2025-06-19 07:36:23','0');
INSERT INTO `notificaciones` (`id`,`mensaje`,`descripcion`,`fecha`,`leida`) VALUES ('1296','Producto KIT CILINDRO CB 125 F VITRIX bajo mínimo! Stock actual: 1','nose','2025-06-19 07:36:23','0');
INSERT INTO `notificaciones` (`id`,`mensaje`,`descripcion`,`fecha`,`leida`) VALUES ('1297','Producto BALINERA6202 2RS VITRIX CAMPDTK/XTZ 125/DISCO bajo mínimo! Stock actual: 8','nose','2025-06-19 07:36:23','0');
INSERT INTO `notificaciones` (`id`,`mensaje`,`descripcion`,`fecha`,`leida`) VALUES ('1298','Producto BALANCIN FZ 16/ SZR JUEGO X 2 DMI Y ESC VITRI bajo mínimo! Stock actual: 4','nose','2025-06-19 07:36:23','0');
INSERT INTO `notificaciones` (`id`,`mensaje`,`descripcion`,`fecha`,`leida`) VALUES ('1299','Producto **PEDAL DE CAMBIOS PULSAR180 UG - PULSAR 200/ bajo mínimo! Stock actual: 3','nose','2025-06-19 07:36:23','0');
INSERT INTO `notificaciones` (`id`,`mensaje`,`descripcion`,`fecha`,`leida`) VALUES ('1300','Producto BALANCINES AKT DYNAMID 125 SCOOTER 125/150 JU bajo mínimo! Stock actual: 4','nose','2025-06-19 07:36:23','0');
INSERT INTO `notificaciones` (`id`,`mensaje`,`descripcion`,`fecha`,`leida`) VALUES ('1301','Producto KIT PISTON AKTT110/ACTIVE 110   O.50  VITRIX bajo mínimo! Stock actual: 2','nose','2025-06-19 07:36:23','0');
INSERT INTO `notificaciones` (`id`,`mensaje`,`descripcion`,`fecha`,`leida`) VALUES ('1302','Producto ARBOL LEVAS DISCOVER 100 S/BM 150/DISCOVER 12 bajo mínimo! Stock actual: 2','nose','2025-06-19 07:36:23','0');
INSERT INTO `notificaciones` (`id`,`mensaje`,`descripcion`,`fecha`,`leida`) VALUES ('1303','Producto AMORTIGUADOR YBR 125 SD TRASERO JUEGO X 2 VIT bajo mínimo! Stock actual: 4','nose','2025-06-19 07:36:23','0');
INSERT INTO `notificaciones` (`id`,`mensaje`,`descripcion`,`fecha`,`leida`) VALUES ('1304','Producto BALANCIN AGILITY 125 JUEGO X 2 ADMI Y ESC VIT bajo mínimo! Stock actual: 4','nose','2025-06-19 07:36:23','0');
INSERT INTO `notificaciones` (`id`,`mensaje`,`descripcion`,`fecha`,`leida`) VALUES ('1305','Producto ANILLOS BEST 125/VIVA 115/VIVAX 115 VITRIX bajo mínimo! Stock actual: 3','nose','2025-06-19 07:36:23','0');
INSERT INTO `notificaciones` (`id`,`mensaje`,`descripcion`,`fecha`,`leida`) VALUES ('1306','Producto BUJE PORTA PLATO CRIPTON 110/RX 115 VITRIX bajo mínimo! Stock actual: 8','nose','2025-06-19 07:36:23','0');
INSERT INTO `notificaciones` (`id`,`mensaje`,`descripcion`,`fecha`,`leida`) VALUES ('1307','Producto CDI YBR 125/XTZ125(2006-2008) VITRIX bajo mínimo! Stock actual: 2','nose','2025-06-19 07:36:23','0');
INSERT INTO `notificaciones` (`id`,`mensaje`,`descripcion`,`fecha`,`leida`) VALUES ('1308','Producto BALANCINES CR5/TTR180/TTX180/XM180/ JUEGO X 2 bajo mínimo! Stock actual: 2','nose','2025-06-19 07:36:23','0');
INSERT INTO `notificaciones` (`id`,`mensaje`,`descripcion`,`fecha`,`leida`) VALUES ('1309','Producto CDI LIBERO 125/YBR 125ESD VITRIX bajo mínimo! Stock actual: 1','nose','2025-06-19 07:36:23','0');
INSERT INTO `notificaciones` (`id`,`mensaje`,`descripcion`,`fecha`,`leida`) VALUES ('1310','Producto BALANCIN PULSAR 150 AS/150 NS JUEGO X2 ADMI Y bajo mínimo! Stock actual: 2','nose','2025-06-19 07:36:23','0');
INSERT INTO `notificaciones` (`id`,`mensaje`,`descripcion`,`fecha`,`leida`) VALUES ('1311','Producto BALANCIN PULSAR 125NSJUEGO X2 ADMI /ESC VITRI bajo mínimo! Stock actual: 2','nose','2025-06-19 07:36:23','0');
INSERT INTO `notificaciones` (`id`,`mensaje`,`descripcion`,`fecha`,`leida`) VALUES ('1312','Producto CARBURADOR NKD 125/SPORT S VITRIX bajo mínimo! Stock actual: 2','nose','2025-06-19 07:36:23','0');
INSERT INTO `notificaciones` (`id`,`mensaje`,`descripcion`,`fecha`,`leida`) VALUES ('1313','Producto **BARRA TELESCOPICA NKD/AKT 125SL /CG 125 JU bajo mínimo! Stock actual: 4','nose','2025-06-19 07:36:23','0');
INSERT INTO `notificaciones` (`id`,`mensaje`,`descripcion`,`fecha`,`leida`) VALUES ('1314','Producto CDI CRIPTON 110 VITRIX bajo mínimo! Stock actual: 2','nose','2025-06-19 07:36:23','0');
INSERT INTO `notificaciones` (`id`,`mensaje`,`descripcion`,`fecha`,`leida`) VALUES ('1315','Producto CLUTCH DE UNA VIA Y/O BENDIX BWS 125 VITRIX bajo mínimo! Stock actual: 3','nose','2025-06-19 07:36:23','0');
INSERT INTO `notificaciones` (`id`,`mensaje`,`descripcion`,`fecha`,`leida`) VALUES ('1316','Producto ACEITE CASTROL ACTEVO  20W 50 bajo mínimo! Stock actual: 0','nose','2025-06-19 07:36:23','0');
INSERT INTO `notificaciones` (`id`,`mensaje`,`descripcion`,`fecha`,`leida`) VALUES ('1317','Producto BALANCIN PULSAR NS 200 JUEGO X2 ADMISION Y ES bajo mínimo! Stock actual: 2','nose','2025-06-19 07:36:23','0');
INSERT INTO `notificaciones` (`id`,`mensaje`,`descripcion`,`fecha`,`leida`) VALUES ('1318','Producto VALVULINA MOTUL SCOOTER 80W 90 150 ML bajo mínimo! Stock actual: 0','nose','2025-06-19 07:36:23','0');
INSERT INTO `notificaciones` (`id`,`mensaje`,`descripcion`,`fecha`,`leida`) VALUES ('1319','Producto LUBRICANTE CADENA MOTUL  C4 bajo mínimo! Stock actual: 0','nose','2025-06-19 07:36:23','0');
INSERT INTO `notificaciones` (`id`,`mensaje`,`descripcion`,`fecha`,`leida`) VALUES ('1320','Producto ACEITE MOTUL 5100 15W 50 bajo mínimo! Stock actual: 0','nose','2025-06-19 07:36:23','0');
INSERT INTO `notificaciones` (`id`,`mensaje`,`descripcion`,`fecha`,`leida`) VALUES ('1321','Producto ACEITE MOTUL 7100 10W 40 bajo mínimo! Stock actual: 0','nose','2025-06-19 07:36:23','0');
INSERT INTO `notificaciones` (`id`,`mensaje`,`descripcion`,`fecha`,`leida`) VALUES ('1322','Producto ACEITE MOTUL 7100 10W 50 bajo mínimo! Stock actual: 0','nose','2025-06-19 07:36:23','0');
INSERT INTO `notificaciones` (`id`,`mensaje`,`descripcion`,`fecha`,`leida`) VALUES ('1323','Producto ACEITE MOTUL 7100 20W 50 bajo mínimo! Stock actual: 0','nose','2025-06-19 07:36:23','0');
INSERT INTO `notificaciones` (`id`,`mensaje`,`descripcion`,`fecha`,`leida`) VALUES ('1324','Producto ACEITE MOTUL 5100 20W 50 bajo mínimo! Stock actual: 0','nose','2025-06-19 07:36:23','0');
INSERT INTO `notificaciones` (`id`,`mensaje`,`descripcion`,`fecha`,`leida`) VALUES ('1325','Producto ACEITE MOTUL 5000 20W 50 bajo mínimo! Stock actual: 0','nose','2025-06-19 07:36:23','0');
INSERT INTO `notificaciones` (`id`,`mensaje`,`descripcion`,`fecha`,`leida`) VALUES ('1326','Producto ACEITE CASTROL POWER 20W50 4T bajo mínimo! Stock actual: 0','nose','2025-06-19 07:36:23','0');
INSERT INTO `notificaciones` (`id`,`mensaje`,`descripcion`,`fecha`,`leida`) VALUES ('1327','Producto HIDRAULICO MOBIL AW68 1/4 LUDESOL bajo mínimo! Stock actual: 0','nose','2025-06-19 07:36:23','0');
INSERT INTO `notificaciones` (`id`,`mensaje`,`descripcion`,`fecha`,`leida`) VALUES ('1328','Producto REFRIGERANTE STD 1/4 TERPEL VERDE LUDESOL bajo mínimo! Stock actual: 0','nose','2025-06-19 07:36:23','0');
INSERT INTO `notificaciones` (`id`,`mensaje`,`descripcion`,`fecha`,`leida`) VALUES ('1329','Producto ACEITE MOBIL  20W50 4T TAPA AMARILLA bajo mínimo! Stock actual: 0','nose','2025-06-19 07:36:23','0');
INSERT INTO `notificaciones` (`id`,`mensaje`,`descripcion`,`fecha`,`leida`) VALUES ('1330','Producto REFRIGERANTE MOBIL  1/4 COOLANT  CORROSION IN bajo mínimo! Stock actual: 8','nose','2025-06-19 07:36:23','0');
INSERT INTO `notificaciones` (`id`,`mensaje`,`descripcion`,`fecha`,`leida`) VALUES ('1331','Producto Banda de freno boxer/ japan 101014 bajo mínimo! Stock actual: 6','nose','2025-06-19 07:36:23','0');
INSERT INTO `notificaciones` (`id`,`mensaje`,`descripcion`,`fecha`,`leida`) VALUES ('1332','Producto LIQUIDO PARA FRENOS HIDRAULICOS DOT 3 240 ML bajo mínimo! Stock actual: 0','nose','2025-06-19 07:36:23','0');
INSERT INTO `notificaciones` (`id`,`mensaje`,`descripcion`,`fecha`,`leida`) VALUES ('1333','Producto ACEITE VALVOLINE 4T 20W50 PREMIUM bajo mínimo! Stock actual: 0','nose','2025-06-19 07:36:23','0');
INSERT INTO `notificaciones` (`id`,`mensaje`,`descripcion`,`fecha`,`leida`) VALUES ('1334','Producto ACEITE VALVOLINE 10W40 SEMISINTETICO bajo mínimo! Stock actual: 0','nose','2025-06-19 07:36:23','0');
INSERT INTO `notificaciones` (`id`,`mensaje`,`descripcion`,`fecha`,`leida`) VALUES ('1335','Producto ACEITE ENI 20W50 RIDE SPECIAL MA2 L bajo mínimo! Stock actual: 0','nose','2025-06-19 07:36:23','0');
INSERT INTO `notificaciones` (`id`,`mensaje`,`descripcion`,`fecha`,`leida`) VALUES ('1336','Producto MANIGUETA CLUTCH BOXER CT bajo mínimo! Stock actual: 7','nose','2025-06-19 19:52:03','0');
INSERT INTO `notificaciones` (`id`,`mensaje`,`descripcion`,`fecha`,`leida`) VALUES ('1337','Producto PALANCA CAMBIOS DISCOVER 100/XCD bajo mínimo! Stock actual: 3','nose','2025-06-19 19:52:03','0');
INSERT INTO `notificaciones` (`id`,`mensaje`,`descripcion`,`fecha`,`leida`) VALUES ('1338','Producto DIAFRAGMA CBF 125/150 CON CORTINA VITRIX 9903 bajo mínimo! Stock actual: 2','nose','2025-06-19 19:52:03','0');
INSERT INTO `notificaciones` (`id`,`mensaje`,`descripcion`,`fecha`,`leida`) VALUES ('1339','Producto MANIGUETA FRENO  BEST /KMX 125 JAPAN bajo mínimo! Stock actual: 5','nose','2025-06-19 19:52:03','0');
INSERT INTO `notificaciones` (`id`,`mensaje`,`descripcion`,`fecha`,`leida`) VALUES ('1340','Producto BALANCIN BOXER CT 102/DISC 125UG/PLATINO 125D bajo mínimo! Stock actual: 3','nose','2025-06-19 19:52:03','0');
INSERT INTO `notificaciones` (`id`,`mensaje`,`descripcion`,`fecha`,`leida`) VALUES ('1341','Producto **PEDAL FRENO AKT 110SPECIAL NV VITRIX 990390 bajo mínimo! Stock actual: 2','nose','2025-06-19 19:52:03','0');
INSERT INTO `notificaciones` (`id`,`mensaje`,`descripcion`,`fecha`,`leida`) VALUES ('1342','Producto BOMBA DE ACEITE PULSAR 135/XCD125/PLATINO 125 bajo mínimo! Stock actual: 3','nose','2025-06-19 19:52:03','0');
INSERT INTO `notificaciones` (`id`,`mensaje`,`descripcion`,`fecha`,`leida`) VALUES ('1343','Producto CADENILLA DISTRIBUCION PULSAR 150NS/AS 150 VI bajo mínimo! Stock actual: 5','nose','2025-06-19 19:52:03','0');
INSERT INTO `notificaciones` (`id`,`mensaje`,`descripcion`,`fecha`,`leida`) VALUES ('1344','Producto EJE CAMBIOS AX 100 bajo mínimo! Stock actual: 2','nose','2025-06-19 19:52:03','0');
INSERT INTO `notificaciones` (`id`,`mensaje`,`descripcion`,`fecha`,`leida`) VALUES ('1345','Producto PALANCA CAMBIOS BOXER CT 100 bajo mínimo! Stock actual: 5','nose','2025-06-19 19:52:03','0');
INSERT INTO `notificaciones` (`id`,`mensaje`,`descripcion`,`fecha`,`leida`) VALUES ('1346','Producto PALANCA CAMBIOS BEST 125 bajo mínimo! Stock actual: 5','nose','2025-06-19 19:52:03','0');
INSERT INTO `notificaciones` (`id`,`mensaje`,`descripcion`,`fecha`,`leida`) VALUES ('1347','Producto PALANCA CAMBIOS  CD 100 bajo mínimo! Stock actual: 3','nose','2025-06-19 19:52:03','0');
INSERT INTO `notificaciones` (`id`,`mensaje`,`descripcion`,`fecha`,`leida`) VALUES ('1348','Producto PALANCA CAMBIOS AKT 125 SL bajo mínimo! Stock actual: 2','nose','2025-06-19 19:52:03','0');
INSERT INTO `notificaciones` (`id`,`mensaje`,`descripcion`,`fecha`,`leida`) VALUES ('1349','Producto MANIGUETA FRENO XTZ125 / KMX CROMO JAPAN bajo mínimo! Stock actual: 5','nose','2025-06-19 19:52:03','0');
INSERT INTO `notificaciones` (`id`,`mensaje`,`descripcion`,`fecha`,`leida`) VALUES ('1350','Producto MANIGUETA FRENO BOXER-PLATINO JAPAN bajo mínimo! Stock actual: 6','nose','2025-06-19 19:52:03','0');
INSERT INTO `notificaciones` (`id`,`mensaje`,`descripcion`,`fecha`,`leida`) VALUES ('1351','Producto MANIGUETA CLUTCH AKT 125 bajo mínimo! Stock actual: 8','nose','2025-06-19 19:52:03','0');
INSERT INTO `notificaciones` (`id`,`mensaje`,`descripcion`,`fecha`,`leida`) VALUES ('1352','Producto MANIGUETA CLUTCH PULSAR 180 bajo mínimo! Stock actual: 4','nose','2025-06-19 19:52:03','0');
INSERT INTO `notificaciones` (`id`,`mensaje`,`descripcion`,`fecha`,`leida`) VALUES ('1353','Producto MANIGUETA FRENO VIVAX 115  FRENO BANDA JAPAN bajo mínimo! Stock actual: 3','nose','2025-06-19 19:52:03','0');
INSERT INTO `notificaciones` (`id`,`mensaje`,`descripcion`,`fecha`,`leida`) VALUES ('1354','Producto MANIGUETA CLUTCH GS 125 JAPAN bajo mínimo! Stock actual: 5','nose','2025-06-19 19:52:03','0');
INSERT INTO `notificaciones` (`id`,`mensaje`,`descripcion`,`fecha`,`leida`) VALUES ('1355','Producto MANIGUETA FRENO FZ 16 JAPAN bajo mínimo! Stock actual: 7','nose','2025-06-19 19:52:03','0');
INSERT INTO `notificaciones` (`id`,`mensaje`,`descripcion`,`fecha`,`leida`) VALUES ('1356','Producto MANIGUETA FRENO PULSAR UG/NS/GIXXER bajo mínimo! Stock actual: 8','nose','2025-06-19 19:52:03','0');
INSERT INTO `notificaciones` (`id`,`mensaje`,`descripcion`,`fecha`,`leida`) VALUES ('1357','Producto PASTILLAS FRENO TRASERAS XTZ 250 bajo mínimo! Stock actual: 6','nose','2025-06-19 19:52:03','0');
INSERT INTO `notificaciones` (`id`,`mensaje`,`descripcion`,`fecha`,`leida`) VALUES ('1358','Producto PASTILLAS FRENO AKT 110 JAPAN bajo mínimo! Stock actual: 9','nose','2025-06-19 19:52:03','0');
INSERT INTO `notificaciones` (`id`,`mensaje`,`descripcion`,`fecha`,`leida`) VALUES ('1359','Producto PASTILLAS FRENO NS 200 TRASERAS bajo mínimo! Stock actual: 4','nose','2025-06-19 19:52:03','0');
INSERT INTO `notificaciones` (`id`,`mensaje`,`descripcion`,`fecha`,`leida`) VALUES ('1360','Producto PASTILLAS FRENO PULSAR 180 bajo mínimo! Stock actual: 4','nose','2025-06-19 19:52:03','0');
INSERT INTO `notificaciones` (`id`,`mensaje`,`descripcion`,`fecha`,`leida`) VALUES ('1361','Producto PASTILLAS FRENO BWS 125 MV bajo mínimo! Stock actual: 6','nose','2025-06-19 19:52:03','0');
INSERT INTO `notificaciones` (`id`,`mensaje`,`descripcion`,`fecha`,`leida`) VALUES ('1362','Producto PASTILLA FRENO CRIPTON 115  JAPAN bajo mínimo! Stock actual: 4','nose','2025-06-19 19:52:03','0');
INSERT INTO `notificaciones` (`id`,`mensaje`,`descripcion`,`fecha`,`leida`) VALUES ('1363','Producto PASTILLAS FRENO BWS X 125 bajo mínimo! Stock actual: 5','nose','2025-06-19 19:52:03','0');
INSERT INTO `notificaciones` (`id`,`mensaje`,`descripcion`,`fecha`,`leida`) VALUES ('1364','Producto PASTILLA FRENO RTX 150 TRASERAS JAPAN bajo mínimo! Stock actual: 2','nose','2025-06-19 19:52:03','0');
INSERT INTO `notificaciones` (`id`,`mensaje`,`descripcion`,`fecha`,`leida`) VALUES ('1365','Producto PASTILLA FRENO NS 200 TRASERAS bajo mínimo! Stock actual: 4','nose','2025-06-19 19:52:03','0');
INSERT INTO `notificaciones` (`id`,`mensaje`,`descripcion`,`fecha`,`leida`) VALUES ('1366','Producto PEDAL CAMBIOS DISCOVER ST 125/150 VITRIX 9903 bajo mínimo! Stock actual: 3','nose','2025-06-19 19:52:03','0');
INSERT INTO `notificaciones` (`id`,`mensaje`,`descripcion`,`fecha`,`leida`) VALUES ('1367','Producto Kit biela   best 125 vitrix bajo mínimo! Stock actual: 2','nose','2025-06-19 19:52:03','0');
INSERT INTO `notificaciones` (`id`,`mensaje`,`descripcion`,`fecha`,`leida`) VALUES ('1368','Producto BALANCIN PULSAR 180UG/II/220/DISC 135 PASADOR bajo mínimo! Stock actual: 1','nose','2025-06-19 19:52:03','0');
INSERT INTO `notificaciones` (`id`,`mensaje`,`descripcion`,`fecha`,`leida`) VALUES ('1369','Producto MANIGUETA CLUTCH CB 110/ECO bajo mínimo! Stock actual: 6','nose','2025-06-19 19:52:03','0');
INSERT INTO `notificaciones` (`id`,`mensaje`,`descripcion`,`fecha`,`leida`) VALUES ('1370','Producto MANIGUETA FRENO BWS 125 bajo mínimo! Stock actual: 8','nose','2025-06-19 19:52:03','0');
INSERT INTO `notificaciones` (`id`,`mensaje`,`descripcion`,`fecha`,`leida`) VALUES ('1371','Producto MANIGUETA CLUTCH NS 200 PULSAR JAPAN bajo mínimo! Stock actual: 7','nose','2025-06-19 19:52:03','0');
INSERT INTO `notificaciones` (`id`,`mensaje`,`descripcion`,`fecha`,`leida`) VALUES ('1372','Producto MANIGUETA  FRENO XTZ 125  CROMADA JAPAN bajo mínimo! Stock actual: 5','nose','2025-06-19 19:52:03','0');
INSERT INTO `notificaciones` (`id`,`mensaje`,`descripcion`,`fecha`,`leida`) VALUES ('1373','Producto ANILLOS AKT TTR 150/EVO NE 150/ APACHE 160 2  bajo mínimo! Stock actual: 5','nose','2025-06-19 19:52:03','0');
INSERT INTO `notificaciones` (`id`,`mensaje`,`descripcion`,`fecha`,`leida`) VALUES ('1374','Producto BALANCIN CR4 162 JUEGO X 2 ADM/ESC VITRIX bajo mínimo! Stock actual: 2','nose','2025-06-19 19:52:03','0');
INSERT INTO `notificaciones` (`id`,`mensaje`,`descripcion`,`fecha`,`leida`) VALUES ('1375','Producto **PEDAL DE CRANK ECO 100 bajo mínimo! Stock actual: 2','nose','2025-06-19 19:52:03','0');
INSERT INTO `notificaciones` (`id`,`mensaje`,`descripcion`,`fecha`,`leida`) VALUES ('1376','Producto BALINERA 6204 2RS VITRIX PORTA PLATO GN/AKT E bajo mínimo! Stock actual: 6','nose','2025-06-19 19:52:03','0');
INSERT INTO `notificaciones` (`id`,`mensaje`,`descripcion`,`fecha`,`leida`) VALUES ('1377','Producto BALANCIN  CRIPTON 115 FI JUEGO X 2 ADMIS Y ES bajo mínimo! Stock actual: 4','nose','2025-06-19 19:52:03','0');
INSERT INTO `notificaciones` (`id`,`mensaje`,`descripcion`,`fecha`,`leida`) VALUES ('1378','Producto CADENILLA DISTRIBUCION XTZ125/YBR 125/LIBERO  bajo mínimo! Stock actual: 6','nose','2025-06-19 19:52:03','0');
INSERT INTO `notificaciones` (`id`,`mensaje`,`descripcion`,`fecha`,`leida`) VALUES ('1379','Producto **DIAFRAGMA BWS 125 COMPLETO VITRIX 990390703 bajo mínimo! Stock actual: 3','nose','2025-06-19 19:52:03','0');
INSERT INTO `notificaciones` (`id`,`mensaje`,`descripcion`,`fecha`,`leida`) VALUES ('1380','Producto CADENILLA DISTRIBUCION MRX 150/RTX150/BWS 125 bajo mínimo! Stock actual: 4','nose','2025-06-19 19:52:03','0');
INSERT INTO `notificaciones` (`id`,`mensaje`,`descripcion`,`fecha`,`leida`) VALUES ('1381','Producto BOMBA ACEITE AKT 110S/WAVE 100/110/ECO100/ VI bajo mínimo! Stock actual: 2','nose','2025-06-19 19:52:03','0');
INSERT INTO `notificaciones` (`id`,`mensaje`,`descripcion`,`fecha`,`leida`) VALUES ('1382','Producto BALANCIN BOXER CT100/BM100/PLATINO 100/110 BO bajo mínimo! Stock actual: 2','nose','2025-06-19 19:52:03','0');
INSERT INTO `notificaciones` (`id`,`mensaje`,`descripcion`,`fecha`,`leida`) VALUES ('1383','Producto CAPUCHON BUJIA GN125/GS 125/EN 125 VITRIX bajo mínimo! Stock actual: 6','nose','2025-06-19 19:52:03','0');
INSERT INTO `notificaciones` (`id`,`mensaje`,`descripcion`,`fecha`,`leida`) VALUES ('1384','Producto **PEDAL CAMBIOS PULSAR 180II/ BLACK TEC bajo mínimo! Stock actual: 2','nose','2025-06-19 19:52:03','0');
INSERT INTO `notificaciones` (`id`,`mensaje`,`descripcion`,`fecha`,`leida`) VALUES ('1385','Producto PEDAL CRANK FLEX 125 AKT VITRIX 9903907038316 bajo mínimo! Stock actual: 1','nose','2025-06-19 19:52:03','0');
INSERT INTO `notificaciones` (`id`,`mensaje`,`descripcion`,`fecha`,`leida`) VALUES ('1386','Producto ARBOL DE LEVAS PULSAR 135  VITRIX bajo mínimo! Stock actual: 1','nose','2025-06-19 19:52:03','0');
INSERT INTO `notificaciones` (`id`,`mensaje`,`descripcion`,`fecha`,`leida`) VALUES ('1387','Producto REFRIGUERANTE  BASE DE AGUA PETROBRAS bajo mínimo! Stock actual: 4','nose','2025-06-19 19:52:03','0');
INSERT INTO `notificaciones` (`id`,`mensaje`,`descripcion`,`fecha`,`leida`) VALUES ('1388','Producto **CAUCHOS CAMPANA GN 125/GS 125 VITRIX 990390 bajo mínimo! Stock actual: 4','nose','2025-06-19 19:52:03','0');
INSERT INTO `notificaciones` (`id`,`mensaje`,`descripcion`,`fecha`,`leida`) VALUES ('1389','Producto BALANCIN NKDR/TTR/125/150/EVO NE 125 JUEGO PO bajo mínimo! Stock actual: 4','nose','2025-06-19 19:52:03','0');
INSERT INTO `notificaciones` (`id`,`mensaje`,`descripcion`,`fecha`,`leida`) VALUES ('1390','Producto **PEDAL DE CRANK AGILITY 125 VITRIX 990390703 bajo mínimo! Stock actual: 1','nose','2025-06-19 19:52:03','0');
INSERT INTO `notificaciones` (`id`,`mensaje`,`descripcion`,`fecha`,`leida`) VALUES ('1391','Producto KIT CILINDRO CB 125 F VITRIX bajo mínimo! Stock actual: 1','nose','2025-06-19 19:52:03','0');
INSERT INTO `notificaciones` (`id`,`mensaje`,`descripcion`,`fecha`,`leida`) VALUES ('1392','Producto BALINERA6202 2RS VITRIX CAMPDTK/XTZ 125/DISCO bajo mínimo! Stock actual: 8','nose','2025-06-19 19:52:03','0');
INSERT INTO `notificaciones` (`id`,`mensaje`,`descripcion`,`fecha`,`leida`) VALUES ('1393','Producto BALANCIN FZ 16/ SZR JUEGO X 2 DMI Y ESC VITRI bajo mínimo! Stock actual: 4','nose','2025-06-19 19:52:03','0');
INSERT INTO `notificaciones` (`id`,`mensaje`,`descripcion`,`fecha`,`leida`) VALUES ('1394','Producto **PEDAL DE CAMBIOS PULSAR180 UG - PULSAR 200/ bajo mínimo! Stock actual: 3','nose','2025-06-19 19:52:03','0');
INSERT INTO `notificaciones` (`id`,`mensaje`,`descripcion`,`fecha`,`leida`) VALUES ('1395','Producto BALANCINES AKT DYNAMID 125 SCOOTER 125/150 JU bajo mínimo! Stock actual: 4','nose','2025-06-19 19:52:03','0');
INSERT INTO `notificaciones` (`id`,`mensaje`,`descripcion`,`fecha`,`leida`) VALUES ('1396','Producto KIT PISTON AKTT110/ACTIVE 110   O.50  VITRIX bajo mínimo! Stock actual: 2','nose','2025-06-19 19:52:03','0');
INSERT INTO `notificaciones` (`id`,`mensaje`,`descripcion`,`fecha`,`leida`) VALUES ('1397','Producto ARBOL LEVAS DISCOVER 100 S/BM 150/DISCOVER 12 bajo mínimo! Stock actual: 2','nose','2025-06-19 19:52:03','0');
INSERT INTO `notificaciones` (`id`,`mensaje`,`descripcion`,`fecha`,`leida`) VALUES ('1398','Producto AMORTIGUADOR YBR 125 SD TRASERO JUEGO X 2 VIT bajo mínimo! Stock actual: 4','nose','2025-06-19 19:52:03','0');
INSERT INTO `notificaciones` (`id`,`mensaje`,`descripcion`,`fecha`,`leida`) VALUES ('1399','Producto BALANCIN AGILITY 125 JUEGO X 2 ADMI Y ESC VIT bajo mínimo! Stock actual: 4','nose','2025-06-19 19:52:03','0');
INSERT INTO `notificaciones` (`id`,`mensaje`,`descripcion`,`fecha`,`leida`) VALUES ('1400','Producto ANILLOS BEST 125/VIVA 115/VIVAX 115 VITRIX bajo mínimo! Stock actual: 3','nose','2025-06-19 19:52:03','0');
INSERT INTO `notificaciones` (`id`,`mensaje`,`descripcion`,`fecha`,`leida`) VALUES ('1401','Producto BUJE PORTA PLATO CRIPTON 110/RX 115 VITRIX bajo mínimo! Stock actual: 8','nose','2025-06-19 19:52:03','0');
INSERT INTO `notificaciones` (`id`,`mensaje`,`descripcion`,`fecha`,`leida`) VALUES ('1402','Producto CDI YBR 125/XTZ125(2006-2008) VITRIX bajo mínimo! Stock actual: 2','nose','2025-06-19 19:52:03','0');
INSERT INTO `notificaciones` (`id`,`mensaje`,`descripcion`,`fecha`,`leida`) VALUES ('1403','Producto BALANCINES CR5/TTR180/TTX180/XM180/ JUEGO X 2 bajo mínimo! Stock actual: 2','nose','2025-06-19 19:52:03','0');
INSERT INTO `notificaciones` (`id`,`mensaje`,`descripcion`,`fecha`,`leida`) VALUES ('1404','Producto CDI LIBERO 125/YBR 125ESD VITRIX bajo mínimo! Stock actual: 1','nose','2025-06-19 19:52:03','0');
INSERT INTO `notificaciones` (`id`,`mensaje`,`descripcion`,`fecha`,`leida`) VALUES ('1405','Producto BALANCIN PULSAR 150 AS/150 NS JUEGO X2 ADMI Y bajo mínimo! Stock actual: 2','nose','2025-06-19 19:52:03','0');
INSERT INTO `notificaciones` (`id`,`mensaje`,`descripcion`,`fecha`,`leida`) VALUES ('1406','Producto BALANCIN PULSAR 125NSJUEGO X2 ADMI /ESC VITRI bajo mínimo! Stock actual: 2','nose','2025-06-19 19:52:03','0');
INSERT INTO `notificaciones` (`id`,`mensaje`,`descripcion`,`fecha`,`leida`) VALUES ('1407','Producto CARBURADOR NKD 125/SPORT S VITRIX bajo mínimo! Stock actual: 2','nose','2025-06-19 19:52:03','0');
INSERT INTO `notificaciones` (`id`,`mensaje`,`descripcion`,`fecha`,`leida`) VALUES ('1408','Producto **BARRA TELESCOPICA NKD/AKT 125SL /CG 125 JU bajo mínimo! Stock actual: 4','nose','2025-06-19 19:52:03','0');
INSERT INTO `notificaciones` (`id`,`mensaje`,`descripcion`,`fecha`,`leida`) VALUES ('1409','Producto CDI CRIPTON 110 VITRIX bajo mínimo! Stock actual: 2','nose','2025-06-19 19:52:03','0');
INSERT INTO `notificaciones` (`id`,`mensaje`,`descripcion`,`fecha`,`leida`) VALUES ('1410','Producto CLUTCH DE UNA VIA Y/O BENDIX BWS 125 VITRIX bajo mínimo! Stock actual: 3','nose','2025-06-19 19:52:03','0');
INSERT INTO `notificaciones` (`id`,`mensaje`,`descripcion`,`fecha`,`leida`) VALUES ('1411','Producto ACEITE CASTROL ACTEVO  20W 50 bajo mínimo! Stock actual: 0','nose','2025-06-19 19:52:03','0');
INSERT INTO `notificaciones` (`id`,`mensaje`,`descripcion`,`fecha`,`leida`) VALUES ('1412','Producto BALANCIN PULSAR NS 200 JUEGO X2 ADMISION Y ES bajo mínimo! Stock actual: 2','nose','2025-06-19 19:52:03','0');
INSERT INTO `notificaciones` (`id`,`mensaje`,`descripcion`,`fecha`,`leida`) VALUES ('1413','Producto VALVULINA MOTUL SCOOTER 80W 90 150 ML bajo mínimo! Stock actual: 0','nose','2025-06-19 19:52:03','0');
INSERT INTO `notificaciones` (`id`,`mensaje`,`descripcion`,`fecha`,`leida`) VALUES ('1414','Producto LUBRICANTE CADENA MOTUL  C4 bajo mínimo! Stock actual: 0','nose','2025-06-19 19:52:03','0');
INSERT INTO `notificaciones` (`id`,`mensaje`,`descripcion`,`fecha`,`leida`) VALUES ('1415','Producto ACEITE MOTUL 5100 15W 50 bajo mínimo! Stock actual: 0','nose','2025-06-19 19:52:03','0');
INSERT INTO `notificaciones` (`id`,`mensaje`,`descripcion`,`fecha`,`leida`) VALUES ('1416','Producto ACEITE MOTUL 7100 10W 40 bajo mínimo! Stock actual: 0','nose','2025-06-19 19:52:03','0');
INSERT INTO `notificaciones` (`id`,`mensaje`,`descripcion`,`fecha`,`leida`) VALUES ('1417','Producto ACEITE MOTUL 7100 10W 50 bajo mínimo! Stock actual: 0','nose','2025-06-19 19:52:03','0');
INSERT INTO `notificaciones` (`id`,`mensaje`,`descripcion`,`fecha`,`leida`) VALUES ('1418','Producto ACEITE MOTUL 7100 20W 50 bajo mínimo! Stock actual: 0','nose','2025-06-19 19:52:03','0');
INSERT INTO `notificaciones` (`id`,`mensaje`,`descripcion`,`fecha`,`leida`) VALUES ('1419','Producto ACEITE MOTUL 5100 20W 50 bajo mínimo! Stock actual: 0','nose','2025-06-19 19:52:03','0');
INSERT INTO `notificaciones` (`id`,`mensaje`,`descripcion`,`fecha`,`leida`) VALUES ('1420','Producto ACEITE MOTUL 5000 20W 50 bajo mínimo! Stock actual: 0','nose','2025-06-19 19:52:03','0');
INSERT INTO `notificaciones` (`id`,`mensaje`,`descripcion`,`fecha`,`leida`) VALUES ('1421','Producto ACEITE CASTROL POWER 20W50 4T bajo mínimo! Stock actual: 0','nose','2025-06-19 19:52:03','0');
INSERT INTO `notificaciones` (`id`,`mensaje`,`descripcion`,`fecha`,`leida`) VALUES ('1422','Producto HIDRAULICO MOBIL AW68 1/4 LUDESOL bajo mínimo! Stock actual: 0','nose','2025-06-19 19:52:03','0');
INSERT INTO `notificaciones` (`id`,`mensaje`,`descripcion`,`fecha`,`leida`) VALUES ('1423','Producto REFRIGERANTE STD 1/4 TERPEL VERDE LUDESOL bajo mínimo! Stock actual: 0','nose','2025-06-19 19:52:03','0');
INSERT INTO `notificaciones` (`id`,`mensaje`,`descripcion`,`fecha`,`leida`) VALUES ('1424','Producto ACEITE MOBIL  20W50 4T TAPA AMARILLA bajo mínimo! Stock actual: 0','nose','2025-06-19 19:52:03','0');
INSERT INTO `notificaciones` (`id`,`mensaje`,`descripcion`,`fecha`,`leida`) VALUES ('1425','Producto REFRIGERANTE MOBIL  1/4 COOLANT  CORROSION IN bajo mínimo! Stock actual: 8','nose','2025-06-19 19:52:03','0');
INSERT INTO `notificaciones` (`id`,`mensaje`,`descripcion`,`fecha`,`leida`) VALUES ('1426','Producto Banda de freno boxer/ japan 101014 bajo mínimo! Stock actual: 6','nose','2025-06-19 19:52:03','0');
INSERT INTO `notificaciones` (`id`,`mensaje`,`descripcion`,`fecha`,`leida`) VALUES ('1427','Producto LIQUIDO PARA FRENOS HIDRAULICOS DOT 3 240 ML bajo mínimo! Stock actual: 0','nose','2025-06-19 19:52:03','0');
INSERT INTO `notificaciones` (`id`,`mensaje`,`descripcion`,`fecha`,`leida`) VALUES ('1428','Producto ACEITE VALVOLINE 4T 20W50 PREMIUM bajo mínimo! Stock actual: 0','nose','2025-06-19 19:52:03','0');
INSERT INTO `notificaciones` (`id`,`mensaje`,`descripcion`,`fecha`,`leida`) VALUES ('1429','Producto ACEITE VALVOLINE 10W40 SEMISINTETICO bajo mínimo! Stock actual: 0','nose','2025-06-19 19:52:03','0');
INSERT INTO `notificaciones` (`id`,`mensaje`,`descripcion`,`fecha`,`leida`) VALUES ('1430','Producto ACEITE ENI 20W50 RIDE SPECIAL MA2 L bajo mínimo! Stock actual: 0','nose','2025-06-19 19:52:03','0');

-- -----------------------------
-- Estructura de la tabla `producto`
-- -----------------------------
DROP TABLE IF EXISTS `producto`;
CREATE TABLE `producto` (
  `codigo1` bigint(20) unsigned NOT NULL,
  `codigo2` varchar(200) NOT NULL,
  `nombre` varchar(45) NOT NULL,
  `iva` double NOT NULL,
  `precio1` double NOT NULL,
  `precio2` double NOT NULL,
  `precio3` double NOT NULL,
  `cantidad` int(11) NOT NULL,
  `Categoria_codigo` int(11) NOT NULL,
  `Marca_codigo` int(11) NOT NULL,
  `UnidadMedida_codigo` int(11) NOT NULL,
  `Ubicacion_codigo` int(11) NOT NULL,
  `proveedor_nit` bigint(20) unsigned NOT NULL,
  PRIMARY KEY (`codigo1`),
  KEY `fk_Producto_Categoria1_idx` (`Categoria_codigo`),
  KEY `fk_Producto_Marca1_idx` (`Marca_codigo`),
  KEY `fk_Producto_UnidadMedida1_idx` (`UnidadMedida_codigo`),
  KEY `fk_Producto_Ubicacion1_idx` (`Ubicacion_codigo`),
  KEY `proveedor_nit` (`proveedor_nit`) USING BTREE,
  CONSTRAINT `fk_Producto_Categoria1` FOREIGN KEY (`Categoria_codigo`) REFERENCES `categoria` (`codigo`) ON DELETE NO ACTION ON UPDATE NO ACTION,
  CONSTRAINT `fk_Producto_Marca1` FOREIGN KEY (`Marca_codigo`) REFERENCES `marca` (`codigo`) ON DELETE NO ACTION ON UPDATE NO ACTION,
  CONSTRAINT `fk_Producto_Proveedor1` FOREIGN KEY (`proveedor_nit`) REFERENCES `proveedor` (`nit`) ON UPDATE CASCADE,
  CONSTRAINT `fk_Producto_Ubicacion1` FOREIGN KEY (`Ubicacion_codigo`) REFERENCES `ubicacion` (`codigo`) ON DELETE NO ACTION ON UPDATE NO ACTION,
  CONSTRAINT `fk_Producto_UnidadMedida1` FOREIGN KEY (`UnidadMedida_codigo`) REFERENCES `unidadmedida` (`codigo`) ON DELETE NO ACTION ON UPDATE NO ACTION
) ENGINE=InnoDB DEFAULT CHARSET=utf8 COLLATE=utf8_general_ci;

-- -----------------------------
-- Datos de la tabla `producto`
-- -----------------------------
INSERT INTO `producto` (`codigo1`,`codigo2`,`nombre`,`iva`,`precio1`,`precio2`,`precio3`,`cantidad`,`Categoria_codigo`,`Marca_codigo`,`UnidadMedida_codigo`,`Ubicacion_codigo`,`proveedor_nit`) VALUES ('18576','0','MANIGUETA CLUTCH BOXER CT','19','5000','6000','11000','7','903','2222227','1','22','8914090064');
INSERT INTO `producto` (`codigo1`,`codigo2`,`nombre`,`iva`,`precio1`,`precio2`,`precio3`,`cantidad`,`Categoria_codigo`,`Marca_codigo`,`UnidadMedida_codigo`,`Ubicacion_codigo`,`proveedor_nit`) VALUES ('23996','0','PALANCA CAMBIOS DISCOVER 100/XCD','19','14000','16800','24000','3','904','2222227','1','22','8914090064');
INSERT INTO `producto` (`codigo1`,`codigo2`,`nombre`,`iva`,`precio1`,`precio2`,`precio3`,`cantidad`,`Categoria_codigo`,`Marca_codigo`,`UnidadMedida_codigo`,`Ubicacion_codigo`,`proveedor_nit`) VALUES ('31955','vh10369','DIAFRAGMA CBF 125/150 CON CORTINA VITRIX 9903','19','16303','20400','24000','2','908','2222228','1','22','8600762794');
INSERT INTO `producto` (`codigo1`,`codigo2`,`nombre`,`iva`,`precio1`,`precio2`,`precio3`,`cantidad`,`Categoria_codigo`,`Marca_codigo`,`UnidadMedida_codigo`,`Ubicacion_codigo`,`proveedor_nit`) VALUES ('101133','0','MANIGUETA FRENO  BEST /KMX 125 JAPAN','19','6900','9600','12000','5','905','2222227','1','22','8914090064');
INSERT INTO `producto` (`codigo1`,`codigo2`,`nombre`,`iva`,`precio1`,`precio2`,`precio3`,`cantidad`,`Categoria_codigo`,`Marca_codigo`,`UnidadMedida_codigo`,`Ubicacion_codigo`,`proveedor_nit`) VALUES ('101771','0','PASTILLAS FRENO XTZ-TS 125','19','14','17','22','10','905','2222227','1','22','8914090064');
INSERT INTO `producto` (`codigo1`,`codigo2`,`nombre`,`iva`,`precio1`,`precio2`,`precio3`,`cantidad`,`Categoria_codigo`,`Marca_codigo`,`UnidadMedida_codigo`,`Ubicacion_codigo`,`proveedor_nit`) VALUES ('321321','VB10542','BALANCIN BOXER CT 102/DISC 125UG/PLATINO 125D','19','23','28','33','3','906','2222228','1','22','8600762794');
INSERT INTO `producto` (`codigo1`,`codigo2`,`nombre`,`iva`,`precio1`,`precio2`,`precio3`,`cantidad`,`Categoria_codigo`,`Marca_codigo`,`UnidadMedida_codigo`,`Ubicacion_codigo`,`proveedor_nit`) VALUES ('512951','VA50046','**PEDAL FRENO AKT 110SPECIAL NV VITRIX 990390','19','21','27','32','2','907','2222228','1','22','8600762794');
INSERT INTO `producto` (`codigo1`,`codigo2`,`nombre`,`iva`,`precio1`,`precio2`,`precio3`,`cantidad`,`Categoria_codigo`,`Marca_codigo`,`UnidadMedida_codigo`,`Ubicacion_codigo`,`proveedor_nit`) VALUES ('651651','VB10309','BOMBA DE ACEITE PULSAR 135/XCD125/PLATINO 125','19','23','28','34','3','906','2222228','1','22','8600762794');
INSERT INTO `producto` (`codigo1`,`codigo2`,`nombre`,`iva`,`precio1`,`precio2`,`precio3`,`cantidad`,`Categoria_codigo`,`Marca_codigo`,`UnidadMedida_codigo`,`Ubicacion_codigo`,`proveedor_nit`) VALUES ('651891','VB10315','CADENILLA DISTRIBUCION PULSAR 150NS/AS 150 VI','19','12','15','18','5','906','2222228','1','22','8600762794');
INSERT INTO `producto` (`codigo1`,`codigo2`,`nombre`,`iva`,`precio1`,`precio2`,`precio3`,`cantidad`,`Categoria_codigo`,`Marca_codigo`,`UnidadMedida_codigo`,`Ubicacion_codigo`,`proveedor_nit`) VALUES ('1010510','0','EJE CAMBIOS AX 100','19','17','20','27','2','904','2222227','1','22','8914090064');
INSERT INTO `producto` (`codigo1`,`codigo2`,`nombre`,`iva`,`precio1`,`precio2`,`precio3`,`cantidad`,`Categoria_codigo`,`Marca_codigo`,`UnidadMedida_codigo`,`Ubicacion_codigo`,`proveedor_nit`) VALUES ('1010718','0','PALANCA CAMBIOS BOXER CT 100','19','15600','18700','25000','5','904','2222227','1','22','8914090064');
INSERT INTO `producto` (`codigo1`,`codigo2`,`nombre`,`iva`,`precio1`,`precio2`,`precio3`,`cantidad`,`Categoria_codigo`,`Marca_codigo`,`UnidadMedida_codigo`,`Ubicacion_codigo`,`proveedor_nit`) VALUES ('1010721','0','PALANCA CAMBIOS BEST 125','19','16','20','24','5','904','2222227','1','22','8914090064');
INSERT INTO `producto` (`codigo1`,`codigo2`,`nombre`,`iva`,`precio1`,`precio2`,`precio3`,`cantidad`,`Categoria_codigo`,`Marca_codigo`,`UnidadMedida_codigo`,`Ubicacion_codigo`,`proveedor_nit`) VALUES ('1010724','0','PALANCA CAMBIOS  CD 100','19','15','18','24','3','904','2222227','1','22','8914090064');
INSERT INTO `producto` (`codigo1`,`codigo2`,`nombre`,`iva`,`precio1`,`precio2`,`precio3`,`cantidad`,`Categoria_codigo`,`Marca_codigo`,`UnidadMedida_codigo`,`Ubicacion_codigo`,`proveedor_nit`) VALUES ('1010744','0','PALANCA CAMBIOS AKT 125 SL','19','15','18','25','2','904','2222227','1','22','8914090064');
INSERT INTO `producto` (`codigo1`,`codigo2`,`nombre`,`iva`,`precio1`,`precio2`,`precio3`,`cantidad`,`Categoria_codigo`,`Marca_codigo`,`UnidadMedida_codigo`,`Ubicacion_codigo`,`proveedor_nit`) VALUES ('1011034','0','MANIGUETA FRENO XTZ125 / KMX CROMO JAPAN','19','6','9','12','5','905','2222227','1','22','8914090064');
INSERT INTO `producto` (`codigo1`,`codigo2`,`nombre`,`iva`,`precio1`,`precio2`,`precio3`,`cantidad`,`Categoria_codigo`,`Marca_codigo`,`UnidadMedida_codigo`,`Ubicacion_codigo`,`proveedor_nit`) VALUES ('1011070','0','MANIGUETA FRENO BOXER-PLATINO JAPAN','19','6','9','12','6','905','2222227','1','22','8914090064');
INSERT INTO `producto` (`codigo1`,`codigo2`,`nombre`,`iva`,`precio1`,`precio2`,`precio3`,`cantidad`,`Categoria_codigo`,`Marca_codigo`,`UnidadMedida_codigo`,`Ubicacion_codigo`,`proveedor_nit`) VALUES ('1011075','0','MANIGUETA CLUTCH AKT 125','19','6','7','11','8','905','2222227','1','22','8914090064');
INSERT INTO `producto` (`codigo1`,`codigo2`,`nombre`,`iva`,`precio1`,`precio2`,`precio3`,`cantidad`,`Categoria_codigo`,`Marca_codigo`,`UnidadMedida_codigo`,`Ubicacion_codigo`,`proveedor_nit`) VALUES ('1011086','0','MANIGUETA CLUTCH PULSAR 180','19','6','10','12','4','903','2222227','1','22','8914090064');
INSERT INTO `producto` (`codigo1`,`codigo2`,`nombre`,`iva`,`precio1`,`precio2`,`precio3`,`cantidad`,`Categoria_codigo`,`Marca_codigo`,`UnidadMedida_codigo`,`Ubicacion_codigo`,`proveedor_nit`) VALUES ('1011088','0','MANIGUETA FRENO VIVAX 115  FRENO BANDA JAPAN','19','6700','10000','12000','3','905','2222227','1','22','8914090064');
INSERT INTO `producto` (`codigo1`,`codigo2`,`nombre`,`iva`,`precio1`,`precio2`,`precio3`,`cantidad`,`Categoria_codigo`,`Marca_codigo`,`UnidadMedida_codigo`,`Ubicacion_codigo`,`proveedor_nit`) VALUES ('1011089','0','MANIGUETA CLUTCH GS 125 JAPAN','19','6700','9600','12000','5','903','2222227','1','22','8914090064');
INSERT INTO `producto` (`codigo1`,`codigo2`,`nombre`,`iva`,`precio1`,`precio2`,`precio3`,`cantidad`,`Categoria_codigo`,`Marca_codigo`,`UnidadMedida_codigo`,`Ubicacion_codigo`,`proveedor_nit`) VALUES ('1011091','0','MANIGUETA FRENO FZ 16 JAPAN','19','6700','9000','11000','7','905','2222227','1','22','8914090064');
INSERT INTO `producto` (`codigo1`,`codigo2`,`nombre`,`iva`,`precio1`,`precio2`,`precio3`,`cantidad`,`Categoria_codigo`,`Marca_codigo`,`UnidadMedida_codigo`,`Ubicacion_codigo`,`proveedor_nit`) VALUES ('1011093','0','MANIGUETA FRENO PULSAR UG/NS/GIXXER','19','6','7','11','8','905','2222227','1','22','8914090064');
INSERT INTO `producto` (`codigo1`,`codigo2`,`nombre`,`iva`,`precio1`,`precio2`,`precio3`,`cantidad`,`Categoria_codigo`,`Marca_codigo`,`UnidadMedida_codigo`,`Ubicacion_codigo`,`proveedor_nit`) VALUES ('1017711','0','PASTILLAS FRENO BEST 125','19','14000','17000','22000','12','905','2222227','1','22','8914090064');
INSERT INTO `producto` (`codigo1`,`codigo2`,`nombre`,`iva`,`precio1`,`precio2`,`precio3`,`cantidad`,`Categoria_codigo`,`Marca_codigo`,`UnidadMedida_codigo`,`Ubicacion_codigo`,`proveedor_nit`) VALUES ('1017714','0','PASTILLAS FRENO TRASERAS XTZ 250','19','14','17','22','6','905','2222227','1','22','8914090064');
INSERT INTO `producto` (`codigo1`,`codigo2`,`nombre`,`iva`,`precio1`,`precio2`,`precio3`,`cantidad`,`Categoria_codigo`,`Marca_codigo`,`UnidadMedida_codigo`,`Ubicacion_codigo`,`proveedor_nit`) VALUES ('1017728','0','PASTILLAS FRENO AKT 110 JAPAN','19','14','18','22','9','905','2222227','1','22','8914090064');
INSERT INTO `producto` (`codigo1`,`codigo2`,`nombre`,`iva`,`precio1`,`precio2`,`precio3`,`cantidad`,`Categoria_codigo`,`Marca_codigo`,`UnidadMedida_codigo`,`Ubicacion_codigo`,`proveedor_nit`) VALUES ('1017740','0','PASTILLAS FRENO NS 200 TRASERAS','19','14','17','22','4','905','2222227','1','22','8914090064');
INSERT INTO `producto` (`codigo1`,`codigo2`,`nombre`,`iva`,`precio1`,`precio2`,`precio3`,`cantidad`,`Categoria_codigo`,`Marca_codigo`,`UnidadMedida_codigo`,`Ubicacion_codigo`,`proveedor_nit`) VALUES ('1017744','0','PASTILLAS FRENO PULSAR 180','19','14600','17500','22000','4','905','2222227','1','22','8914090064');
INSERT INTO `producto` (`codigo1`,`codigo2`,`nombre`,`iva`,`precio1`,`precio2`,`precio3`,`cantidad`,`Categoria_codigo`,`Marca_codigo`,`UnidadMedida_codigo`,`Ubicacion_codigo`,`proveedor_nit`) VALUES ('1017756','0','PASTILLAS FRENO BWS 125 MV','19','14','17','22','6','905','2222227','1','22','8914090064');
INSERT INTO `producto` (`codigo1`,`codigo2`,`nombre`,`iva`,`precio1`,`precio2`,`precio3`,`cantidad`,`Categoria_codigo`,`Marca_codigo`,`UnidadMedida_codigo`,`Ubicacion_codigo`,`proveedor_nit`) VALUES ('1017757','0','PASTILLA FRENO CRIPTON 115  JAPAN','19','14','18','22','4','905','2222227','1','22','8914090064');
INSERT INTO `producto` (`codigo1`,`codigo2`,`nombre`,`iva`,`precio1`,`precio2`,`precio3`,`cantidad`,`Categoria_codigo`,`Marca_codigo`,`UnidadMedida_codigo`,`Ubicacion_codigo`,`proveedor_nit`) VALUES ('1017775','0','PASTILLAS FRENO BWS X 125','19','16','19','26','5','905','2222227','1','22','8914090064');
INSERT INTO `producto` (`codigo1`,`codigo2`,`nombre`,`iva`,`precio1`,`precio2`,`precio3`,`cantidad`,`Categoria_codigo`,`Marca_codigo`,`UnidadMedida_codigo`,`Ubicacion_codigo`,`proveedor_nit`) VALUES ('1017776','0','PASTILLA FRENO RTX 150 TRASERAS JAPAN','19','15250','18700','22000','2','905','2222227','1','22','8914090064');
INSERT INTO `producto` (`codigo1`,`codigo2`,`nombre`,`iva`,`precio1`,`precio2`,`precio3`,`cantidad`,`Categoria_codigo`,`Marca_codigo`,`UnidadMedida_codigo`,`Ubicacion_codigo`,`proveedor_nit`) VALUES ('1017779','0','PASTILLA FRENO NS 200 TRASERAS','19','14','17','22','4','905','2222227','1','22','8914090064');
INSERT INTO `producto` (`codigo1`,`codigo2`,`nombre`,`iva`,`precio1`,`precio2`,`precio3`,`cantidad`,`Categoria_codigo`,`Marca_codigo`,`UnidadMedida_codigo`,`Ubicacion_codigo`,`proveedor_nit`) VALUES ('3219191','VB40083','PEDAL CAMBIOS DISCOVER ST 125/150 VITRIX 9903','19','28917','35700','42000','3','904','2222228','1','22','8600762794');
INSERT INTO `producto` (`codigo1`,`codigo2`,`nombre`,`iva`,`precio1`,`precio2`,`precio3`,`cantidad`,`Categoria_codigo`,`Marca_codigo`,`UnidadMedida_codigo`,`Ubicacion_codigo`,`proveedor_nit`) VALUES ('4561561','VS10129','Kit biela   best 125 vitrix','19','53','64','76','2','906','2222228','1','22','8600762794');
INSERT INTO `producto` (`codigo1`,`codigo2`,`nombre`,`iva`,`precio1`,`precio2`,`precio3`,`cantidad`,`Categoria_codigo`,`Marca_codigo`,`UnidadMedida_codigo`,`Ubicacion_codigo`,`proveedor_nit`) VALUES ('8941591','VB10434','BALANCIN PULSAR 180UG/II/220/DISC 135 PASADOR','19','29','35','42','1','906','2222228','1','22','8600762794');
INSERT INTO `producto` (`codigo1`,`codigo2`,`nombre`,`iva`,`precio1`,`precio2`,`precio3`,`cantidad`,`Categoria_codigo`,`Marca_codigo`,`UnidadMedida_codigo`,`Ubicacion_codigo`,`proveedor_nit`) VALUES ('10110101','0','MANIGUETA CLUTCH CB 110/ECO','19','6','8','11','6','903','2222227','1','22','8914090064');
INSERT INTO `producto` (`codigo1`,`codigo2`,`nombre`,`iva`,`precio1`,`precio2`,`precio3`,`cantidad`,`Categoria_codigo`,`Marca_codigo`,`UnidadMedida_codigo`,`Ubicacion_codigo`,`proveedor_nit`) VALUES ('10110117','0','MANIGUETA FRENO BWS 125','19','6500','8000','11000','8','905','2222227','1','22','8914090064');
INSERT INTO `producto` (`codigo1`,`codigo2`,`nombre`,`iva`,`precio1`,`precio2`,`precio3`,`cantidad`,`Categoria_codigo`,`Marca_codigo`,`UnidadMedida_codigo`,`Ubicacion_codigo`,`proveedor_nit`) VALUES ('10110124','0','MANIGUETA CLUTCH NS 200 PULSAR JAPAN','19','6700','9000','11000','7','903','2222227','1','22','8914090064');
INSERT INTO `producto` (`codigo1`,`codigo2`,`nombre`,`iva`,`precio1`,`precio2`,`precio3`,`cantidad`,`Categoria_codigo`,`Marca_codigo`,`UnidadMedida_codigo`,`Ubicacion_codigo`,`proveedor_nit`) VALUES ('10110125','0','MANIGUETA  FRENO XTZ 125  CROMADA JAPAN','19','6','9','11','5','903','2222227','1','22','8914090064');
INSERT INTO `producto` (`codigo1`,`codigo2`,`nombre`,`iva`,`precio1`,`precio2`,`precio3`,`cantidad`,`Categoria_codigo`,`Marca_codigo`,`UnidadMedida_codigo`,`Ubicacion_codigo`,`proveedor_nit`) VALUES ('12383123','VA10206','ANILLOS AKT TTR 150/EVO NE 150/ APACHE 160 2 ','19','21896','27200','32000','5','906','2222228','1','22','8600762794');
INSERT INTO `producto` (`codigo1`,`codigo2`,`nombre`,`iva`,`precio1`,`precio2`,`precio3`,`cantidad`,`Categoria_codigo`,`Marca_codigo`,`UnidadMedida_codigo`,`Ubicacion_codigo`,`proveedor_nit`) VALUES ('14561561','VB10381','BALANCIN CR4 162 JUEGO X 2 ADM/ESC VITRIX','19','19','23','28','2','906','2222228','1','22','8600762794');
INSERT INTO `producto` (`codigo1`,`codigo2`,`nombre`,`iva`,`precio1`,`precio2`,`precio3`,`cantidad`,`Categoria_codigo`,`Marca_codigo`,`UnidadMedida_codigo`,`Ubicacion_codigo`,`proveedor_nit`) VALUES ('28798451','VH40040','**PEDAL DE CRANK ECO 100','19','24','30','35','2','907','2222228','1','22','8600762794');
INSERT INTO `producto` (`codigo1`,`codigo2`,`nombre`,`iva`,`precio1`,`precio2`,`precio3`,`cantidad`,`Categoria_codigo`,`Marca_codigo`,`UnidadMedida_codigo`,`Ubicacion_codigo`,`proveedor_nit`) VALUES ('31298489','VU10063','BALINERA 6204 2RS VITRIX PORTA PLATO GN/AKT E','19','3','5','6','6','911','2222228','1','22','8600762794');
INSERT INTO `producto` (`codigo1`,`codigo2`,`nombre`,`iva`,`precio1`,`precio2`,`precio3`,`cantidad`,`Categoria_codigo`,`Marca_codigo`,`UnidadMedida_codigo`,`Ubicacion_codigo`,`proveedor_nit`) VALUES ('31351531','VY10416','BALANCIN  CRIPTON 115 FI JUEGO X 2 ADMIS Y ES','19','18','22','26','4','906','2222228','1','22','8600762794');
INSERT INTO `producto` (`codigo1`,`codigo2`,`nombre`,`iva`,`precio1`,`precio2`,`precio3`,`cantidad`,`Categoria_codigo`,`Marca_codigo`,`UnidadMedida_codigo`,`Ubicacion_codigo`,`proveedor_nit`) VALUES ('31864561','VY10122','CADENILLA DISTRIBUCION XTZ125/YBR 125/LIBERO ','19','16','19','23','6','906','2222228','1','22','8600762794');
INSERT INTO `producto` (`codigo1`,`codigo2`,`nombre`,`iva`,`precio1`,`precio2`,`precio3`,`cantidad`,`Categoria_codigo`,`Marca_codigo`,`UnidadMedida_codigo`,`Ubicacion_codigo`,`proveedor_nit`) VALUES ('35418135','VY10381','**DIAFRAGMA BWS 125 COMPLETO VITRIX 990390703','19','19','25','30','3','908','2222228','1','22','8600762794');
INSERT INTO `producto` (`codigo1`,`codigo2`,`nombre`,`iva`,`precio1`,`precio2`,`precio3`,`cantidad`,`Categoria_codigo`,`Marca_codigo`,`UnidadMedida_codigo`,`Ubicacion_codigo`,`proveedor_nit`) VALUES ('35486151','VV10003','CADENILLA DISTRIBUCION MRX 150/RTX150/BWS 125','19','21','25','30','4','906','2222228','1','22','8600762794');
INSERT INTO `producto` (`codigo1`,`codigo2`,`nombre`,`iva`,`precio1`,`precio2`,`precio3`,`cantidad`,`Categoria_codigo`,`Marca_codigo`,`UnidadMedida_codigo`,`Ubicacion_codigo`,`proveedor_nit`) VALUES ('45345345','VA10027','BOMBA ACEITE AKT 110S/WAVE 100/110/ECO100/ VI','19','12','16','19','2','906','2222228','1','22','8600762794');
INSERT INTO `producto` (`codigo1`,`codigo2`,`nombre`,`iva`,`precio1`,`precio2`,`precio3`,`cantidad`,`Categoria_codigo`,`Marca_codigo`,`UnidadMedida_codigo`,`Ubicacion_codigo`,`proveedor_nit`) VALUES ('51265181','VB10093','BALANCIN BOXER CT100/BM100/PLATINO 100/110 BO','19','31','38','45','2','906','2222228','1','22','8600762794');
INSERT INTO `producto` (`codigo1`,`codigo2`,`nombre`,`iva`,`precio1`,`precio2`,`precio3`,`cantidad`,`Categoria_codigo`,`Marca_codigo`,`UnidadMedida_codigo`,`Ubicacion_codigo`,`proveedor_nit`) VALUES ('51351531','VS20042','CAPUCHON BUJIA GN125/GS 125/EN 125 VITRIX','19','2','3','4','6','910','2222228','1','22','8600762794');
INSERT INTO `producto` (`codigo1`,`codigo2`,`nombre`,`iva`,`precio1`,`precio2`,`precio3`,`cantidad`,`Categoria_codigo`,`Marca_codigo`,`UnidadMedida_codigo`,`Ubicacion_codigo`,`proveedor_nit`) VALUES ('51695195','VA40049','**PEDAL CAMBIOS PULSAR 180II/ BLACK TEC','19','15589','19600','23000','2','904','2222228','1','22','8600762794');
INSERT INTO `producto` (`codigo1`,`codigo2`,`nombre`,`iva`,`precio1`,`precio2`,`precio3`,`cantidad`,`Categoria_codigo`,`Marca_codigo`,`UnidadMedida_codigo`,`Ubicacion_codigo`,`proveedor_nit`) VALUES ('51951891','VA40077','PEDAL CRANK FLEX 125 AKT VITRIX 9903907038316','19','23920','30000','35000','1','907','2222228','1','22','8600762794');
INSERT INTO `producto` (`codigo1`,`codigo2`,`nombre`,`iva`,`precio1`,`precio2`,`precio3`,`cantidad`,`Categoria_codigo`,`Marca_codigo`,`UnidadMedida_codigo`,`Ubicacion_codigo`,`proveedor_nit`) VALUES ('51951981','VB10083','ARBOL DE LEVAS PULSAR 135  VITRIX','19','55','66','78','1','906','2222228','1','22','8600762794');
INSERT INTO `producto` (`codigo1`,`codigo2`,`nombre`,`iva`,`precio1`,`precio2`,`precio3`,`cantidad`,`Categoria_codigo`,`Marca_codigo`,`UnidadMedida_codigo`,`Ubicacion_codigo`,`proveedor_nit`) VALUES ('62300269','0','REFRIGUERANTE  BASE DE AGUA PETROBRAS','19','7000','11000','13000','4','914','2222229','2','22','9015817900');
INSERT INTO `producto` (`codigo1`,`codigo2`,`nombre`,`iva`,`precio1`,`precio2`,`precio3`,`cantidad`,`Categoria_codigo`,`Marca_codigo`,`UnidadMedida_codigo`,`Ubicacion_codigo`,`proveedor_nit`) VALUES ('65165151','VS50020','**CAUCHOS CAMPANA GN 125/GS 125 VITRIX 990390','19','9','12','15','4','911','2222228','1','22','8600762794');
INSERT INTO `producto` (`codigo1`,`codigo2`,`nombre`,`iva`,`precio1`,`precio2`,`precio3`,`cantidad`,`Categoria_codigo`,`Marca_codigo`,`UnidadMedida_codigo`,`Ubicacion_codigo`,`proveedor_nit`) VALUES ('91981971','VA10316','BALANCIN NKDR/TTR/125/150/EVO NE 125 JUEGO PO','19','18','22','26','4','906','2222228','1','22','8600762794');
INSERT INTO `producto` (`codigo1`,`codigo2`,`nombre`,`iva`,`precio1`,`precio2`,`precio3`,`cantidad`,`Categoria_codigo`,`Marca_codigo`,`UnidadMedida_codigo`,`Ubicacion_codigo`,`proveedor_nit`) VALUES ('98489191','VK40025','**PEDAL DE CRANK AGILITY 125 VITRIX 990390703','19','19','24','29','1','907','2222228','1','22','8600762794');
INSERT INTO `producto` (`codigo1`,`codigo2`,`nombre`,`iva`,`precio1`,`precio2`,`precio3`,`cantidad`,`Categoria_codigo`,`Marca_codigo`,`UnidadMedida_codigo`,`Ubicacion_codigo`,`proveedor_nit`) VALUES ('165191891','VH10343','KIT CILINDRO CB 125 F VITRIX','19','119952','145000','171000','1','906','2222228','1','22','8600762794');
INSERT INTO `producto` (`codigo1`,`codigo2`,`nombre`,`iva`,`precio1`,`precio2`,`precio3`,`cantidad`,`Categoria_codigo`,`Marca_codigo`,`UnidadMedida_codigo`,`Ubicacion_codigo`,`proveedor_nit`) VALUES ('315131561','VU10043','BALINERA6202 2RS VITRIX CAMPDTK/XTZ 125/DISCO','19','3','5','6','8','911','2222228','1','22','8600762794');
INSERT INTO `producto` (`codigo1`,`codigo2`,`nombre`,`iva`,`precio1`,`precio2`,`precio3`,`cantidad`,`Categoria_codigo`,`Marca_codigo`,`UnidadMedida_codigo`,`Ubicacion_codigo`,`proveedor_nit`) VALUES ('316514321','VY10050','BALANCIN FZ 16/ SZR JUEGO X 2 DMI Y ESC VITRI','19','45','55','65','4','906','2222228','1','22','8600762794');
INSERT INTO `producto` (`codigo1`,`codigo2`,`nombre`,`iva`,`precio1`,`precio2`,`precio3`,`cantidad`,`Categoria_codigo`,`Marca_codigo`,`UnidadMedida_codigo`,`Ubicacion_codigo`,`proveedor_nit`) VALUES ('321651951','VB40030','**PEDAL DE CAMBIOS PULSAR180 UG - PULSAR 200/','19','36','45','53','3','904','2222228','1','22','8600762794');
INSERT INTO `producto` (`codigo1`,`codigo2`,`nombre`,`iva`,`precio1`,`precio2`,`precio3`,`cantidad`,`Categoria_codigo`,`Marca_codigo`,`UnidadMedida_codigo`,`Ubicacion_codigo`,`proveedor_nit`) VALUES ('445383453','VA10158','BALANCINES AKT DYNAMID 125 SCOOTER 125/150 JU','19','20468','25500','30000','4','906','2222228','1','22','8600762794');
INSERT INTO `producto` (`codigo1`,`codigo2`,`nombre`,`iva`,`precio1`,`precio2`,`precio3`,`cantidad`,`Categoria_codigo`,`Marca_codigo`,`UnidadMedida_codigo`,`Ubicacion_codigo`,`proveedor_nit`) VALUES ('453453453','VA10002','KIT PISTON AKTT110/ACTIVE 110   O.50  VITRIX','19','32','39','46','2','906','2222228','1','22','8600762794');
INSERT INTO `producto` (`codigo1`,`codigo2`,`nombre`,`iva`,`precio1`,`precio2`,`precio3`,`cantidad`,`Categoria_codigo`,`Marca_codigo`,`UnidadMedida_codigo`,`Ubicacion_codigo`,`proveedor_nit`) VALUES ('515619589','VB10512','ARBOL LEVAS DISCOVER 100 S/BM 150/DISCOVER 12','19','38','45','54','2','906','2222228','1','22','8600762794');
INSERT INTO `producto` (`codigo1`,`codigo2`,`nombre`,`iva`,`precio1`,`precio2`,`precio3`,`cantidad`,`Categoria_codigo`,`Marca_codigo`,`UnidadMedida_codigo`,`Ubicacion_codigo`,`proveedor_nit`) VALUES ('518651321','VY40067','AMORTIGUADOR YBR 125 SD TRASERO JUEGO X 2 VIT','19','117453','142800','168000','4','909','2222228','1','22','8600762794');
INSERT INTO `producto` (`codigo1`,`codigo2`,`nombre`,`iva`,`precio1`,`precio2`,`precio3`,`cantidad`,`Categoria_codigo`,`Marca_codigo`,`UnidadMedida_codigo`,`Ubicacion_codigo`,`proveedor_nit`) VALUES ('919814981','VK10007','BALANCIN AGILITY 125 JUEGO X 2 ADMI Y ESC VIT','19','19','23','28','4','906','2222228','1','22','8600762794');
INSERT INTO `producto` (`codigo1`,`codigo2`,`nombre`,`iva`,`precio1`,`precio2`,`precio3`,`cantidad`,`Categoria_codigo`,`Marca_codigo`,`UnidadMedida_codigo`,`Ubicacion_codigo`,`proveedor_nit`) VALUES ('941891621','VS10035','ANILLOS BEST 125/VIVA 115/VIVAX 115 VITRIX','19','16779','20400','24000','3','906','2222228','1','22','8600762794');
INSERT INTO `producto` (`codigo1`,`codigo2`,`nombre`,`iva`,`precio1`,`precio2`,`precio3`,`cantidad`,`Categoria_codigo`,`Marca_codigo`,`UnidadMedida_codigo`,`Ubicacion_codigo`,`proveedor_nit`) VALUES ('3513514531','VY40102','BUJE PORTA PLATO CRIPTON 110/RX 115 VITRIX','19','3','8','10','8','913','2222228','1','22','8600762794');
INSERT INTO `producto` (`codigo1`,`codigo2`,`nombre`,`iva`,`precio1`,`precio2`,`precio3`,`cantidad`,`Categoria_codigo`,`Marca_codigo`,`UnidadMedida_codigo`,`Ubicacion_codigo`,`proveedor_nit`) VALUES ('3516514531','VY20007','CDI YBR 125/XTZ125(2006-2008) VITRIX','19','48','54','68','2','910','2222228','1','22','8600762794');
INSERT INTO `producto` (`codigo1`,`codigo2`,`nombre`,`iva`,`precio1`,`precio2`,`precio3`,`cantidad`,`Categoria_codigo`,`Marca_codigo`,`UnidadMedida_codigo`,`Ubicacion_codigo`,`proveedor_nit`) VALUES ('4834531298','va10297','BALANCINES CR5/TTR180/TTX180/XM180/ JUEGO X 2','19','24','29','34','2','906','2222228','1','22','8600762794');
INSERT INTO `producto` (`codigo1`,`codigo2`,`nombre`,`iva`,`precio1`,`precio2`,`precio3`,`cantidad`,`Categoria_codigo`,`Marca_codigo`,`UnidadMedida_codigo`,`Ubicacion_codigo`,`proveedor_nit`) VALUES ('6541531351','VY20080','CDI LIBERO 125/YBR 125ESD VITRIX','19','45','52','64','1','910','2222228','1','22','8600762794');
INSERT INTO `producto` (`codigo1`,`codigo2`,`nombre`,`iva`,`precio1`,`precio2`,`precio3`,`cantidad`,`Categoria_codigo`,`Marca_codigo`,`UnidadMedida_codigo`,`Ubicacion_codigo`,`proveedor_nit`) VALUES ('8912651651','VB10351','BALANCIN PULSAR 150 AS/150 NS JUEGO X2 ADMI Y','19','24','29','34','2','906','2222228','1','22','8600762794');
INSERT INTO `producto` (`codigo1`,`codigo2`,`nombre`,`iva`,`precio1`,`precio2`,`precio3`,`cantidad`,`Categoria_codigo`,`Marca_codigo`,`UnidadMedida_codigo`,`Ubicacion_codigo`,`proveedor_nit`) VALUES ('8914321651','VB10573','BALANCIN PULSAR 125NSJUEGO X2 ADMI /ESC VITRI','19','22','27','32','2','906','2222228','1','22','8600762794');
INSERT INTO `producto` (`codigo1`,`codigo2`,`nombre`,`iva`,`precio1`,`precio2`,`precio3`,`cantidad`,`Categoria_codigo`,`Marca_codigo`,`UnidadMedida_codigo`,`Ubicacion_codigo`,`proveedor_nit`) VALUES ('9551971748','VA40010','CARBURADOR NKD 125/SPORT S VITRIX','19','54','66','78','2','906','2222228','1','22','8600762794');
INSERT INTO `producto` (`codigo1`,`codigo2`,`nombre`,`iva`,`precio1`,`precio2`,`precio3`,`cantidad`,`Categoria_codigo`,`Marca_codigo`,`UnidadMedida_codigo`,`Ubicacion_codigo`,`proveedor_nit`) VALUES ('9849489156','VH60004','**BARRA TELESCOPICA NKD/AKT 125SL /CG 125 JU','19','96','118','120000','4','909','2222228','2','22','8600762794');
INSERT INTO `producto` (`codigo1`,`codigo2`,`nombre`,`iva`,`precio1`,`precio2`,`precio3`,`cantidad`,`Categoria_codigo`,`Marca_codigo`,`UnidadMedida_codigo`,`Ubicacion_codigo`,`proveedor_nit`) VALUES ('35156153132','VY20036','CDI CRIPTON 110 VITRIX','19','24','29','35','2','910','2222228','1','22','8600762794');
INSERT INTO `producto` (`codigo1`,`codigo2`,`nombre`,`iva`,`precio1`,`precio2`,`precio3`,`cantidad`,`Categoria_codigo`,`Marca_codigo`,`UnidadMedida_codigo`,`Ubicacion_codigo`,`proveedor_nit`) VALUES ('35418614891','VY10213','CLUTCH DE UNA VIA Y/O BENDIX BWS 125 VITRIX','19','0','52','61','3','903','2222228','1','22','8600762794');
INSERT INTO `producto` (`codigo1`,`codigo2`,`nombre`,`iva`,`precio1`,`precio2`,`precio3`,`cantidad`,`Categoria_codigo`,`Marca_codigo`,`UnidadMedida_codigo`,`Ubicacion_codigo`,`proveedor_nit`) VALUES ('79191217672','0','ACEITE CASTROL ACTEVO  20W 50','19','23','30','33','0','914','2222230','2','22','8909009431');
INSERT INTO `producto` (`codigo1`,`codigo2`,`nombre`,`iva`,`precio1`,`precio2`,`precio3`,`cantidad`,`Categoria_codigo`,`Marca_codigo`,`UnidadMedida_codigo`,`Ubicacion_codigo`,`proveedor_nit`) VALUES ('84151265189','VB10063','BALANCIN PULSAR NS 200 JUEGO X2 ADMISION Y ES','19','35','43','51','2','905','2222228','1','22','8600762794');
INSERT INTO `producto` (`codigo1`,`codigo2`,`nombre`,`iva`,`precio1`,`precio2`,`precio3`,`cantidad`,`Categoria_codigo`,`Marca_codigo`,`UnidadMedida_codigo`,`Ubicacion_codigo`,`proveedor_nit`) VALUES ('3374650016597','0','VALVULINA MOTUL SCOOTER 80W 90 150 ML','19','7','10','16','0','914','2222231','2','22','9000672751');
INSERT INTO `producto` (`codigo1`,`codigo2`,`nombre`,`iva`,`precio1`,`precio2`,`precio3`,`cantidad`,`Categoria_codigo`,`Marca_codigo`,`UnidadMedida_codigo`,`Ubicacion_codigo`,`proveedor_nit`) VALUES ('3374650239002','0','LUBRICANTE CADENA MOTUL  C4','19','33','37','50','0','914','2222231','2','22','9000672751');
INSERT INTO `producto` (`codigo1`,`codigo2`,`nombre`,`iva`,`precio1`,`precio2`,`precio3`,`cantidad`,`Categoria_codigo`,`Marca_codigo`,`UnidadMedida_codigo`,`Ubicacion_codigo`,`proveedor_nit`) VALUES ('3374650247205','0','ACEITE MOTUL 5100 15W 50','19','26','41','44','0','914','2222231','2','22','9000672751');
INSERT INTO `producto` (`codigo1`,`codigo2`,`nombre`,`iva`,`precio1`,`precio2`,`precio3`,`cantidad`,`Categoria_codigo`,`Marca_codigo`,`UnidadMedida_codigo`,`Ubicacion_codigo`,`proveedor_nit`) VALUES ('3374650247304','0','ACEITE MOTUL 7100 10W 40','19','55','60','65','0','914','2222231','2','22','9000672751');
INSERT INTO `producto` (`codigo1`,`codigo2`,`nombre`,`iva`,`precio1`,`precio2`,`precio3`,`cantidad`,`Categoria_codigo`,`Marca_codigo`,`UnidadMedida_codigo`,`Ubicacion_codigo`,`proveedor_nit`) VALUES ('3374650247359','0','ACEITE MOTUL 7100 10W 50','19','24','30','50','0','914','2222231','2','22','9000672751');
INSERT INTO `producto` (`codigo1`,`codigo2`,`nombre`,`iva`,`precio1`,`precio2`,`precio3`,`cantidad`,`Categoria_codigo`,`Marca_codigo`,`UnidadMedida_codigo`,`Ubicacion_codigo`,`proveedor_nit`) VALUES ('3374650247410','0','ACEITE MOTUL 7100 20W 50','19','47','64','65','0','914','2222231','2','22','9000672751');
INSERT INTO `producto` (`codigo1`,`codigo2`,`nombre`,`iva`,`precio1`,`precio2`,`precio3`,`cantidad`,`Categoria_codigo`,`Marca_codigo`,`UnidadMedida_codigo`,`Ubicacion_codigo`,`proveedor_nit`) VALUES ('3374650299440','0','ACEITE MOTUL 5100 20W 50','19','35','42','44','0','914','2222231','2','22','9000672751');
INSERT INTO `producto` (`codigo1`,`codigo2`,`nombre`,`iva`,`precio1`,`precio2`,`precio3`,`cantidad`,`Categoria_codigo`,`Marca_codigo`,`UnidadMedida_codigo`,`Ubicacion_codigo`,`proveedor_nit`) VALUES ('3374650303123','0','ACEITE MOTUL 5000 20W 50','19','32','33','35','0','914','2222231','2','22','9000672751');
INSERT INTO `producto` (`codigo1`,`codigo2`,`nombre`,`iva`,`precio1`,`precio2`,`precio3`,`cantidad`,`Categoria_codigo`,`Marca_codigo`,`UnidadMedida_codigo`,`Ubicacion_codigo`,`proveedor_nit`) VALUES ('4008177191206','0','ACEITE CASTROL POWER 20W50 4T','19','29','36','39','0','914','2222230','2','22','8909009431');
INSERT INTO `producto` (`codigo1`,`codigo2`,`nombre`,`iva`,`precio1`,`precio2`,`precio3`,`cantidad`,`Categoria_codigo`,`Marca_codigo`,`UnidadMedida_codigo`,`Ubicacion_codigo`,`proveedor_nit`) VALUES ('7704790204466','0','HIDRAULICO MOBIL AW68 1/4 LUDESOL','19','16','20','22','0','914','2222233','2','22','9003874750');
INSERT INTO `producto` (`codigo1`,`codigo2`,`nombre`,`iva`,`precio1`,`precio2`,`precio3`,`cantidad`,`Categoria_codigo`,`Marca_codigo`,`UnidadMedida_codigo`,`Ubicacion_codigo`,`proveedor_nit`) VALUES ('7704790204787','0','REFRIGERANTE STD 1/4 TERPEL VERDE LUDESOL','19','4','5','9','0','914','2222233','2','22','9003874750');
INSERT INTO `producto` (`codigo1`,`codigo2`,`nombre`,`iva`,`precio1`,`precio2`,`precio3`,`cantidad`,`Categoria_codigo`,`Marca_codigo`,`UnidadMedida_codigo`,`Ubicacion_codigo`,`proveedor_nit`) VALUES ('7704790205357','0','ACEITE MOBIL  20W50 4T TAPA AMARILLA','19','26','27','30','0','914','2222233','2','22','9012494137');
INSERT INTO `producto` (`codigo1`,`codigo2`,`nombre`,`iva`,`precio1`,`precio2`,`precio3`,`cantidad`,`Categoria_codigo`,`Marca_codigo`,`UnidadMedida_codigo`,`Ubicacion_codigo`,`proveedor_nit`) VALUES ('7704790300977','0','REFRIGERANTE MOBIL  1/4 COOLANT  CORROSION IN','19','5000','10000','12000','8','914','2222233','2','22','9015817900');
INSERT INTO `producto` (`codigo1`,`codigo2`,`nombre`,`iva`,`precio1`,`precio2`,`precio3`,`cantidad`,`Categoria_codigo`,`Marca_codigo`,`UnidadMedida_codigo`,`Ubicacion_codigo`,`proveedor_nit`) VALUES ('7707036900191','0','Banda de freno boxer/ japan 101014','19','16','19','23','6','905','2222227','1','22','8914090064');
INSERT INTO `producto` (`codigo1`,`codigo2`,`nombre`,`iva`,`precio1`,`precio2`,`precio3`,`cantidad`,`Categoria_codigo`,`Marca_codigo`,`UnidadMedida_codigo`,`Ubicacion_codigo`,`proveedor_nit`) VALUES ('7709990212914','0','LIQUIDO PARA FRENOS HIDRAULICOS DOT 3 240 ML','19','6','7','9','0','914','2222233','2','22','9003874750');
INSERT INTO `producto` (`codigo1`,`codigo2`,`nombre`,`iva`,`precio1`,`precio2`,`precio3`,`cantidad`,`Categoria_codigo`,`Marca_codigo`,`UnidadMedida_codigo`,`Ubicacion_codigo`,`proveedor_nit`) VALUES ('7862101152063','0','ACEITE VALVOLINE 4T 20W50 PREMIUM','19','19','22','30','0','914','2222235','2','22','9000672751');
INSERT INTO `producto` (`codigo1`,`codigo2`,`nombre`,`iva`,`precio1`,`precio2`,`precio3`,`cantidad`,`Categoria_codigo`,`Marca_codigo`,`UnidadMedida_codigo`,`Ubicacion_codigo`,`proveedor_nit`) VALUES ('7862101152070','0','ACEITE VALVOLINE 10W40 SEMISINTETICO','19','20','24','30','0','914','2222235','2','22','9000672751');
INSERT INTO `producto` (`codigo1`,`codigo2`,`nombre`,`iva`,`precio1`,`precio2`,`precio3`,`cantidad`,`Categoria_codigo`,`Marca_codigo`,`UnidadMedida_codigo`,`Ubicacion_codigo`,`proveedor_nit`) VALUES ('8003699012578','0','ACEITE ENI 20W50 RIDE SPECIAL MA2 L','19','25','27','35','0','914','2222236','2','22','9000672751');

-- -----------------------------
-- Estructura de la tabla `producto_factura`
-- -----------------------------
DROP TABLE IF EXISTS `producto_factura`;
CREATE TABLE `producto_factura` (
  `id` int(11) NOT NULL AUTO_INCREMENT,
  `Factura_codigo` int(11) NOT NULL,
  `Producto_codigo` int(11) NOT NULL,
  `nombreProducto` varchar(100) NOT NULL,
  `cantidad` int(11) NOT NULL,
  `precioUnitario` double NOT NULL,
  PRIMARY KEY (`id`),
  KEY `Factura_codigo` (`Factura_codigo`),
  KEY `producto_factura_ibfk_2` (`Producto_codigo`),
  CONSTRAINT `producto_factura_ibfk_1` FOREIGN KEY (`Factura_codigo`) REFERENCES `factura` (`codigo`)
) ENGINE=InnoDB AUTO_INCREMENT=272 DEFAULT CHARSET=utf8mb4 COLLATE=utf8mb4_general_ci;

-- -----------------------------
-- Datos de la tabla `producto_factura`
-- -----------------------------

-- -----------------------------
-- Estructura de la tabla `proveedor`
-- -----------------------------
DROP TABLE IF EXISTS `proveedor`;
CREATE TABLE `proveedor` (
  `nit` bigint(20) unsigned NOT NULL,
  `nombre` varchar(45) NOT NULL,
  `telefono` varchar(13) NOT NULL,
  `direccion` varchar(100) NOT NULL,
  `correo` varchar(45) NOT NULL,
  PRIMARY KEY (`nit`)
) ENGINE=InnoDB DEFAULT CHARSET=utf8 COLLATE=utf8_general_ci;

-- -----------------------------
-- Datos de la tabla `proveedor`
-- -----------------------------
INSERT INTO `proveedor` (`nit`,`nombre`,`telefono`,`direccion`,`correo`) VALUES ('149','fdghj','532453','fgfhjkl','gkgkl@gh');
INSERT INTO `proveedor` (`nit`,`nombre`,`telefono`,`direccion`,`correo`) VALUES ('15164','gdhfdjfhm','256194','hffjf','dthj@dhdth');
INSERT INTO `proveedor` (`nit`,`nombre`,`telefono`,`direccion`,`correo`) VALUES ('1264946','sdfrhgdh','1654984','ghgjkhgjhkll','hfdj@dfhf');
INSERT INTO `proveedor` (`nit`,`nombre`,`telefono`,`direccion`,`correo`) VALUES ('8600762794','Omniparts','601 5803730','Autopista Bogotá – Medellin KM 1.8','omniparts@omniparts.com.co');
INSERT INTO `proveedor` (`nit`,`nombre`,`telefono`,`direccion`,`correo`) VALUES ('8909009431','Corbeta','018000914066','Km 3.5 vía Bogotá - Mosquera','coldecom@colcomercio.com.co');
INSERT INTO `proveedor` (`nit`,`nombre`,`telefono`,`direccion`,`correo`) VALUES ('8914090064','Distrimotos','63354522','Av 30 Agosto 83 - 15','paulavallejo@cassarella.com');
INSERT INTO `proveedor` (`nit`,`nombre`,`telefono`,`direccion`,`correo`) VALUES ('9000672751','Megacomercial','3144077536','Calle 21 35 46 – San Benito','contacto@megacomercial.co');
INSERT INTO `proveedor` (`nit`,`nombre`,`telefono`,`direccion`,`correo`) VALUES ('9003874750','Lubesol','3158009233','Manzana J Lote J5 ET 2','servicioalcliente@lubesolsas.com');
INSERT INTO `proveedor` (`nit`,`nombre`,`telefono`,`direccion`,`correo`) VALUES ('9009793746','Granados y Compañía','3165232825','Calle 21 N 15 - 28','granadoscom@grana.com');
INSERT INTO `proveedor` (`nit`,`nombre`,`telefono`,`direccion`,`correo`) VALUES ('9012494137','Auteco','46046119','Autopista Medellín Bogotá km 32','servicioalcliente@auteco.com.co');
INSERT INTO `proveedor` (`nit`,`nombre`,`telefono`,`direccion`,`correo`) VALUES ('9015817900','Lubrimaní','3103275512','Cra 4 N 28 - 54 Mani','facuracion@lubrimanisaszomac.com');

-- -----------------------------
-- Estructura de la tabla `ubicacion`
-- -----------------------------
DROP TABLE IF EXISTS `ubicacion`;
CREATE TABLE `ubicacion` (
  `codigo` int(11) NOT NULL AUTO_INCREMENT,
  `nombre` varchar(45) NOT NULL,
  PRIMARY KEY (`codigo`)
) ENGINE=InnoDB AUTO_INCREMENT=29 DEFAULT CHARSET=utf8 COLLATE=utf8_general_ci;

-- -----------------------------
-- Datos de la tabla `ubicacion`
-- -----------------------------
INSERT INTO `ubicacion` (`codigo`,`nombre`) VALUES ('1','estanteria 4');
INSERT INTO `ubicacion` (`codigo`,`nombre`) VALUES ('2','pasillo 4 ');
INSERT INTO `ubicacion` (`codigo`,`nombre`) VALUES ('4','columna 23');
INSERT INTO `ubicacion` (`codigo`,`nombre`) VALUES ('10','PISO 5');
INSERT INTO `ubicacion` (`codigo`,`nombre`) VALUES ('17','piso tres');
INSERT INTO `ubicacion` (`codigo`,`nombre`) VALUES ('18','piso 9');
INSERT INTO `ubicacion` (`codigo`,`nombre`) VALUES ('22','UBICAR');
INSERT INTO `ubicacion` (`codigo`,`nombre`) VALUES ('28','Danielfet');

-- -----------------------------
-- Estructura de la tabla `unidadmedida`
-- -----------------------------
DROP TABLE IF EXISTS `unidadmedida`;
CREATE TABLE `unidadmedida` (
  `codigo` int(11) NOT NULL,
  `nombre` varchar(45) NOT NULL,
  PRIMARY KEY (`codigo`)
) ENGINE=InnoDB DEFAULT CHARSET=utf8 COLLATE=utf8_general_ci;

-- -----------------------------
-- Datos de la tabla `unidadmedida`
-- -----------------------------
INSERT INTO `unidadmedida` (`codigo`,`nombre`) VALUES ('1','Generico');
INSERT INTO `unidadmedida` (`codigo`,`nombre`) VALUES ('2','Original');

-- -----------------------------
-- Estructura de la tabla `usuario`
-- -----------------------------
DROP TABLE IF EXISTS `usuario`;
CREATE TABLE `usuario` (
  `identificacion` int(11) NOT NULL,
  `tipoDocumento` varchar(50) DEFAULT 'cedula de ciudadania',
  `rol` enum('administrador','gerente') DEFAULT 'gerente',
  `nombre` varchar(45) NOT NULL,
  `apellido` varchar(45) NOT NULL,
  `telefono` varchar(13) NOT NULL,
  `direccion` varchar(100) NOT NULL,
  `correo` varchar(45) NOT NULL,
  `contrasena` varchar(255) NOT NULL,
  `estado` enum('activo','inactivo') DEFAULT 'activo',
  `foto` longblob NOT NULL,
  `codigo_recuperacion` varchar(6) DEFAULT NULL,
  PRIMARY KEY (`identificacion`),
  UNIQUE KEY `correo` (`correo`)
) ENGINE=InnoDB DEFAULT CHARSET=utf8 COLLATE=utf8_general_ci;

-- -----------------------------
-- Datos de la tabla `usuario`
-- -----------------------------
INSERT INTO `usuario` (`identificacion`,`tipoDocumento`,`rol`,`nombre`,`apellido`,`telefono`,`direccion`,`correo`,`contrasena`,`estado`,`foto`,`codigo_recuperacion`) VALUES ('123','cedula de ciudadania','administrador','Daniel Leonardo','Lopez Baron','3004401797','123','danielbaron297@gmail.com','$2y$10$8TpIGt7XzhCBZkoLBgSMCOBPzkeMZWqYFzzVeh6eaa9B6Hmmq/L4S','activo','\0JFIF\0\0`\0`\0\0\0C\0	\n\n			\n\n		\r\r\n\0C	\0+\"\0\0\0\0\0\0\0\0\0\0\0\0	\n\0\0\0\0}\0!1AQa\"q2#BR$3br	\n\Z%&\'()*456789:CDEFGHIJSTUVWXYZcdefghijstuvwxyz\0\0\0\0\0\0\0\0	\n\0\0\0w\0!1AQaq\"2B	#3Rbr\n$4%\Z&\'()*56789:CDEFGHIJSTUVWXYZcdefghijstuvwxyz\0\0\0?\0S(\0(\0(\0(\0(\0(\0(\0(\0(\0(\0(\0(\0(\0(\0(\0(\0(\0(\0(\0(\0(\0(\0(\0(\0(\0(ׂ5ݹH:ŜP߁ 6M?j\r9~6hO>I-߳¡:rK^/?$o.#	OLowk]cǟ\0)x[V{6# snszd7ף\04\0g\0Dg\rEMk3yw ؠa\"!?qG\0\0=BǾɨZ%Y\\)Ty?(~Yx?Q/.MVaZ\r-Rٝqʪv?xט|wκ.|BP+\\=idd]pYT\0\'|_*scILp5g	TL:m-4i&\r6T2\rwvc^\nٿ.?^;׀h?x\0e6w_[f@܀!޿\noox7\Z\r>|gPj|7&\0$hZ+5Zxz^nmdN9V\ry9\\oҖlx\":<2i\'l?C[\'_\0mo3f-MG@shX(Ƹ}/\ro44Nrb(+3y\0xC-<7ִg\"/hvҨ!eQpt=^ѼQxú0ŭջXd0\"\Z?	ԇot[,nxhثgKm`F@Vj)Mg\net>E>An8[ |kii-{7k.jolJ@-P4-\'\n]7ڥxݮHY,e\'VVPr5Z\\gu\rH&F~e9\0Nv65cuz	(,~kwů)s$ktv9\Z&>EB~\0G㇌!\rm<!-7M.5`BNR(A@55uXU8\0G\0S>\0|x\r\'y~0|Fͦ륰|#}mu@\r\nV<(\r+\'\0\ZikogĳIMO#qフzT\r:;_.GR̎ٝP\">ƽ7ÿO3\0	!:irxXU؂=k;M.1\"C.iQE(\0(\0(\0(\0(\0(\0(\0(\0(\0(\0(\0(\0(\0(\0(\0(\0(\0(\0(\0(\0(\0(\0(\0(\0(\0(\0(\0(\0(\0(\0(\0(\0(\0(\0(\0(\0(\0(\0(\0(\0(\0(\0(\0(\0(\0(\0(\0(\0/<k:<;\0MTḹ#*\"\Z\0,-\0x\Z3Őn6vcU2+(|Vx:\r֭xZT{[8Lk>Uym\Z|A~#\\*Yy@=B0SAHO|^m)u/~U]_^޶oYd,Zߋ	7ߎ\0+4:)X9V܎Gos[a1IZ@;8&S⁞ex\Zn	JMfB6U1zW菄?^	1㿊Z֠Fťjta\\|;|_;jMvS$`2`,čȯ:	l_\0\0V6፞4x#n>?M_y #?/LZd:YR!꣑^⥿~#$k-ƝhctHP+skg?wI?G4kM N\0uBHF\0P+\0Nkǖ70HQ7\'Q_Bx	Ve}CRn|Est1`0U qA\'|)~zkgWIW4C H2!S⮿,_^|\ZG26nǪrqAƀ8K.xĿN4#jZ{6{$Z,x¾y<_|A߈&xV׊^S.\Zgf$(<*.z*\nQ_ROس⧌aK[UU4V૬htQ_P0(W\0GƯ\\xƟޓԴ;Cww;􌖍36w\n19IdMa!`Օ#\0e?cĿWkJtyR9f(oJǻ!1=Gh?b?Sǟ[_1x4}R\rOo$8=~n_jZl-d,\'d\"}6RA}g/AA|}>:r.:	i0.\n*yA5x3VOXJ\Zd9^DrWqh!?2W %➟|9AK(Y28):\rcѫN/|O\'cL|]6co&-EA!.r=x.kc~ɿU+߆ciu)PrwƟMW</g\'WJ\0jvOٿv84I`b2b|tE~W?P/~BHm@f23<p?*r+cI<?(Af:=Q}	G\\C!5֓~V9P X}|g/xɼ?~\"#[C[=U*B0GB:3\0ko[EƯJk\0Wx?\nAJxwR\\4XG\"tjdOH08s4C_4|q9I<sc37+f\0rr=Ys#<\ZM+¿iPMy\Z_]Y:Hfǖ@Pqrp\0~XkpV]Ưd@qШm-mmac54^0\0SPHQE\0QE\0QE\0QE\0QE\0QE\0QE\0QE\0QE\0QE\0QE\0QE\0QE\0QE\0QE\0QE\0QE\0QE\0QE\0QE\0QE\0QE\0QE\0QE\0QE\0QE\0QE\0QE\0QE\0QE\0QE\0QE\0QE\0QE\0QE\0QE\0QE\0QE\0QE\0QE\0QE\0QE\0QE\0QE\0QE\0QE\0QE\0W߶}Vz4yGUr}_p@~N/Vğ \\IFR4gyW\n;[;x%qU@:\0\0TPs?5x\Z>6yͲ$6m_,mٔA ^\\N(\0RMۨ-kGI1©}aE\0~~\0k-?~&|nӼcvgnΑ3&E8PI  ׎}/F)6aaBE>lӁ/tXմ?\\4]Z;BK[$Ybu*GƾM)\'| kדiAJE#p7_IP\0fϏ\\爴KJgʿ\Z-[\\В0<i6<|T/i>&74[{Yu+-\"]BBZBJd޾kORԼ3|K|<oQ\r|LŦvWuH,L(ݵcb<\0C?_.t\n3Ǚ{fۊo}W\\KkuE4.c6*=Az[t\ZO~Doa8vPxIl\\)\\ע|R;\0ڣD<[$|x,0P]p\Z{t8ܬC1o+@Ϗh/ɴJ{Kv),3RHve<(W?~\"k_\Z@_:Mɍǫ2+<J-twL}])13x$FO{ĉ;Gu?izu\\N\\|\n\'i1`G~&׉MxfUQB~fh_,\0\n]AjEac+*,#P29u\r)/|;t;}n;vԤgC;L03_nw!!mC3=ׇu)l2Kwpy?tH3[.^<Ex-\\4_:[9\"	$n6ToQU^x\0_wuqo\Z,^\"ݨ[OJт;qp;WKqJ~-O~ȚΉxm<9D^C]\0<_u[O+RԂ.\\\r0p3`8ܬ\\Gs\0*D5Lm}RoQ\r-C-s 3}E\n,\r_G[]D\"˺9U88\Zh_+3qViH,},\0R<㢟R/׏EZ-&-37B]J4_bI^đڻj((AEPEPEPEPEPEPEPEPEPEPEPEPEPEPEPEPEPEPEPEPEPEPEPEPEPEPEPEPEPEPEPEPEPEPEPEPEPEPEPEPEPEPEPEPEPEPEPEPEPEPEP_!Bio|\0ͧk\'Q@m ;cw`G׵\0`\0?\\\0@i~(~*xRA#BKJ0=0E{OY\0kM\r[wI\0eJ\"jV`d!ٓI?&w$rTH?d0V[vơPX^gE?g-(?7 2ɨkƭ\0\\+(\'~_>/l7JŠx~ZZH[oY>$k\0-2|\rEvמ$,[e槨LtU\n{@>,m0d>zf\n+IXxX~c\0Z\0=]|nOMi<wk:oouKǺ<.82&[ZMi\";P5r[oX>\0:Ϊ(AEPEPEPEPEPEPEPEPEPEPEPEPEPEPEPEPEPEPEPEPEPEPEPEPEPEPEPEPEPEPEPEPEPEPEPEPEPEPEPEPEPEPEPEPEPEPEPEPEPEPEPEPEPEPEyi\0$|g?D-o>xϣGfSB+\0~ɱc?8%>+\0\Z\0G?Ow/|\0:&|2Wo>צj}dO*l0dP4|M_{xcO#¿o_@ֵ]GP=MDH݋`u@=+⿇~xCodKc\'q{\rc\0t8fXϔ\Zh|B(Mm/rk?7\0j?c{u	+?u~~<IGgZï[qkxO>8I@h\0j1R7p?*\'FH:2#Ak+U*??~UԀS@&Wo%~\r\0N\0h>g>	g|-#kjw^56s˺bcFN1@W~\0}~\'&\0(uʺ,f;/Edx_񶖚߃EV}ۋ<k^\n(\n(\n(\n(\n(\n(\n(\n(\n(\n(\n(\n(\n(\n(\n(\n(\n(\n(\n(\n(\n(\n(\n(\n(\n(\n(\n(\n(\n(\n(\n(\n(\n(\n(\n(\n(\n(\n(\n(\n(\n(\n(\n(\n(\n(\n(\n(\n(\n(\n(\n(\n+5l[R4F|SFO#IgS}paoy@W/hן7Z-cR\'W62b>fl\08ⵖNGʉc_]c M:oQ\0VQyveG?L~6IGűxU/N1nolކ*\'#$^\0\0\0}Est\0k\0/k~u\'OYKyw㸑Bq_5/8o/|Rg/fb,lVL79j+ \Z7~W?K\\{[Y\'6m$EÀx\0f_vPX{D]:-ST7)X|n+3Ҹ_)߳BƺkY00I\0y_b_[}oKnD،z픆+\0yQ^J3Z\0$f/|B{Hs} }5!{\0sV\"0FPr$xhO¹Jx:Ώq=yٔe^y^o\'ċy9KǞ\n~\0W5\0F\ry<mux>]_np08\0Ig?	\Z\\|:ԵN:P]y\rPI]ʓ@\"?8ks\0iMj4>	ҴՕKsf#Ofx7]zlmOIpϱc\rcb᷸[XBHbSv;gnq@3\0{?<D?\n\0\'|4mANuFѓ;\\?:s`6Z[\\I{6y4IɆd r7{\0?[Oi1m]VvMҀYGr!\ZC1Ѿ.|7u8i%F\\qhS؆	\r~x\06~1{ď_ƾ(Ѵ~r_\\d2|3aTw\nsVc^ivJ#fRA(\0(\0(\0(\0(\0(\0(\0(\0(\0(\0(\0(\0(\0(\0(\0(\0(\0(\0(\0(\0(\0(\0(\0(\0(\0(\0(\0(\0(\0(\0(\0(\0(\0(\0(\0(\0(\0(\0(\0(\0(\0(\0(\0(\0(\0(\0(αF\n2X\0(W|Hg߅j^%g6:t>\"ݰ\0gGgMKkd%/$}dP?@?ay<uA$@OCp	v~H|H?h\0XWz5zBf%޼BnCW.};\n4?2\\&@ejO%?/_,F\0~<Zz폄ʈKs봅Jbc<I/_6]{QկO<O\\MgQE\n	7\0#?_Xk:	7\0#\'?\0ђ&~QE+MS\0J+\0(W뽇G@_\0Ə\'Lw_5|C]*EKYcsq\0X}c׍./|\\]V(fm\rXD}s|s\0i+_ۆ?w#qy=7ΗM-;v0q\0=&\rWOO?AVK	Q$j`f۸CQ&0_^?8H\n/xM<8|}	*G W0Ko>\0?~¾ Wo2C<n\'02Hekr<IYxrVH:\ZǄល\0i~+Iy58,duWFky(v6,5(4kgR|Iq|#009@-_T\0hW>M:mQ5_?\0:\0I\0ҸzaEPI[RuK5\0\0տ+VmUz[_ϭ~O\0]%|6K[ФVݶ0v8`E}=\n}&;Oh7l1;\0vugoß)7Frj~J{lMn=V<{%|\\aӯc_ġ8k\0O]O¾\"k9[>Kyѐ@X?\0Q_7kx05YǴѲ}wԿ\r\0	.?5]6{iId_ᾴ\nW_	([ǀ~!hz8ϑoxhOb$_Ev(\0(\0(\0(\0(\0(\0(\0(\0(\0(\0(\0(\0(\0(\0(\0(\0(\0(\0(\0(\0(\0(\0(\0(\0(\0(\0(\0(\0(\0(\0(\0(\0(\0(\0(\0(\0(\0(\0(\0(\0(<Sox^2NZ:8\0ۢN\0(|[x^MSTiy6凬uV|\ny54}v\"Fn{H@~@~zɨ\ZC2Oq*\ZY76|;Y\0|E}t8Ֆ\"_^4#5]:޶-\"\0Q\0ZGOzgl4hBj#]_iM$k\0.qM{o?5PדEP0(\0(\0<\rgĻuqٶvޓ{\0ruoFOgl?dS\0;5h?u\09+}LԚM|/\\85I&mok\0H	4T7v}׳6ѴH\nb{\05Λ\0*<Aq^k}341Sۭ\0zl=FPj	>\0j*\0U{-|2n>扮+.w(\0j<S@\0\0ɪxTt	\0i+o.տi_>m6oc,ز2bi\0\0C3G\0i^].;=1է$-c	8DpI$u&/3|7:qkQtɮ6KHA#c\ZQyC\\|{VV\0[9\0u?|Q[㧆t/::Mˬjiuyjey<fM b~Y?g\ZHʫ⯇\01Zw6xc<I蚆x3~i\\Yvn>@G/Z~5K;-k|74r.gr2\Z-xu>6x)\Z]6kS_2X4OS]ǭgXc?V׵kJ}KZno\'ic\0#Kï\Z+wO_5?W~I,pM\"\Z)ff8\nRI(Exo\0v`Gzed}Koϑ؈DVoo/	[\0=ukRs:	ڢhgppk@\0/k\0:A2[:ć	@~.uĬ;ց:(((	ml[;`VHܫ)#^$VWV,bZ_8w?q;W@?\ZD?.-\\df&{L0G\'_R=\0g߉\\>1+~q@~ҫ2e$Ў\n0*VV QN_/rG\0očf3g=\0ReG}G\n-=OաY.Zl{rJc6|GhS:ZA)&\"}ڽOtZ;.Q淕dǳ) \"Q@Q@Q@Q@Q@Q@Q@Q@Q@Q@Q@Q@Q@Q@Q@Q@Q@Q@Q@Q@Q@Q@Q@Q@Q@Q@Q@Q@Q@Q@Q@Q@Q@Q@Q@Q@Q@txſg{	n}R(Rٶȉ%+{d3_<CBM[^r/<g$Yw~>&>i\0ɸQE(\0(\0(mmn#y$qD\0IW|7\0i/Շ&Ѵf\"ٮq~{Q_\r\0\Z%y_-e=A@YVq,T\"?\rw9Kf[d	o]ڿM̔_S|9\0TaJC:T\\z\\+W*E\n\0R+?;\0f~U>]krwCJ+6;-:[xlpDAS@ox~?\\gMbd?~T~<?A/|ax^Jv.b\'z\Zp\0(쥪6?	MyPĖ牐qxrF\0An \Z>!|<xαklD\Z2ýw&{n|/V}uXPc<:\"/ΝZZxԛ{U)\'\\~Sԑ}y;wzO]B0$HmCЌOPEׂmxM\'P2[W\n+0\0W?]\\|	2xA_3Idq6k`N<\no	=j2~mhb;4;֒`vȬQI8@+~k>+A퍸oNۂa[!Pz3\0Wן~Z)j.5d0-#U\"_&6g^\0\0_\0b\06ڋ_\0q@\'i셼VͤȲuK3HXl^G^kOx\'GAm֨-徚ʹI fL2I}oph\0=ėv*~~Go_kW[\0e\0.e~[lSYbVh?~m|/jlz!#˙Ž}gyi%獭y7>vb6`v6U\Z!+ԵKM;CmkXĚmĭ!.cgv=PI>\0e|%¯^jZ\ruqmm,Vl\n[,8g,x/zշ4W:u;s\Z:r2FG~7/27|\'gI\'o4hqIpA Zk_W~,<?}xoI3jWJQa܁}3e|#G[#\0>|`	^~*S\Z]&8,Kʃھ⦟ۋڍN~i.h,\r|[\0+x.ǅgD&ohwo1ܪ龼oįkkHmFIҖO\'~Ag>G`R~о1hl%fK˭ZS<Bc~#7g,<!}&JpAxd$>$0~4xg̺xdA?ݑ~Es;?\n$|36>>NQ߁V;?O-dm]C<K\"0*+~$~oĆo.|?j!ϼ`5o%WZ[υuHz{y_-F;|(i[\ru{KhM]b,w;‹4QE\n(\n(\n[WKx\ZΆ-ۤoy߈5Q@І46S6vbVꦐt%㢭@QE\0QE\0QE\0QE\0QE\0QE\0QE\0QE\0QE\0QE\0QE\0QE\0QE\0QE\0QE\0QE\0QE\0QE\0QE\0QE\0QE\0QE\0QE\0QE\0QE\0QE\0QE\0QE\0QE\0QE\0QE\0QE\0QE\0QE\0QE\0QE_Iw~+?ݺON_\0\\~0>\0\'J\nAEP0/g^,ԣ1j{;vn~?O/\0\nZ-cJԞ=B텴o,JDQ$a{?=Xڤ)ǨP3@~N7\0sў8hn<AB\\;TFo#,6ޕ\'ß%?7_<Ue{xG-qWڔP+o~\r+[Z6Jimѥ9vIʊ(QE\0QE\0QE\0R2Q2dKE\0|s	5߉>SM%ͧHrOɐВH2%|}yo%\0_n{]yE-|_~W6Z^[<)I#C+JsែT/í듅m[O=^\0\n|$į~b4ۭ\"K&)A\"B|\'\'\rg|l\0u[75Ao6=r?\0WךG\nχ\Z/7]>Y$9nPy\0%?7so*ʠg꽪_ԼWSkRjK{Hdݛ̐\"ɓqIc\'N++þ$Ң/.KA5XZ;w8<P3 ?ǡa~Եo^Z_JQ|BA+_ٟ\0d\0 ?´h)_zƓwE6E6Q5)y:OHAȯ,RԠuB6Se4^5v__ZA/_tk7T\\\"yDɀ6nr+n4~ο\0#7<7qwqp672Js/K\nW\'\rzi%N%V/&)B2Fg\'+m\ZƓg\r;[\ro!\\?/g*9@PE<o㧎C-u(@>[<2l{83;IF%bB=tڈJz7,?~Ǿ\"i~<YȂvƤL1ހ>w\0z?<z~n;r~Bx8A\"	$5)<\'cv\0h]jW[I)c!ϪK/\r4X|:}+.ٯ2;|Q\n:sξg\0?tyU~}).~0Q@(((&)\0<]KkɲMKT\0{#\Zg\'Eo>LnJX6e=x*WT5؏f]_5M:\0hQ$=ouxRuA^|WFݭ xF.6y?ٕp(W\0wOl\0YN}>k>GY2c<_P0(\nXu*zk~%Q@Q@Q@Q@Q@Q@Q@Q@Q@Q@Q@Q@Q@Q@Q@Q@Q@Q@Q@Q@Q@Q@Q@Q@Q@Q@Q@Q@Q@Q@Q@Q@Q@Q@Q@Q@9\0BWwS4\0q_%\0]߲/Nk_(g۾;o_\0%om߳\0v\0^AEPEPEPEPEPEPEP^J~	.]KĞ!)`K,#vC+Gc{\0(&xh_~??zyʗDe$ \0p__gč7ߴǉdO?lmwgW`toVh_\0o}fdy\0jO3μlR3/\'\r~m?W?he񞱦|eЭ[6Z\r2(mF=ctrkWM-f8\0DܟʁDq!L6}x_$#o]|if?7|о%9{%A\'<nBy^?2c\n&<\0>mIٮK(R&`<c?om=?Hs{==]`r;3s4<V?%/UZO^-t	l2=34MEl7m6+Hw.4\n=\0PHQE\0QE\0QE\0QE\0QE\0QE\0QEIãP%~YGYxa}|YW U}N)*[Uu\nȣg+KEQE\0QE\0QE\0QE\0QE\0QE\0QE\0QE\0QE\0QE\0QE\0QE\0QE\0QE\0QE\0QE\0QE\0QE\0QE\0QE\0QE\0QE\0QE\0QE\0QE\0QE\0QE\0QE\0QE\0QE\0QE\0QE\0QE\0QE\0QE\0QE\0|\0\0]߲7G:a\0ʕ~4dgPZ\nAEP3Gim߳F\0ץW-sfTl:((((((((,\0n6-ME@zmeD1*qq_\0\05W1\0>\Zv(\Z9<+jSqiw[KRDw%D#;Y\\_omcEx#?h%K66K5>ّ!x\"\0rh5Uo`D:\Z|1ƫ]/GҢ)/վ[X*$Y2q_7O~~_}-w1rđ3#pGCȯʯ9~<`<9(,|>&d#331r;W\0\'+\0[5\0ϡ袊	\n(\n(\n(\n(\n(\n(\n(>(\07YO\n/P\0~\0V,W\0_鋻R_O\0ǅV4C\0h\n(\n(\n(\n(\n(\n(\n(\n(\n(\n(\n(\n(\n(\n(\n(\n(\n(\n(\n(\n(\n(\n(\n(\n(\n(\n(\n(\n(\n(\n(\n(\n(\n(\n(\n(\n(<]߲g0??o_5Cv.?\0\0[C\0W (,ٿ\0_O*+ԫ?e55?-1^AEPEPEPEPEPEPEPEP__~\'7Ý[WԠOY׍m8@laXSʟ~\Z/\0\Zea\"dH܊FAGxHA\03^m\ZEFKh@Io<y%{ߌ<m|\nRNѯ5ԼCQ_\\d[B?.%Idg(\0hoE\"ȾT?{۽5[Ox\Z~$}S6RSB91p6,\0}4xJ:,N\0mm&KǋCfB$ӌ3>):V|+7GrvVl;XGPk%ηُz;Q;\'-s2V\0TL*(B(((((((\0m\0&?_o\0]o\n_]~C\05AH+K+ĚJ\0z\0k_ź\"{QhQEQE\0QE\0QE\0QE\0QE\0QE\0QE\0QE\0QE\0QE\0QE\0QE\0QE\0QE\0QE\0QE\0QE\0QE\0QE\0QE\0QE\0QE\0QE\0QE\0QE\0QE\0QE\0QE\0QE\0QE\0QE\0QE\0QE\0QE\0QE\0QE\0xOʻe/#M_USo.W\0|\'\0&bj\nAEP3Im߳?c\0Ru\0n>?,\n\n(\n(\n(\n(\n(\n(\n(\n(\nڷd\0>(4f`LrW\09	Po+itHY&IЄ[{RK<XY7\0w[_&_,Hܞ~@|\05xw:_<!`a}L=6  ;5AN4>K[ZBC$E\0(*(\0(\0(\0(\0(\0(\0(\0(\0[\nm\0%m~X-\0X?kFV߁w|>\0X|=]>\0{X(EP@QE\0QE\0QE\0QE\0QE\0QE\0QE\0QE\0QE\0QE\0QE\0QE\0QE\0QE\0QE\0QE\0QE\0QE\0QE\0QE\0QE\0QE\0QE\0QE\0QE\0QE\0QE\0QE\0QE\0QE\0QE\0QE\0QE\0QE\0QE\0QE>!\05LE_uai.o \0P?} (oه\0,cf߱n~H⽦(((((((((((((((((((M\0GoAOj%\07R?R?\n/ͪ\nA]\'U«؏QwO\0{^L%?|袊\n(\n(\n(\n(\n(\n(\n(\n(\n(\n(\n(\n(\n(\n(\n(\n(\n(\n(\n(\n(\n(\n(\n(\n(\n(\n(\n(\n(\n(\n(\n(\n(\n(\n(\n(\n(<c]߲Q\0Pv?_uob.ه0\0,\0ZHQE?kb,;?aM mw\0>Q\\+h (\0(\0(\0(\0(\0(\0(Oxƞ,+{	5+iYh\\I\0ȯ\rmwd_~\0_lͷI7y;e?<mG}Ey\Z>2>41X&\Zھq̰6&Dyֿ?n\0ړ\0i>7xJ4el3V(LBWp\0ՖXE8ԳI=qW\0~LT{6+FHWCKUMsYN{W2iQ.ē$aϡ\n\0<I+׃|7o/xÚ<ojZsy=HrW2+ҿiٿ]M\0h/څܬ;{_K#@\0*I$?_	\0MO=~\Z\0&p\0)_~״zx$[o\0\ZG9]	B\nD}3֮tǺS{*^9#wW/Y῍uVg-\rDO:0\0F>%Y|W⯊z6mm.}NKH\\##Rv<)=2zWWo+_w߇+opY^	9݉w\ZH6&A(zڭ&0so+$q_:?Gi^${D4׼$o[k;g{PB|	u6hyTY)*s2`q^@Q@Q@Q@Q@Q@Q@\0Y)}~Z$_\rWT? \n\01%]]0tꢊ( (\0(\0(\0(\0(\0(\0(\0(\0(\0(\0(\0(\0(\0(\0(\0(\0(\0(\0(\0(\0(\0(\0(\0(\0(\0(\0(\0(\0(\0(\0(\0(\0(\0(\0(\0(\0\0w~̟@?+o\0k3H_\\\0*@QE?ia)>?p?+{x/&ۿd\0n{8z(\0(\0(\0(\0(\0\Z<q#\\<m\\:?eӭ/VhD0Ȭjdg#_MWZ-c?߇oS񭚰,\0(ş&Śgo^(u^P/^I9FbJ\'P\0mc?\0CM6_<mꮺsW-oW<۞գ\'H?J#\nQ8~*ݼ~췯a\0}\0˓>7v?~C~]ơo|Pм:X;A\'~\0.?a_~y__k\0YE\0mCW\0roэ\0?O\0`ڻEi}f8P~3Ѵ^\\$cǰgfzMu>I\\VLE%oȱ<>t_ӮhZ;u?#\0}\0J<pwݝ=|2Fk࿌\Z:?߭?WؿU\rW3,h}wZ骿u߶~w1υvߎof\0ۏր>\0kRkOwjwyV\n/ڋMēdgy9\0iO?ڧo[Tݻ}|m=_{?\rJ~xwg9[cֺ̈́7AX)fHc<\n\0#\'g(Y\r2@&Q?d\0&j/٧B\0+^ǈyk\rXn4\"#8^zG-cw?<3ah61p-ʯl5O\0hA๼9sᘵ=\Z_:9(S\nɄuuoiO?o?xo=7[EKF../7\\cnQ&1\0+o`O\0$a?־}K<7I<=}6jڄ)\0K^\Zԧ|9kQM}e̋vxՈ$\'ִx#J\0+[\0QE\0QE\0QE\0QE\0QE\0jo1_[X\0㶿_\'\0jo?+&KJ젤]2UqU]\Z?e:~QEQE\0QE\0QE\0QE\0QE\0QE\0QE\0QE\0QE\0QE\0QE\0QE\0QE\0QE\0QE\0QE\0QE\0QE\0QE\0QE\0QE\0QE\0QE\0QE\0QE\0QE\0QE\0QE\0QE\0QE\0QE\0QE\0QE\0QE\0QE\0QE\0y?^\0f߈+#]\0E_(gۿd\0{C|?~}?o}$HѤǠPEPEPEPEP_?\\-kUv^!3}j\0^w~M^3\0i|=տe٣^k5ui`gxVP>mxYH`3Tݻo\0y\0ooMK5-^X=/湐vzt/ڿzsh&6ǸL 1@_J7yϬ/U.+\nl\09?1`\0_:o߇zI<w,4+vw\0e?U\r/TKx*0	{]5~>_<:b/jDKr=GOʽ¿ٚĦ?Wy=ZU/\09lxcmjq$N\ZV?,il4\'	m\0A\0<<7tqkNǧG7\Z|1{*?^vױ\"ƢI+8|ƽk\n9_,ղBG2!*\0O?_|5ޝx\\kkwRF!>fqP/ݪ[y.7dG\0\\,~]l~،t9k=Q\0~Ʈ~5\0gZP=OHռ,bI[UB}f_N\nxO߈<I{hKiE<Ws`x\0\00\0.$\0f?L4bNԾ\0_z\0;dgZԥmRH.].\"]I*#@3@_\"~VmZi%-|\\]Mer7H\Z??OWK?XG%-]$>l4L;s$8L\0*@<Wi\"+}V>ׂ?U	%xάr\0I!opsWP֒\n%b\r:Xg5\0F|h|M:ZG;a\0m$q?~ǂ\0襭W-R\0QE\0QE\0QE\0QE\0QE\0~zZ[_[\0mkC?\r4_A&:\nA]5+\0S&\0	\\z:xd\0zP3n((\0(\0(\0(\0(\0(\0(\0(\0(\0(\0(\0(\0(\0(\0(\0(\0(\0(\0(\0(\0(\0(\0\0Rnu\0-(h\0(u\0-@E&7PE%\0-@E&7PI\0Rnu\0-RfMn1w	_\0\r~O,9/mwz=͵\n@2HBI\0d\0\0u\0hZ+޿j$k\0h\0\0u\0w?F\0`\'\'\0\'g?cG}3YkZ7*{׵n$9chEtpUA#\n\ZP\n`K\0RRE&7PI\0Rnu\0-q6+of/<W}k٠[bqo-^hٕw3$nu\0s\"YO>_Z#Ql|qyPH4،Ȼ@[.|>BK6Mi\0Tű\0\0kШ*\0N~~<N6վQI^E8B(\"\0~?~*k+]Y`KQ{iO0I*g\0`{/\n3{>ZͪiErs]E\'g\Z^Z{+(4io4ha]B:]\r)7ğlt/co$۱P`B;\nr(Ƞ{?	4CЦohh#_+vH0K߲_	n\'得\Zwؘv(q^FE\0r:M⁲?SŧM>[_y~r6vgb砮W;Y\0iU\0n\0k2(Ƞ\0~Ē_<wIu]Cvw<j4F\\TEROT\0~!k-?|/ugakcöw©Xوp+-\02a;{xR(PƊQ@\0\0>(\04dPIFE\0-dPIFE\0-+C6_g޿=\n0pG\0.Qwƿ+@RX1aP )$oA<$AH?gU\0a\0gSЭGx7Ǆ|YxoKM5[˧MVe91\nI@\\L\"	L2(hȣ4\0QE\0RQ@E&E\0RdQ@E&E\0Rn\0QE&hhȣ\"L2(hȣ\"L2(h((((((((vӵAlp	\Z[o	>W{oYմ{IU#.Opk+|2\r_H\r6%<$ghO|W:\0Q\0c\0QA\0xGn\0}%~\r᫟^0<W7k;M\n\n2ٿd_3~\0|?㫉h#Xkq%k](KQA4W%,J2Ah$k\Z\0\0x{q|	}{xPH	_\'F$IW_<}/>!xM\ZҎIT3aGZ?\Zk~:]G^᳜<[h!\0T#\0D7X\0_j/v?P^\0/5^*~\0G/h\nu\rHuޡq$ȄDj	f%5~(O|\nm\\>gK(!r>$4GXY~\'?xZ鐵(RON\0a\0]Gh=]^\\ɒƽN$\0I Wkx[Cƍ=>bl{\'<eS%s__i厃[t&h_R 8ب=@\'8뎕\0c\0QA\0xGn\0\0\r?u\0\Z(?\0\r?u\0\Z!\0U}Ec!\0U?ਟ*x*\Z\0__$LH7pg<1{8Z+9TW{1}p	__77[_&%ί\'d6&K%xUCL8#սVH&#H}ABE~\03I(`bڋ*g>+?CuE\0ƫ?\'\0AAV?P^\0/5G>+?CuE\0ƫ>+?CuE\0ƨ\0xGn\0~_Q@XA\0xGn\0\0\r?u\0\Z(?\0\r?u\0\Z7zƱcGKVbWmj2WlmGM5h·ZT0U$1Ht}+\0]xMGRK}\rurdC	]C0/	=73?^x/]jVwmm<鞵\0#\0D7X\0_j/?\0\r?u\0\Z!\0U}Ec!\0T#\0D7X\0_j/,~\0#\0D7X\0_j</\0{kk:w>Z&q0P]B;)ycRw3zWU~$|]x\Z0ŭݬ6:4m*~u,!%wMnOp>wm?|C}ԗ\ZFn.mHnH*y0 29MXVO4>|BZ-A-tY>eGL5/*\0&<is.g?A  +	+:*߂;_>el.9l@JO|\'į#\Z\0	+:+\'>W\ruQ\0\0Dw_qEc	+:(\0|J\0;\0\n\nwSh?ρ5XF&6V8M.\n?_fXj::yݥ	!	ȧ+.AWe^/=G\0}$Im%?!?Bހ	ioj/xo\0a^iivqFqx\0>`1c\"y%zmY*B(\nX2x{7&_xtMa#7wc?7FϜ~UƟ~>㛿|@ZrRxaGO$\\X\0|J\0;\0\n?k\0?¿>,~>%\\O_G|5\0_tP?A?k\0?|\'į#\Z\0Ϻ(\0\0<A\07&ܻtൕq).sxn\09\ZfVA E\0YxC+}[\ZCKnOr:hoۣho\r\'Q0>E%pv	/|~\\5վq}Sn{ eؓt\0W@ׇx\'Z\0\r\'B{˧2{*I\'\0{G\0k+FdҼ+HtHE͔)wS`M>23-p\"ʤ3g>W\ruW\'>W\ruQ\0\0Dw_qEc	+:(\0|J\0;\0\n	\0\0Dw_q?଺O|i2x.M\"UIR:\"?V\\H&eCwiu\ZH9QUU]\0nz<YwS#IǙ-rc<HfkDV\"\'J	T	g>kkmi\"F2Y\0~x|f\0Zgz$tuK!L<N1ۓ־8_^|1iqqxcYe?y!dG߂݀H\0|J\0;\0\n?k\0?¿>v?A?k\0?|\'į#\Z\0Ϻ(O_G|5\0G>W\ruW\0`5Ka>L\"CtW[quO\0|C¶6&mhbHn l :`״̿_ُCTѾЯ$_]C{9@r8,~nOx_1\Z\Zf@WS62x\0I Me|%`o|L\Z-0\0$2HW~-FӼ-	Ct<3U輞IV=#XEB/|%gv[RH´*\0ge\0>%\\~}@~>%\\O_G|5\0_tP?A?k\0?|\'į#\Z\0Ϻ(O_G|5\0G>W\ruWoG\Z](:eB<I$=Tz~\0?|_Zo<\rK\\Xe<ч\r~ɿO|+Vzciu{>JEv#+8<TRR (\0(\0(\0(\0(\0(\0(|\0~\0/\Z?jٺW?W\"\n\0\0m&\n((&_[\03y!3.semS}k2xo7(G/>Iu\nu1.OKY:}Ω\\$p\Z)fb}\0K???_[H3F>\'y6!L?zG_>\'p-+7}E^g@QE+?\0$KW~\0\0@\0կjϣn4	>:#ۧM\'_GQE\n+[^?|\'CXXݦF\'\0ϸ$~.\0<\0M\0p4Wq{;&g>|-UM4KLj	fbW\0\0	$W@Q@4\0\0Qo\0*s\0\0Qo\0*	g{\0\0VfQE\0QE\0QE\04\nZ\0լJ?-jj\0[_?b?k>-ğ1j?4(aa}^鶓]]\\\"P*$$~.\0<\0M\0p4W}\0\n?&COo5;9ndhgd(e<c@袊\0+O\0Gu\0`Z,?M\0҉h>:~U`S\0\0\0Q\0Q@¿o-?ĺ+7Tu+\r0# w\0DV\0~\\ڊ~\0\n6»3Dң]g KLy`8x\n(?\\?o#\0%\\xkx\0j7M5\0+O\rA=O*(+~P[K\0ť<q5F<1@wzPQ^\0%\\?\0w\0	72Tt[W9\'xJ#;@v<z\0(\n\0ؗNc\0ZB%\0e\0a\0_sM?o\0CJOsM?o\0CJH(WS.xOǆnu\\[mH@f~_s\0\0j+o؟дsV3X]]LA(RgA?x\0QE\0X\0!m\0]\0BY\0ȯ\0Ert\0[d\0ЅF+\0`\0bYs\0]\0B5^js\0]\0B5^+GþּYXxgú|ڦpvѐ\Zi\\TdOs@W\0	~Co\0(\0?\0PQWuT}n5\r6K[wF*qAqT\0(g\0Gk\0`\0҉ko\0\0a\0ҿY?a4(&\0nO;??-(%nxUQAAEf\0Z׼j]F`$P?@_læh3\0\0UGO~+ |7Մ7.23VUܸ,xGQE+	\0$+6W~\0 \0x\0;jϼZEB(((((((nOHh\0If_\0_+Ə?((\n(\n	q/`=+\0xVxWR{kuV$F$\'?~{Q@(aEP_\0G&\0?5k\0Z,+?\0$KP&}t\0ɤK\0H\0~~?i?\0?|uG@ (oN[o_k	?\0\'Aw\0buA,=\0b\0r_ǯ!S\0ZyQE4\0^x~Vbk5wSk\0/c\0_1\0BAV_(%|41ᬂ[qM\0:;\0X~Q@\\_^^~3/i7i(8R|3z>4I_AEP2{+quymiV=ޙ fM4\0#\0l-vxRRqAz\0/c\0_1\0B@wz\0\nsk?%\0	\rXf+Xr#:<@1F\rg\rEBM8>$\0T\0\0aooğ1j?43h\n=#o\0;7\0~{\0cZXӟp\0\0f?sW~ӟp\0\0f?sP*(t\0`4_\0J%\0>_(3:kSA\'WJ\0?+\0,\0\n_\0PPQEg ?Yӿ+Ѷל\0@س:W\0\0$6?(\nk[\0G\0`\0*)QE?\\?o#\0%\\xkx\0j7M5\0+O\rA=O*(N\0_.Q\0+\0E%~\0]\0_WLz[\nm\0&\0\0:W\nm\0&\0\0:	?h\n\0ؗNc\0ZB%\0e\0a\0_sM?o\0CJOsM?o\0CJH(}\0\0o\08k4N\0Y\0A,~7I_\rF\0|9W/Ƌ}am6e7,2k[OS75@#+u?M\0\0\0ڛ\r\0\0s\r?B?!_ѵ=XO%_I\r3;;lr+j\0*wK_\r!0h?MC?\0FՍC?\0FPWr\rf\0^Y^,|6\0\0G-\0@RZ\r_\0%\Z^_xV\0eҞ2h1akWvT30rڛ\r\0\0\n?:\0n\0ju?M\0\0\0sK\0Gk\0`\0҉ko\0\0a\0ҿcf>\"G<XmNXe2E#;W\0\'c\'\0EGQE|9\0Y脯6X;jWZ,H#QY\0{	gQ_T/;-[\Zw>?P>7[l\'ZD-:MɏH¿.~4dǟ<u%8ZHQdܒM\0(_$\0Gm_U\0\0_\0H>_)iZ	\n(\n(\n(\n(\n(\n(\n(W?W\"\n\0\0m&|\0~\0/\Z?j\0(,(\0(\0(\0(\0+?\0$KW~\0\0@\0կjϣn4	>:#ۧM\'_GQE>\0O\0]\0ث}\0{N[o_ނYz\0=_\0H瞿_B\"\0ا\0(\n.h\0\0\0!_\0 /\0Ah\0\0\0!_\0 /\0A˴QE8Gq\0b\0W_Ə#8\0sQ\0i+ߠQE.h\0\0\0!_փ\0 ];b\08??Wu\0N\0XA,Т(\'Z~\0\rGOğ1j?4\rQE7\0~{\0cZ?ٿK?r?#\0ͨ?#\0ͨTQE~\0h\0/K_\0ɣ:\0|Q-gt֧SZOʯ,\0\n_\0W\0X/*>\0\0>\0(?@~\0س:W>=<Hǈ]Ie7a)G@kƟo:~kVO	xGfK5L9;qSh|,M#4$1ff9,ORIh&?	c{8m-$UtΝ1B9|EQ]W߅>+kI\0~5`l,\0c@o$o\0k\0ImW/ \Z\0?\'K\nq8	uM]C\rU\ZF@MyoH\'g\0I栞QAA_G/~(\0\0kN\0_.Q\0+\0E&~S\0UX+`qJI\0hz>$K-&5}2)0}ڈ2{((ov?+\0b_:\0_\0Aj\0u?&\0\r\04?&\0\r\04(g\0Jo:W\0f\0\0CcW~9)_ś\0\Z^o}P!}Nޫs\0\\\0A5js\0\\\Z\0n\0\0\ZV5\0\0\ZAa]Z7__YKyoVP\nn\'됢?T\0\0mW͘/)\0rq\0[Ob(Eԣִ{\rb(4Q*C\0~}$wV%k~Fo:\0e~ܟv?0ZWk\0\0a\0ҁ¨\n\n/ߴoZ|es&Cmm#TP_Q>Mym\0QE\0QV\'Tu+}EӮo[[DK+~%o}\\\\9jN>Yؒ?@m/.#y`\Zgc\0I\'~\0/@_?\\[Xjvr?2eJ??_6nuPI_C\"F 8(c@~襢QE\0QE\0QE\0QE\0QE\0QE\0QE\0#tE\0cGM_{7J\'\n\0$__4AEPXQE\0QE\0QE\0QE\0WI\rZ\0薯\nO\0=\07\0a_	F?i?\0?|uG_OOĿ~(}\0\0\0V\0G[:Ǐ$\0:޿a׽\0$//z_=CE\0OW\09kQE\\\0/c\0_1\0BAv_+\0/c\0_1\0BAv_(%hq?\Z?xG\0I~Gq\0b\0WAH(\\\0/c\0_1\0B@wz\0\nqt\0A\0.\0^YEP\")տWOO\0F\Z\0V\0_?b?h\Z3h\n=#o\0;->11h%WNG\0P\0_;WNG\0P\0@#̨\n\n\0>_(+O\0Gu\0`ZϠN_X/*>\0\0>\0\0_T|\0`)\0}|AAEP0(\0g/\Z|3N̬CfY	\0xj-g-7>LSyR,\\|aI?fo)\0\r>v	جv+ݹ=\0w	7f\0hRa\0-v?ar+Ot8|5?\0[@>_?R^w-#Li,nS#;dPwFBm\0\0<A_\0\\xkx\0j~IQEO`1t\ZXBҼEw\'n,f:U2zڊ~\0?f~ \0k?lO(\'O^<[m6sE&epHd8S~w@X(\0//\0x{K\0\'_ñ\0-@7_7@QE	M\0\'J\0,\0pj/%7+\0س\0_ނX(Q@U??5js\0\\\Z\0n\0\0\ZV5\0\0\ZAaEVF\0$iOM>7Su/1?_so$wV%k~|O#J\0+[QE\005CrI\0\0i_ǩۓNOJ\n(((#6w9mAŦm-\"P&hl0ʜ07(-4<rFѰGBkπQ\0_;KDե?hqvxŮctgUSkN|Nɹ<;E}P{XG \0<]_>$ԵqMmŬ\"B@Y^\'	)ZQE\0QE\0QE\0QE\0QE\0QE\0QE\0#tE\0cGM_{7J\'\n\0$__4AEPY5]giXԷ@XVuSιxsZkmCKW_F\0!;\0}C\00Ri}Kp<mooY#_s!h((\n(\n(\nO\0=\07\0a_a_\0G&\0?5k\0Z3ۧM\'_Gs\0I\0`\0:Q@ϳ\0t*z^\0\0\0V\0G[:pE\0OW\09kc)\0G-<\n(??W{\0.\0E8Z??W{\0.\0EQ@\'Gع\04AH?\\Jw)Q@˚??Wu\0N\0X_.\0!{\0Bh?ӿ/\0PK4(E7\0t\0*p<I\0#\0_\0_\'Z~\0\rFmQAG~\0_\0a\0ůo\0;-j~?i8\03j9j~?i8\03j9yQAA_??ï\0e~\0h\0/K@5֠\0%G\0G\0J\0?(((W7G׎|Z~k\ZiנgQ1ā|	SkKq|%mkf[_S?s+SĞ/ih\Z۝[<nU=. xα<[@c#\Z}:mSNA+/VO\Z|[h<1Pm_KE/2DR?hG3ogï^5i6,mRA8UcSG<\ZO\n\0$_3\0S\0o#\0%\\xkx\0j~IQEQVm4F1nBcw>Z\0w?\0¢{8z]$?1@袊\0+\0b_:\0_\0Aj\n\0ؗNc\0Z?]m4\0\r+ny?m4\0\r+n (?N\0Y\0__Jo:W\0f\0\0CcWɣ&ߌ7sygq$NHnG Ww.O\0U|a\0˯.JGFM;>/\0U.?r|_\0]t&s\0\\_\0A5\0>/5Of@A.uZId3Xf\'$.jvzvz\n\nv(C4k$oKeeao?ro#\0{L\0H\0F|7\0B\0\0j/ޡ@UE\n(k⭏L]5-j4\0p\0\'\0*0\0\0@Dy4d\0\0_\0\'\0*0\0\0@X\0\0a\0ҿ[b]ST\0ez]_i\\L!gbI8ۓNOJEPPWIME\'­Deizs^[ʦVQ_F___!(%~J\0\\^.tg&nRx?\r\n+/¿|~!i͈W!*Ȭ2r?Z\0B\0տ3(YBa\0ck\0~MW/HW?m#L~襤_)h$(\0(\0(\0(\0(\0(\0(\0F_\0_+ƏnOHh\0I(\0!;\0~\0W\0]?Mgoe_mOa s_Z4\0CK.3\0>\0}_汐ԅo`	΍^/뚇uf.dV5Bt|He|?3c\"(BH}\\~\06>cįŮ-o^A{W\0@EP_\0G&\0?5k\0Z,+?\0$KP&}t\0ɤK\0H\0~~?i?\0?|uG@ (oN[o_~<\'\0.\0U\0a\0u?s?	n3YC7>޸u?m?kwƒxvaCM\0yus-G\Zfrp+2?>!ld39]Fo7|@1@>5P4QE.h\0\0\0!_\0 /\0Ah\0\0\0!_\0 /\0A˴QE8Gq\0b\0W_Ə#8\0sQ\0i+ߠQE.h\0\0\0!_ωP|#GLzPӍ;JWՂ3=@\0G\0|\0\nO\0`g֚$pʇ+$l Պ	|y_> /x>0[L$ǯaS}A$SOğ1j?5\0?ʿŪ\004fEzG\0%v9k\0_\0a\0ihڳOנue爾Z7wg#Yzq<P&z<M\0~%Vgivnn5|t&5WӦj\n<`#+kOƸn<YFm?Cr-[\0o: (W\0&\0DY_??ï\0&}Mju5$\0Q\0}\0\0\0?O\0\n\n\n(_\0AڽmxW\0&3^ASrZ4>}[N%n u\ZIܠ yk\nY\0&*OQE?\\?o#\0%\\xkx\0j7M5\0+O\rA=O*(M6vw^nma20ϭ~dEߊ?軚/¾Z\0i\0/HM\0\0\0dtU((+\0b_:\0_\0Aj\n\0ؗNc\0Z?]m4\0\r+ny?m4\0\r+n (?N\0Y\0q__Jrrx:\r}eYI<.vKOxw55?h\'\0ko>EIoeyhvb}H%Aa?(k^/|B]Ǿ\"u{-TGeP\0v(e?B?!_ѵ=X\'O\0vOWmg\0\"_(%N\0?\0#Uơ\0?\0#U(+\0e93X,S?>a\0?\n|1w/xE,t/ʋ\nW~ԟٶmOx͓0vz=Ā;OGAk\rG;x6\"2E#˵C18,q4cĚo>(xŚ3H\Zη{}jd]bgupGQEQ@??_K_\'ğ\0ɣ5\0[\0D7rI\0\0iA+s¨\n\n\0?BW_їß\'\05J	gD\0B\0տj_\0jӿU\0袊\n\ne\0A\0\n\0v5_H?!^0\0\0ځ3~襠(\0(\0(\0(\0(\0(\0(|\0~\0/\Z?jի*G_>h1q:u9g{ V$,h~FJYH ڒ4\0C\"Ww\0sN\01_%s\na5vN;Xu}mt\n]/MenڀiYO}k\"GÞռY\r7j:VVY%$-3\rtCkydQ:CX5\0\":}[X2i]}F`b	ؔT#=GoCs\0{\0oV%¿S\0M j\0DgѿOOĿ~}aeXϦVp]FчTaVSpAOګ	wKycoM& y]tzQLG\ZQzKrSYto\Zx_ѯ=>].{|	~##:uBv/̸8<74\\JJI#gv%((tq41UFK\0?($S_pF?Rqy>WKǟ|mxg/uE;tb@/#,j?\ntdU\n#!@5*;৆?\nhp1Y]ZشQE8Gq\0b\0W_қe\0?Egi6dX:8ocyL\0	~\"|DይST&q9}Ԛ((\0^c\0Ѕ~~_g~\'\0u\0KL\0\0P&~S||C\'6͹#ͅr=jo\rx\0\"m7ZK\06d`TU5_\\~?)\0·OyrN:7V>Vr?W\0V\0p<I\0#\0_\0_r+Oڣ	xftq9b墌jj+gGK\0^ү-6Iu<t9\0\\E\Z&i*n\rKIKIYUw|WOk~\'vyywr$\0\0VM\0QE\0QE}3_\0h}^ͼ9ake\\gY\r1}VmZmΡ^HDK+	$W\'|9|\r\ZiO:~Y/+V*HyL;7銞	R}rX|vypx	\0L\\kKcN?*_T|\0`)\0}|_\0`S\0(gGW\0&3^^%\0ɩ0\0׶AMſ\0dU_R4\0֛\0W} (\0\0}s\0-;\nku?\0\\Am,[	X*p${M\0F\0ɾƹ\0޾մ/^.t]sMqksz+pGւ^oE~K_?f\'2MY[6H7?F-~n\Z6RC״۝?PqksXuVS4_G/~(\0\0kN\0_.Q\0+\0E?vU\0ɠ,?vU\0ɠ,OZ(½}Ye%B#e:]oXĚoOKֺ4Kż$|pҍ?DѤ˒]\Z\"X#ց\\?m+[Wec1)8\0\'js|!Kk^y;=?Qǟ\0;wZoګ	xZxGŌ\Zi-Qd1yZTWS#ᇏ><7uܴ3\0CgGRUe$W-AFSO\nyqnLK-fh[w dvёIE\0QE\0U/KԵBIga2JpTrI50\0,qeFM&`viNF<#_/|UTkݥ*FX~cA[7DvU/?;k?xvD,!\"/ǻ6Z弐OđUуU{\Z_\09X<9-CZC ʳ18?\0f\0!F;iT>eFNU\\ռ7Y5a2ZdE9VS؃ި@ﯯKɵ\rJ{2M<G<f<}MAE\0QE(UPWC?4K_wޯvGmk@f&ߌş\ZJ]Fe5|G Ĥ+Ww߁_pxgᏅm)K啲{88\\7;bۮMF4Ct8G~<ݶwv_ZyWz#ҿvvoAX/%\"2bcQʸa;NT\\}(i\'7o?kGo\Zx>ҵʹAo,hA%dq|ABWeI\0\0\re\0\0?BPK:&\0*\0`;\0EWW\0NV\0F\0|EV\0`|1֭*0GmjUQ\0⛋IRIeVUYI \0go%?\0|hƺ*Z-:8*7SwOt42K;X 0Ċ08\0\0e~襤AEPEPEPEPEPEPEPRQ@+\0O\0\0]xE/	x@_RvAO.06Z5|E[Zjvzc8;bu\Zx~YoWl#NB;@?=Cw}\0W~e~ПK}KA#w&c\\xv@&~+\0?n:MW\0gW߉CX\Zt|T\nx}RǨiEKa_Wgc\'zVwxJ|m{ݙ\"6ЖTbgjOG\0^Z,Zښnbk~#=GCF|G\0{_臠:(\0#\Z\0-_\0{\0oV%?A&UKA\'\0_SCt#Vg3#?b\0_MV~BG# 2d1 c_OUtkO5>3ŽbHCYXA4mE~_KKxokpKM?[,~Cm<_\r~ ^xͷuy<N\'1҅IS<c⁜{SOh\ros5\0h<Srwe?7\'\0h~|?K,[ZBEʪ0(Ϟf_;5H}\0BIX{\0k}/qKA!EPEPHE-|PK\'fğZt*.$\\4l=T_7߶>/YgROBG?2\0f^hKHu85ea8#~~_g~\'\0u\0h\'ǋJ~/ISywlqq >O7WntO#W(Y礞t`\0|PQAGWV6&jjֈ\"p\0j\0Ep\0=vwZ}77[H4lUu9VR95oA-]^$P7g?\0KG\0?[|Hծ\\bH[H0Ѹk\0o|@6/<e𽮼_ϙ$Iu\0n5\0Z>:E&(a)+?\0r:|97<`,u		яǟ=y)~\'|\ZuPaMVE<}s_<KZZe#r\'c__Y_LoJ[oh}`7yO)`[ֿP#wkqxO᷅]=0\\BvP>In֞/5EE7݀_N3_qAo\r)oo\nEJ4EUG\0\08\0Tih$Lb()J\0\0~&x◆lKm.g;	&p[\')M~fM=/Wԫ)AkP+K3D,Ԗ#-,56\r3vD\\,7T\r3G8\r\0	nI$+kKIG178s=kŨ(\0kkĿb5?\0>Z\0ɠ,\nY\0&*OQE?\\?o#\0%k$o\0k\0ImZ	b^H~	i}(i!?.^P.W	9S{!Z~~߲٫U+/G@(k7x	_f\0]\0_WЭwA|M]xzMFbed?W|	>ǌ/>m7-xlL~m:ʿSo4\0\0Gל|+_\rxTo-.n$2QKp3P#w/M~^X&a\\E\nXD\0\r~\rAߍv(PSJv۰pN}>(3¾:.e\\hx/sy=+>+~7Six_wKH83fQA[^~Rx2;|	xpè_nF8<\'+:o 5K̗2n g!TtUT\0;\n§SGmm4#4\\8\0ԓ@>9|R$?hM{v;T )>p=X_ZNYhLmM#I#*(PY%y&xf7]_\0	QbuXv\0a_JP&p|3wrm.-U3G5S=&kxMgwd\0Y\'\\Dgbd_tEe*X`ЊYE~~?L\0N4.-|+I4t\0tsIrٗC]`6_\"qs|}}0?f{<Zw]wPl;Յ}1\0/az4.~6y`}pǭ}kiocov (P\0\0d_n^Ҧ۽zDs\0B\'){fZZZ	\n(mbx)MY/eťAq##nQ@\0_^\rogk\"i?!-{h\0NgQ\0|\rsksgq%弰O)>ƿ?E*^4ǌ͜ ncH8LCsO^jSyZ\\|mqS(\0W_dt9Awqs:t\'<ҁ\n-~\Z>nIb`.Keh8y8h¿V?f\'_+gm~4\"P\0Wqb\0I\nA#nq_JxW^Fk6:>d b1s=\\P+-\0bO\0	~;Y\"gĕݿ_\'0+:Mr>.~:#xfX-lZvzc?wI\0\0\re\0~uhVZƕzn,!Ybg#*} }cmB! 0I	\Z.\\x\0he?(\'ß|P?𾡮js:v-!/yx/1\0WUK}+Mth/vDlP[?;g_%b&%eO)ޅc\0h/|#v\Z~civK8(}u\'[ih\0(\0(\0(\0(\0(\0(\0(\0(\0(\0(\0nӨ5yKۿo8TP\n#\0=GCK\\ď\')?\0@uQAa_\0G&\0?5k\0Z,+?\0$KP&~/JZEKA!EPJUtX<Cdy/E rɍA\'hQE\0QE\0QE\0QE\0QE\0QE\0&+\nMK~6$-ýǇE\"+xFPze_|`K?ԼA%ʣʹhO2f?|eǷ~}7{lX9T\ryX&T&fx\\:+Ag\"@ѥTkZĂ+KHulg6#u_e[ʓGF! 9W/\0\r27vaI2H.	\0\0{%4\rWմ[+ˍ6S5#HFX2*յwvwO9bpzG{\rR@Q@Q@Q@&JZ(i֟>i7Hc%)TVV055\0\rߋg4=EK\'cHra\'SBhe_\n\0|#2];Wto-eV9SA^M1य़h>-\07\0K\"z\0|^o~K_Omqkk		i?I>!h)Q@$o\0k\0ImZk	\0&?\Z\0[zXQEj:M{&c$fb\07!x7.azIҬ/47dE&(\0k/cş4?\'7m\0 ?\0o}{ß	Pѵ\0u&U]Ac9l>p>n=IK..\r߄?gؚh%;uDÁ3b汬j Ԯ5sR/=̭$YMSMmR-3\nٷxne\0[(?/O\"M<]g$\0HfʝJe<|r7accg[uVֶ0CHFT\0\0=QA!EPJS|<̓ywczfm-PEPEPEPHV\0Vef@YT;o:\0(\0(\0(\0(\0J6KE\0&(\n(\n(\n(\n(\n(\n(\n(\n(\n(\n(\n(\n(\n(\n()7~>iEI{PI]<.-@9_ca\0$4@U0<{[Ӄ!P\08>|h[|8[_BN~Ή(9Jߌ_(|+__tMRi7(\\q4s\0#\Z\0-_\0zo|CYΚy\nap T?Bץ-\"(\0(\0(\0(\0(\0(\0(\0(\0(˿hoGf🉡^m+RE!rw\0ƟiOƚvZ	&D|AW=yo<xl\Ze\0Ϧjƿhmb2PnN=L6g|֚cn^,$N@ϸ<WPPQEo|Az?٤9$98^NJ\0NkGOO\Z7>Q8Cɢ?27׃9LA\0xG`#/$ȇ\"4~Q_~?Q|@[o|d\Z\',L}\0ht ;YT<rF J(\n(\n(\n(\n(Q@&~/\0iqbm\nƷ2Igv02rSa9Vɏ~(|	#_gn-mvG܎\Z\nW3᷁~*xn_/aw*A-3)z4F\0`F_@K;Q\"0	\0u.nl%	sJ]pU{\Z~\0#|G\0c\\\0Ko_r?HS?S3ͭ}\ZxO:%ltm2wIsy2ƣgcFI=fxG`1^P]o2&}U8N)${_\'RW\\[	|Kpb_mԞǣ7𞡨_귳jZ˙&F=Y,O=w+\0? (Izu䴳SГX5QAAEP_B߲_?hG>.qe*M[@:?kW^ H-]^)->_	GG4:!\raU@qՏRǒI\'ؾ🇼\r?~Ӵ.p0==I<I<ֽ|5]>\"\ZoMJFGwQE\0QE\0VG<YoPwh4Jo.l$QR{$Y\r~(x\0`ß[Z=ďBvȇ+8 pAE\0uTQE\0QE\0QE\0QE\0QE\0QE\0QE\0QE\0QE\0QE\0QE\0QE\0QE\0QE\0QE\0QE\0QE\0QE\0QE\0QE\0QE\0QE\0QE\0QE\0QE\0QE\0QE\0&~ |7??\rxG,5.N.@tn<2Gc]=%\0~QKx/~0=ωt`,By?n:ǚ\0S&YYψ\"6өF[g0C03~1g_<=u1×ks.d4S1*2/#pP;jӨQE\0QE\0QE\0QE\0QE\0QE\0QE\0QE\0QE\0QE|_7?_tPr,.A?B2 #i7\0ϨDaC9\"9GC؞ߵ5/^,n;m&R/0Z9ځ>WW^+^xγ\Z>LC1־%txݣJ0A(a^ht\'V:ׇyjNBz-О\0/˞k¨o\0\0	mPxkē|\ZG\02ٯkVd`YNAkςwioϪt_j<iޜtrJ	E|gkӵ\r`GZjYu9crx}+f$	HPVu}Q@Q@Q@Q@%-fľ6rInnu嘁@\Zk\0gCF>%owi*t1{8c_SONKźeLçr2ߗ\0W͞\0|z|q/|]&跎:۬}~daų=hj~`3x}-\'76k<ovl7^QyWz<G_wV\Z.]#A#$mɯѯ\0¯GMC:cQ7i7L{jq)y_7\0Rßm7o\ZO(3@#*(ǅ|GMr^o5mRAkiG?Aw\'ހ2?~$5OV:O,[\r:Al\'0{\0~>4Ck\nkY7P\\;g}B\0\0%i>t=Mk[xq\ZU\0*P ?_WhOG]KJ	\0c\0ҫ}[:Z/iڭVW#%$aTuO<^XC_YM]\0cS_v\0Ǥ	YG|=o|՗Q>#l=n\Z0ʉ93^_~\r>\'`Y⛯Zj^Uh6(^	<q9\"?P5|u}O$VrǲeHRC\'ۛ+qjY\0&/śwÿ&>oʱxU.BdRܪ+Z}}]AҬ#kމ\"?T/{^M/C:D\'ܘː=ȫ?c!|AmQ6\Zڼ?8i=&ap6{4%s\rñR\r.m<G}jV^Y̲*pjΡM{m,8f<\0s_\0s~ԗuo^Is:st1_W|~KύRo5<Lu<b8`(_)gRMĚf\r4YvUǺ+Ov~?5(4kL#X$Qf\rW3|=&cdrޖfܞ+\0iOG\nި݆`vV	p	A)Ac!Gb\r\0}E|\0?u%ëҥK%#:4r&OPrky?h	Oԗ\0ov#ӜfB\n?%?+ցyg??K_P3x/P]?PUd\n񜜩1H9zr+ԫ?%_V6~]STt=:W5{HkqĀd1j~~ZjoCrIn\nj(kfXA+zѢ0p04\0~~Ԥ{W<бW}Oib9Ua>\rܟNgƟm&obOa^o_\'}6\n-U昁}Xw1_·ךo/Z@i:֟\nf~agUhl\r\"YԵLS!@\\|c޾`lo\0^-\0|\'K	^nM#m%zMQ\0fM\'j&x-MԿ{kklo)V$NUT.s@X4\0*O{\r>}KvVV}%%\0~~67?UUaX;nx@]<MJ~v9{}b־2C\n\"6V<A@@}u߉4Ӵi2!fYDq^C|\0L\0Kb>Hw^O!_+YGFjOcgccF>`c<4iUWevlپx	6Ftݞ_\0avwfݸ3_kB\0៌4zN\r$g`*^W|SZ~vBnʃ;ʠ^uI-{vk旨hWrZiׅtݬQ׃[S#hφMj;8\0g	B,Σ8uO*wc5xRFN!\0;+W\Z|o>6-Iqb᡻Ohd{9|f4=.=FN<Դ/Lm\rҿg)\\F_Esqh:ͶB\"1Kh ~AZ|?~*֬.<ˋɖ(_Vf \n_ᮉ6oEp1g|x\0 Wy\n%o_toښ!8ǎ1ըּG\0>MI7Ti[Tzg}{_A*].6|uخ\0|MwI=IB1lnv,I5G__;\rBV:4_;G(\r@;_8>:B|a\0X:ɖp:v=gP\'[l[ږFϵt26W~\0_5ͤY?FMS|*\' \0~3jKkp+v/s±voO^4dD8dof\0\'T_EԼ]i\'ֳi<%}\n?\n~??ٞ9L4)YKO8,?+\'\07?L(QE\0QE\0QE\0QE\0QE\0QE\0QE\0QE\0QE\0QE\0Pt\0(\0(\0(\0(\0(\0(\0(\0(\0(\0(\0(\0+k\r{nQ\\\Zk|\0\Zc\0=$5}IE\0~\rX1_|9>p0MAqH>Wq\\E~x&x~xözƙp>hn;O̍\Z?>&ڼQ.m{LA6rЎSc\\biz\\i:Ɵqe{k!{{rF㪲AZQE\0\0jO/66үlw[>Tד@	\0ਫ਼\rՖ=;;:c\'^{k1}\ZVw4vbd\0z&ï~U?R4;淕t>(Noo}~_+6t~#siF$+\0UoGįz?I.2\nW:C\\ҴXk_^H6dzFPUO*֣2kVǘC\0~.hj<<]ŵ\0u7W$;?D\nY|x%˜biOy33bI=I,}o\n-@Ϧd:T\'*?,*v!;W>+|F[=rP]NLqd0=\n(aEP3G\"׼\'Z:ޗYH$6k\r6x\n6-yB/\"EC=TuBdw=gϊ~\Z{j-ħsE?g&#|pĚHvacn=8}s=B]Eiv?m\\B\"!N\Zf>Pz\0OEĺXO|/<רZY[Eeck*8@:\0=M@QE\n(\n\0V^><3Ei=ݝi.gbS=~Yc`:l5_>пOZ>ڪz0v<AWpæq@7\nWğ>îx>[[:kb/%mPC^.>ƅ[EZƚƎ=aɌJwȭ߀?u~ďxGo|cFU%$m	<#\0rz߀<C3^÷>Lm!QS\\>׼A[I׼IZimfK(Qݙ|UO	Z~2%\\	R<ZY8-]՗º|Xv픲\nGf.A|/g\0zFT6Ifc1$I4՟m\0Y\0M_	\0|A{	s;9/5\rjzq*ʪ;G,}_l~پ&/0Cu#n,me)j;\'\'r_N]P?dOnеἼX`Ba {M\r\Z-Z0k:DxBO-mt5:uƱj66\'Gj:f\n_Mxy<5\\\"I:1T6{q02|3]C\0?ďi0eq-(u\r\niXi:|Zz_|~DUo3q^6_><Ms^𞊰YE7(8@\0oC[:ݮ| zkKŞ׎?{_趚a<r)=E\07^04_x7^4Awi(tpFz+A|=|y\Zܬ//JG\Zu#rkc	\0OԮ5_{.\\ړ4#v}go৅|E<x&4rk{ cg=/&G?h~gO\ZY\0TjV-lKi\n\0E}M8a5HBP:\0ANG_Pk|(u·XX<ɟYTA¾{#?/i/\0xXү4s@*{T`r\njx[IԴ7V1T=O\0__Yg>9|׌<\'qhjn q=p$H\0	\0P3|2εvEu$qWͿK~(~׊,M5u[eĘ=<c(=\'d~o\\\'5oK~ˬ_3E$i~@gbpk{{{;xm`bP\ZTQ\0\0%~y|woM\'VcLԯbđ(껱1_xCWo<k:=2Ђ9VGc@^G|ez՞F$IFF^qH~<}?^[yGҕ|Tp{\n\0dx#I7Ə~bYjE*zn$~\0?\n3$^:\rֵA Kw>xe_q@ύbo\0??g7v?u[xYNzfDL\0Nú;?\0Q:;˦.r\\v̤e5ƗCSAEc]{cr}ez~~տ*//֍7;㡑H(x\Z$`,^Iu\'\0ு iڮqaGkpBHpx8&檿>*&j>K/[s澍9%9_>[&o/uvWF䁒B(\\~.M<_bwӠ`v|\Z9`\\ydgxxC\rf?.XӦ.^͂(8xq\0l,g?1\0sǶ{PZo?&}oE[WM,cy{ݸg_\0\0\nh<d{v֯f$!tedRcte$_\0d?S\\xBM^?*X%^w`R@P\0p3:%48_연Ԟʼʞ M\Z5ee!As\\?8zoxxVȶ㼼Bl@$+N8\0ʹѴ~\0	͎\0Z\"\'<^&thγL&0{PG\rFq\0jx4|U7?\ne8:>@,Q;_>SG<;^ǦY3IT\ZI$W1េ-V_;mxgl3FRdᔂ2h^\Z&mcwyȧV^c~~	Xխfe-FۦYrŏ\\`d˯&?t{Wǯl0=R9oQxb<Ap&I\0?f_~~$cs!0<eW?F>P\09~>:\0>\"\\uۛ8,opx.YJ )U_?c\0E/nt\0ġ#ִA\'d8P=͙cS$Te\0+s7QO\0~+4mZ@`X`\"}ӵY6qzW6F~?q%\0Wq+\r}CqG<\02osw}<k:+\0zmQ@((((((((((((((((((((((((()1b1\0i*V>8=ּ\nKo%	%oRoֺ(hfK{^)bbFUy*±ǫb=eA|	k}[>6/tUz\0f&?mǲ;WZޥ>\r&Mm[]BK*ThQE\0QE\0QE\0QE\0QE\0Q]W߅>+jؿkcŬYH2Hpv W۟\0ŉ\npi?3d٨%k0x{\Z\\GkgK!<\n?Z|{ֲt24-6UwHpJ7}?ïz*\'c\07*LIs]@s^oO~4M>?ekYێI(QE\0QE\0QE\0QE\0QE\0S&G#fJ(Hx8@\0<ck]g<[/M3äZ@|8<g`CE}ZnZ=6V0(8P\0\0*\0QE\0QE\0QE\0QE\0W~b~\r	eh_fe[oy-\rsǹwcZ([X~8û}Eo#iHyPN8ǭu4Q@Q@Q@Q@Q@Q@Q@Q@Q@Q@Q@Q@Q@Q@Q@Q@Q@Q@Q@Q@Q@Q@Q@Q@Q@Q@Q@Q@Q@Q@Q@Q@Q@Q@Q@Q@Q@Q@Q@Q@gď~.K7ZaDh4@\\C+?_JfԾ[),^ȱ賠ܿ%o}\0Esm\rB+8\0!hiaǐF-i]J:V +~&\0V^ieO46g¹\0yME}\0#	O[,\n~$Cz9)c[L=₾dG|9d׾䛭1[GfZZ_|IjKԯݶOEWx<vM\'\Zە˙O@ϝjK{{	&HԳ1=)k\0^|Rt~}=\0iZT\\~ef΁\\S	\0<&|9Fou6)+Fo&OR^PkMa<;z(gþҢ-:|Y۬1\0}\0giE\n(\n(\n(\n(\n(\n(\n(\n(\n(\n(\n(\n(\n(\n(\n(\n(\n(\n(\n(\n(\n(\n(\n(\n(\n(\n(\n(\n(\n(\n(\n(\n(\n(\n(\n(\n(\n(\n(\n(\n(\n(\n(\n(\n(\n(\n(\n(\n(\n(\n(\n(\n(\n(\n(\n(\n(\n(\n(\n(\n(\n(\n(\n(\n(\n(\n(\n(\n(\n(\n(\n(\n(\n(\n(\n(\n(\n(\n(\n(\n(\n(\n(\n(\n(\n(\n(\n(?',NULL);
INSERT INTO `usuario` (`identificacion`,`tipoDocumento`,`rol`,`nombre`,`apellido`,`telefono`,`direccion`,`correo`,`contrasena`,`estado`,`foto`,`codigo_recuperacion`) VALUES ('222','cedula de ciudadania','gerente','mariana','castillo','3222231035','cra 11 n 19 - 31','castillorodriguezmariana2@gmail.com','$2y$10$9yq9.LUjO9IDFeQgapOpf.8.3qsAkeBUXT7Jmv3vGM5MKYRD4sHcS','activo','','187048');
INSERT INTO `usuario` (`identificacion`,`tipoDocumento`,`rol`,`nombre`,`apellido`,`telefono`,`direccion`,`correo`,`contrasena`,`estado`,`foto`,`codigo_recuperacion`) VALUES ('321','cedula de ciudadania','gerente','Marlen','Salcedo','413235','Calle 5','marlen.salcedo.09@gmail.com','$2y$10$YzMHD71DatwGRMBpfL6cOuqf6c4aXzOoIBxZ.ORcQY3gyh24dMk0K','activo','',NULL);
INSERT INTO `usuario` (`identificacion`,`tipoDocumento`,`rol`,`nombre`,`apellido`,`telefono`,`direccion`,`correo`,`contrasena`,`estado`,`foto`,`codigo_recuperacion`) VALUES ('1941','cedula de ciudadania','gerente','Daniel','Lopez','3004401797','CRA 16A n 19 - 30','juanperez123@gmail.com','$2y$10$Mi1TySDAzfq6CKzyLqYnXeIDkWZa9tNWRj9KigO5vucA0jir3Itu.','activo','',NULL);

-- -----------------------------
-- Estructura de la tabla `verificaciones`
-- -----------------------------
DROP TABLE IF EXISTS `verificaciones`;
CREATE TABLE `verificaciones` (
  `id` int(11) NOT NULL AUTO_INCREMENT,
  `correo` varchar(45) NOT NULL,
  `codigo` varchar(6) NOT NULL,
  `fecha_envio` datetime DEFAULT current_timestamp(),
  PRIMARY KEY (`id`)
) ENGINE=InnoDB AUTO_INCREMENT=220 DEFAULT CHARSET=utf8mb4 COLLATE=utf8mb4_general_ci;

-- -----------------------------
-- Datos de la tabla `verificaciones`
-- -----------------------------
INSERT INTO `verificaciones` (`id`,`correo`,`codigo`,`fecha_envio`) VALUES ('3','diuejh45','168482','2025-05-28 10:03:38');
INSERT INTO `verificaciones` (`id`,`correo`,`codigo`,`fecha_envio`) VALUES ('4','diuejh45@gmail.com','334895','2025-05-28 10:03:51');
INSERT INTO `verificaciones` (`id`,`correo`,`codigo`,`fecha_envio`) VALUES ('50','ctskiller89gmailcom','711675','2025-06-04 10:56:08');
INSERT INTO `verificaciones` (`id`,`correo`,`codigo`,`fecha_envio`) VALUES ('51','ctskiller@89gmail.com','710289','2025-06-04 10:59:11');
INSERT INTO `verificaciones` (`id`,`correo`,`codigo`,`fecha_envio`) VALUES ('52','marlen.salcedo.09@gail.com','670445','2025-06-04 11:06:42');
INSERT INTO `verificaciones` (`id`,`correo`,`codigo`,`fecha_envio`) VALUES ('120','deicy.cao.v@gmail.com','667401','2025-06-06 21:16:04');
INSERT INTO `verificaciones` (`id`,`correo`,`codigo`,`fecha_envio`) VALUES ('146','alexluqueear@gmail.com','881140','2025-06-07 23:01:05');
INSERT INTO `verificaciones` (`id`,`correo`,`codigo`,`fecha_envio`) VALUES ('204','marlen.salcedo.09@gmail.com','588178','2025-06-12 07:57:16');
INSERT INTO `verificaciones` (`id`,`correo`,`codigo`,`fecha_envio`) VALUES ('211','deicycarovargas@gmail.com','795862','2025-06-12 16:50:25');
INSERT INTO `verificaciones` (`id`,`correo`,`codigo`,`fecha_envio`) VALUES ('213','danielabron297@gmail.com','543333','2025-06-12 17:04:56');
INSERT INTO `verificaciones` (`id`,`correo`,`codigo`,`fecha_envio`) VALUES ('214','danielbaron297@gmail.com','284106','2025-06-12 17:05:31');

SET FOREIGN_KEY_CHECKS=1;
